image_name,image_path,website,source,page,text,category,severity,cleaned_text
hotel_0.png,data\raw\agoda\hotel_0.png,agoda,Real,,"UMS Q Text search Your budget (per night) MIN MAX 7 Rs. 1,46,690 Popular filters for Mumbai Refrigerator Bathtub Balcony/terrace Smoking area Family/child friendly Restaurants Front desk [24-hour] Book without credit card OOO0O0000 Residency Hotel Andheri ***4 @ Andheri East, Mumbai - 0.4 km to center 196 m from Western Express Highway + 3.5 km from Juhu Beach @ Agoda Preferred @ Coupon Code WEEKENDSALE applied - Rs. 1,530 off! Hotel cliffton **** @ Andheri West, Mumbai - 3.6 km to center 2025 Award 918 m from Oshiwara Station + 3.5 km from Juhu Beach — Booked 29 times today = r>] @ Agoda Preferred @ Coupon Code WEEKENDSALE applied - Rs. 605 off! 8.0 Excellent 1,412 reviews 8.3 Location score ‘Be Rs. 1,530 applied Per night after taxes and fees 12,836 -66% Rs. 4,381 7.6 Very good 2,552 reviews (1) ‘HE Rs. 605 applied Per night after taxes and fees 12,351 -72% rs. 3,490 a + FREE CANCELLATION",,,ums text search your budget per night min max 7 rs 1 46 690 popular filters for mumbai refrigerator bathtub balcony terrace smoking area family child friendly restaurants front desk 24 hour book without credit card ooo0o0000 residency hotel andheri 4 andheri east mumbai 0 4 km to center 196 from western express highway 3 5 km from juhu beach agoda preferred coupon code weekendsale applied rs 1 530 off hotel cliffton andheri west mumbai 3 6 km to center 2025 award 918 from oshiwara station 3 5 km from juhu beach booked 29 times today agoda preferred coupon code weekendsale applied rs 605 off 8 0 excellent 1 412 reviews 8 3 location score be rs 1 530 applied per night after taxes and fees 12 836 66 rs 4 381 7 6 very good 2 552 reviews 1 he rs 605 applied per night after taxes and fees 12 351 72 rs 3 490 free cancellation
hotel_1.png,data\raw\agoda\hotel_1.png,agoda,Real,,"L_J Vile Parle (155) ai 7.8 Very good 2,981 reviews Hotel Parle International *** Panvel (105. "" @ Vile Parle, Mumbai - 1.6 km to center 7 QO (708) ‘ . ‘ A 165 m from Vile Parle Railway Station - 2.0 km from 8.5 Location score ivali i Dh, Juhu Beach oO Borivali (96) y ‘ Top attractions Z ' Booked 17 times today ° : ‘BE Rs. 454 applied oO Khar (89) Per night after taxes and fees Beach, Nightlife _759 16,749 -75% Show 25 more Vv Rs. 4,187 @ Coupon Code WEEKENDSALE applied - Rs. 454 off! + FREE CANCELLATION Payment options Ginger Mumbai, Andheri 6.6 Good (MIDC) * &* 2,514 reviews @ Andheri East, Mumbai - 0.5 km to center ONLY 3 LEFT oO Free cancellation (2122) (Pay at the hotel (1122) oO P. (1822) 1.2 km from Chakala - J.B. Nagar + 4.7 km from Juhu r) ay Now Beach 'H Rs. 634 applied oO Book without credit card (319) Booked 13 times today Per night after taxes and fees 14,422 -62% Star rating oO Agoda Luxe (11) [TD te tee tee (134) [te ete e (397) rs. 0,413 @ Coupon Code WEEKENDSALE applied - Rs. 634 off! + FREE CANCELLATION 8.2 Excellent 3,273 reviews Lemon Tree Premier, Mumbai International Airport **** M Andheri Fact Miumhai . City canter T1 eee A7R) 8.6 Location score",,,vile parle 155 ai 7 8 very good 2 981 reviews hotel parle international panvel 105 vile parle mumbai 1 6 km to center 7 qo 708 165 from vile parle railway station 2 0 km from 8 5 location score ivali dh juhu beach borivali 96 top attractions booked 17 times today be rs 454 applied khar 89 per night after taxes and fees beach nightlife 759 16 749 75 show 25 more rs 4 187 coupon code weekendsale applied rs 454 off free cancellation payment options ginger mumbai andheri 6 6 good midc 2 514 reviews andheri east mumbai 0 5 km to center only 3 left free cancellation 2122 pay at the hotel 1122 1822 1 2 km from chakala nagar 4 7 km from juhu ay now beach rs 634 applied book without credit card 319 booked 13 times today per night after taxes and fees 14 422 62 star rating agoda luxe 11 td te tee tee 134 te ete 397 rs 0 413 coupon code weekendsale applied rs 634 off free cancellation 8 2 excellent 3 273 reviews lemon tree premier mumbai international airport andheri fact miumhai city canter t1 eee a7r 8 6 location score
hotel_10.png,data\raw\agoda\hotel_10.png,agoda,Real,,travel_2.png,,,
hotel_11.png,data\raw\agoda\hotel_11.png,agoda,Real,,"- - 1 May 2026 2 May 2026 2 adults Q. Hotel Airport International SJ Friday 3 Saturday Be Overview Rooms Trip recommendations Facil Reviews Location > fom Rs. 0,760 QiZaVagT Sy Back to Top # WwW Bar Airport transter Family room W Luggage’storage Gauas ¢ Daily Internet/Wi-Fi fee: 337 INR Full policy About us Hotel Airport International—steps from Mumbai Domestic Airport and Vile Parle station—perfect for two travelers needing quick... Read more This property is in high demand! 16 travelers have booked today. Select your room Q We price match! Email property WY Free cancellation @ Pay at the hotel od Non-smoking BA Twin Bed it City view Cj Quick Answers =",,,1 may 2026 2 may 2026 2 adults hotel airport international sj friday 3 saturday be overview rooms trip recommendations facil reviews location fom rs 0 760 qizavagt sy back to top www bar airport transter family room luggage storage gauas daily internet wi fi fee 337 inr full policy about us hotel airport international steps from mumbai domestic airport and vile parle station perfect for two travelers needing quick read more this property is in high demand 16 travelers have booked today select your room we price match email property wy free cancellation pay at the hotel od non smoking ba twin bed it city view cj quick answers
hotel_12.png,data\raw\agoda\hotel_12.png,agoda,Real,,"(J Double (333) [J Single/twin (290) King (184) [) Queen (178) (J Bunk bed (8) Popular with families oO Kids stay for free Location rating O 9+ Exceptional (52) O 8+ Excellent (244) O 7+ Very good (391) Looking for something special? 4 May 2026 Friday fF] 2 May 2026 2 adults — Saturday _ & 2025 Award Hotel cliffton **** 7.6 Very good @ Andheri West, Mumbai - 3.6 km to center 2,552 reviews 918 m from Oshiwara Station + 3.5 km from Juhu Beach ON EFT Booked 29 times today (1) ‘Be Rs. 605 applied @ Agoda Preferred Per night after taxes and fees ® Best price for 4-star properties 12,391 -72% ns. 3,490 a @ Coupon Code WEEKENDSALE applied - Rs. 605 off! + FREE CANCELLATION Hotel Sterling Executive *** New to Agoda @ Navi Mumbai, Mumbai - 13.8 km to center 1.1 km from Turbhe Railway Station ONLY 5 LEFT ‘BE Rs. 396 applied Per night after taxes and fees. 2,363 17% O @ Coupon Code WEEKENDSALE applied - Rs. 396 off! rs. 1 ;966 a",,,double 333 single twin 290 king 184 queen 178 bunk bed 8 popular with families kids stay for free location rating 9 exceptional 52 8 excellent 244 7 very good 391 looking for something special 4 may 2026 friday ff 2 may 2026 2 adults saturday 2025 award hotel cliffton 7 6 very good andheri west mumbai 3 6 km to center 2 552 reviews 918 from oshiwara station 3 5 km from juhu beach on eft booked 29 times today 1 be rs 605 applied agoda preferred per night after taxes and fees best price for 4 star properties 12 391 72 ns 3 490 coupon code weekendsale applied rs 605 off free cancellation hotel sterling executive new to agoda navi mumbai mumbai 13 8 km to center 1 1 km from turbhe railway station only 5 left be rs 396 applied per night after taxes and fees 2 363 17 coupon code weekendsale applied rs 396 off rs 1 966
hotel_13.png,data\raw\agoda\hotel_13.png,agoda,Real,,"Q Hotel Airport International 5 imay 2026 Overview Rooms Dee pnorws Executive Single Room 13 m7/140 ft? Max1adult 1 single bed & City view 'S Private bathroom (® Shower & Internet access — wireless ¥& Blackout curtains ®& Air conditioning @ Free bottled water & Refrigerator & Extra long bed Quick Answers Email property Trip recommendations = 2 May 2026 3 Saturday Location > Facil Reviews a 1 adult Room capacity exceeded @ © Free Cancellation @ Y Pay at hotele Y Parking vy Express check-in v Free WiFi See details a 1 adult Room capacity exceeded @ { Breakfast Included © Free Cancellation @ Y Book and pay now Y Parking vy Express check-in op Denn WARE: aR 2 adults Vv 1 room won Rs. 3,760 Back to Top BAT 569 -73% 1 room v 23,150 per night with taxes Book FREE Cancellation B44 569 -70% Last 3 rooms! 1room Vv KE Rs. 255 applied 23,420 Book per night with taxes FREE Cancellation Last 3 rooms!",,,hotel airport international 5 imay 2026 overview rooms dee pnorws executive single room 13 m7 140 ft max1adult 1 single bed city view private bathroom shower internet access wireless blackout curtains air conditioning free bottled water refrigerator extra long bed quick answers email property trip recommendations 2 may 2026 3 saturday location facil reviews 1 adult room capacity exceeded free cancellation pay at hotele parking vy express check in free wifi see details 1 adult room capacity exceeded breakfast included free cancellation book and pay now parking vy express check in op denn ware ar 2 adults 1 room won rs 3 760 back to top bat 569 73 1 room 23 150 per night with taxes book free cancellation b44 569 70 last 3 rooms 1room ke rs 255 applied 23 420 book per night with taxes free cancellation last 3 rooms
hotel_15.png,data\raw\agoda\hotel_15.png,agoda,Real,,"Crivago Destination x Check-in/out Guests and rooms | Mumbai 1 May - 2 May 2 Guests, 1 Room @) = Filters (1) Price & Re... V Price Vv Location Vv < city centre Breakfast included Free cancellation WiFi Parking Restaurant More stays you may like | We found 404 hotels from 180 sites How payments to us affect ranking (@) S x FabExpress Orange Suite *** at Agoda Ls a Hi @ 01.128 ratings) Y Free cancellation “ 9 3.1 km to City centre Our lowest price wNSlLE *~: Budget-friendly stay in Mumbai, 31,904 View > >"" — Inviting lobby with on-site fireplace Past week: %2,299 ean —~- Navi Mumbai ae iG %2,326 Booking.com a oe id ass v %2,314 Priceline N ; ; Treebo Tryst Widlor Boutique ell NN kh Treebo Hotels (Goo gl b i, Location data from OpenStreetMaps . ; Mboteot & Book direct with hotel 3 MapData 10km Terms Report a map error @® Very good (719 ratings)",,,crivago destination check in out guests and rooms mumbai 1 may 2 may 2 guests 1 room filters 1 price re price location city centre breakfast included free cancellation wifi parking restaurant more stays you may like we found 404 hotels from 180 sites how payments to us affect ranking fabexpress orange suite at agoda ls hi 01 128 ratings free cancellation 9 3 1 km to city centre our lowest price wnslle budget friendly stay in mumbai 31 904 view inviting lobby with on site fireplace past week 2 299 ean navi mumbai ae ig 2 326 booking com id ass 2 314 priceline treebo tryst widlor boutique ell nn kh treebo hotels goo gl location data from openstreetmaps mboteot book direct with hotel 3 10km terms report map error very good 719 ratings
hotel_16.png,data\raw\agoda\hotel_16.png,agoda,Real,,"@) Crivago Destination x Check-infout Guests and rooms Mumbai 7 May - 21 May 2 Guests, 1 Room = Filters (1) Sortby v Price v Location V Hot deals Hotels Rating: 8.0+ Near city centre Breakfast included Free cancellation * > We found 249 hotels from 180 sites How payments to us affect ranking @) ; Bneyand Bhiwandi 9 4.5 km to City centre 35,495 > Lael . . 276,933 total *% On-site restaurant with bar, Outdoor swimming pool with waterfall %5,120 Agoda v Locomo Mumbai - Stay Work Eat Hostelworld a v Free cancellation Hostel @ Excellent (2,537 ratings) . 5,775 Q 4.3 km to City centre %80,850 total > *: Expansive rooftop terrace with city a y , i 4 views, Thoughtfully designed dorms... %5,700 Booking.com v (Google Location data from Open EB MapData 10kmL—_______1 ""Terms Report a map error",,,crivago destination check infout guests and rooms mumbai 7 may 21 may 2 guests 1 room filters 1 sortby price location hot deals hotels rating 8 0 near city centre breakfast included free cancellation we found 249 hotels from 180 sites how payments to us affect ranking bneyand bhiwandi 9 4 5 km to city centre 35 495 lael 276 933 total on site restaurant with bar outdoor swimming pool with waterfall 5 120 agoda locomo mumbai stay work eat hostelworld free cancellation hostel excellent 2 537 ratings 5 775 4 3 km to city centre 80 850 total expansive rooftop terrace with city 4 views thoughtfully designed dorms 5 700 booking com google location data from open eb 10kml 1 terms report map error
hotel_17.png,data\raw\agoda\hotel_17.png,agoda,Real,,"/ Destination Crivago Mumbai = Filters (1) Sortby v Price Vv Location V We found 249 hotels from 180 sites (210 ratings) 9 10.3 km to City centre Ramee Guestline Hotel Dadar kak @ Very good (6,087 ratings) 9 7.4 km to City centre *~: Multiple on-site dining options, Wellness amenities including sauna Gluinanor Miumbkaj Garansan +++ Check-in/out 7 May - 21 May Hot deals Hotels Rating: 8.0+ & Book direct with hotel v Free cancellation Y Breakfast included 33,988 "" 255,837 total View Deal > Expedia v Free cancellation before 6 May 35,645 «9,083 379,035 total View Deal > %5,529 Agoda %6,813 MakeMyTrip Guests and rooms 2 Guests, 1 Room Near city centre Google’ Breakfast included Bhayandar EB Map Data @) Free cancellation * > How payments to us affect ranking @) Bhiwandi > Location data from Open 10km L______4 ""Terms Report a map error",,,destination crivago mumbai filters 1 sortby price location we found 249 hotels from 180 sites 210 ratings 9 10 3 km to city centre ramee guestline hotel dadar kak very good 6 087 ratings 9 7 4 km to city centre multiple on site dining options wellness amenities including sauna gluinanor miumbkaj garansan check in out 7 may 21 may hot deals hotels rating 8 0 book direct with hotel free cancellation breakfast included 33 988 255 837 total view deal expedia free cancellation before 6 may 35 645 9 083 379 035 total view deal 5 529 agoda 6 813 makemytrip guests and rooms 2 guests 1 room near city centre google breakfast included bhayandar eb map data free cancellation how payments to us affect ranking bhiwandi location data from open 10km 4 terms report map error
hotel_18.png,data\raw\agoda\hotel_18.png,agoda,Real,,"@) = Filters (1) Sortby v Price v Location V Hot deals Hotels Rating: 8.0+ Near city centre Breakfast included Free cancellation * > Crivago Destination x Check-infout Guests and rooms Map area 7 May - 21 May 2 Guests, 1 Room How payments to us affect ranking @) We found 296 hotels from 180 sites rooms with smart televisions 5,980 Agoda v Sky suites by Monarch *** CREREED Tip.com asai-Virar Good (1,008 ratings) Y Free cancellation > 9 Navi Mumbai, 13.3 km to Mumbai 5,403 - %4,502 of * Panoramic city and wetland views, 263,024 total Event and wedding facilities %4,495 Agoda v The Fern Residency Mumbai, Mir... hk Marriott Bonvoy & Book direct with hotel aw <A Location data from OpenStreetMaps EB MapData 20kmL—____1_ Terms_ Report a map error Google’ @® Very good (8 ratings)",,,filters 1 sortby price location hot deals hotels rating 8 0 near city centre breakfast included free cancellation crivago destination check infout guests and rooms map area 7 may 21 may 2 guests 1 room how payments to us affect ranking we found 296 hotels from 180 sites rooms with smart televisions 5 980 agoda sky suites by monarch crereed tip com asai virar good 1 008 ratings free cancellation 9 navi mumbai 13 3 km to mumbai 5 403 4 502 of panoramic city and wetland views 263 024 total event and wedding facilities 4 495 agoda the fern residency mumbai mir hk marriott bonvoy book direct with hotel aw location data from openstreetmaps eb 20kml 1 terms report map error google very good 8 ratings
hotel_19.png,data\raw\agoda\hotel_19.png,agoda,Real,,"Crivago Destination x Check-in/out Guests and rooms | Map area 7 May - 21 May 2 Guests, 1 Room @) = Filters (1) Sortby v Price Vv Location V Hot deals Hotels Rating: 8.0+ Near city centre Breakfast included Free cancellation X > We found 296 hotels from 180 sites How payments to us affect ranking @) %6,578 Irip.com Hotel Residency Andheri *** Expedia @©D very good (5,425 ratings) V Free cancellation before 6 May 36,233 <,860 Q 5.2 km to City centre 387,260 total w Deal > *~ Rendezvous restaurant with diverse cuisine, Dedicated fitness center %6,003 Agoda v Treebo Trend Kings Inn Vashi *** Treebo Hotels . Book direct with hotel ® Good (160 ratings) % Ook arece wit nore! v Free cancellation Y Breakfast included 9 13.4 km to City centre *: Essential laundry service, Convenient %2,270 Pe Sd _l Location data from OpenStreetMaps EB MapData 20kmL—____1_ Terms_ Report a map error Google’",,,crivago destination check in out guests and rooms map area 7 may 21 may 2 guests 1 room filters 1 sortby price location hot deals hotels rating 8 0 near city centre breakfast included free cancellation we found 296 hotels from 180 sites how payments to us affect ranking 6 578 irip com hotel residency andheri expedia very good 5 425 ratings free cancellation before 6 may 36 233 860 5 2 km to city centre 387 260 total deal rendezvous restaurant with diverse cuisine dedicated fitness center 6 003 agoda treebo trend kings inn vashi treebo hotels book direct with hotel good 160 ratings ook arece wit nore free cancellation breakfast included 9 13 4 km to city centre essential laundry service convenient 2 270 pe sd location data from openstreetmaps eb 20kml 1 terms report map error google
hotel_2.png,data\raw\agoda\hotel_2.png,agoda,Real,,"XS FF Very good (ills) Looking for something special? 485 Great for Groups #4 Great for Families & Workation Friendly Pets Allowed Near popular attractions oO Colaba Causeway (65) oO Gateway of India (55) oO Nariman Point (41) oO Mani Bhavan Gandhi Museum (33) oO Chhatrapati Shivaji Terminus (31) oO Juhu Beach (25) (J sri Sri Radha Gopinath Temple (17) @ Vasai, Mumbai - 35.0 km to center Sahara Star Hotel ***** @ Vile Parle, Mumbai - 1.2 km to center 1.1 km from Vile Parle Railway Station + 2.9 km from Juhu Beach Booked 55 times today @ Agoda Preferred Sold out on your dates! 8.0 Excellent 4,826 reviews 8.8 Location score @ MEGA SALE Per night after taxes and fees 38,992 -68% Rs. 12,567 + FREE CANCELLATION",,,xs ff very good ills looking for something special 485 great for groups 4 great for families workation friendly pets allowed near popular attractions colaba causeway 65 gateway of india 55 nariman point 41 mani bhavan gandhi museum 33 chhatrapati shivaji terminus 31 juhu beach 25 sri sri radha gopinath temple 17 vasai mumbai 35 0 km to center sahara star hotel vile parle mumbai 1 2 km to center 1 1 km from vile parle railway station 2 9 km from juhu beach booked 55 times today agoda preferred sold out on your dates 8 0 excellent 4 826 reviews 8 8 location score mega sale per night after taxes and fees 38 992 68 rs 12 567 free cancellation
hotel_20.png,data\raw\agoda\hotel_20.png,agoda,Real,,"@) = Filters (1) Sortby v Price Vv Location V Hot deals Hotels Rating: 8.0+ Near city centre Breakfast included Free cancellation X > Crivago Destination x Check-in/out Guests and rooms Map area 7 May - 21 May 2 Guests, 1 Room How payments to us affect ranking @) We found 296 hotels from 180 sites €B Excellent (8,808 ratings) v Free cancellation before 5 May 27,237 9,208 Q 3.8 km to City centre 31,01,316 total w Deal > *~ Multi-cuisine restaurant, Cinnamon, India's first SMART hotel %5,240 Agoda 7,003 Booking.com Preferred Hotels 2 Resort % Book direct with hotel © very good (8,181 ratings) Vv Free cancellation before 5 May v Breakfast included ) yy 9 Navi Mumbai, 13.8 km to Mumbai N | 4 ‘ SX Location data from OpenStreetMaps % Direct to Aksa Beach, Outd 39,561a € AG! Irece access 10 ssa Beach, OUICOOr ' w Deal > Cogs €B MapData 20kmL.__4 Terms Report amap error pool with poolside bar 31,33,850 total",,,filters 1 sortby price location hot deals hotels rating 8 0 near city centre breakfast included free cancellation crivago destination check in out guests and rooms map area 7 may 21 may 2 guests 1 room how payments to us affect ranking we found 296 hotels from 180 sites excellent 8 808 ratings free cancellation before 5 may 27 237 9 208 3 8 km to city centre 31 01 316 total deal multi cuisine restaurant cinnamon india first smart hotel 5 240 agoda 7 003 booking com preferred hotels 2 resort book direct with hotel very good 8 181 ratings free cancellation before 5 may breakfast included 9 navi mumbai 13 8 km to mumbai 4 location data from openstreetmaps direct to aksa beach outd 39 561a ag irece access 10 ssa beach ouicoor deal cogs 20kml 4 terms report amap error pool with poolside bar 31 33 850 total
hotel_21.png,data\raw\agoda\hotel_21.png,agoda,Real,,"/ Destination Check-in/out Crivago x Guests and rooms Map area 7 May - 21 May 2 Guests, 1 Room @) Free cancellation * > = Filters (1) Sortby v Price Vv Location V Hot deals Hotels Rating: 8.0+ Near city centre Breakfast included We found 296 hotels from 180 sites How payments to us affect ranking @) Hotel Suba International **** Expedia © Excellent (8,808 ratings) v Free cancellation before 5 May 9 3.8km to City centre 27,237 29,208 %1,01,316 total ww Deal > *~ Multi-cuisine restaurant, Cinnamon, India's first SMART hotel %5,240 Agoda 7,003 Booking.com The Resort ***** Loyalty deal. Preferred Hotels & Book direct with hotel © very good (8,181 ratings) Vv Free cancellation before 5 May v Breakfast included 9 Navi Mumbai, 13.8 km to Mumbai ] ~ Location data from OpenStreetMaps E I Google EB MapData 20kmL—____1_ Terms_ Report a map error _ =a eran",,,destination check in out crivago guests and rooms map area 7 may 21 may 2 guests 1 room free cancellation filters 1 sortby price location hot deals hotels rating 8 0 near city centre breakfast included we found 296 hotels from 180 sites how payments to us affect ranking hotel suba international expedia excellent 8 808 ratings free cancellation before 5 may 9 3 8km to city centre 27 237 29 208 1 01 316 total deal multi cuisine restaurant cinnamon india first smart hotel 5 240 agoda 7 003 booking com the resort loyalty deal preferred hotels book direct with hotel very good 8 181 ratings free cancellation before 5 may breakfast included 9 navi mumbai 13 8 km to mumbai location data from openstreetmaps google eb 20kml 1 terms report map error eran
hotel_22.png,data\raw\agoda\hotel_22.png,agoda,Real,,"Where to: vates” traveners: eee, ~ De Q Mumbai, Maharashtra, India | 8 Thu 7 May - Thu 21 May © 2travellers, 1 room Member Prices 200+ properties rovcwroncrervois (sin QE Continue with your booking > Feedback Guest Inn Residency View in a map Mumbai 32% off Compare properties 348-495 732,907 Get a side-by-side view of for 14 nights, 1 room up to 5 properties. Fully refundable 32,351 per night includes taxes & fees 5.6 47 reviews We have 1 left at this price Search by property name Select your room > .g. Marriott _Q 2g Mario The St. Regis Mumbai Mumbai 2 Pool Filter by Extended Stay at The Best Address Book for 3 nights & enjoy exclusive savings on food 2 havarana ena traatmante lamndry carvirac and Ct",,,where to vates traveners eee de mumbai maharashtra india 8 thu 7 may thu 21 may 2travellers 1 room member prices 200 properties rovcwroncrervois sin qe continue with your booking feedback guest inn residency view in map mumbai 32 off compare properties 348 495 732 907 get side by side view of for 14 nights 1 room up to 5 properties fully refundable 32 351 per night includes taxes fees 5 6 47 reviews we have 1 left at this price search by property name select your room marriott 2g mario the st regis mumbai mumbai 2 pool filter by extended stay at the best address book for 3 nights enjoy exclusive savings on food 2 havarana ena traatmante lamndry carvirac and ct
hotel_23.png,data\raw\agoda\hotel_23.png,agoda,Real,,"Excellent 4.8 | (66 Ratings) +% 2,193 taxes & fees Per Night",,,excellent 4 8 66 ratings 2 193 taxes fees per night
hotel_24.png,data\raw\agoda\hotel_24.png,agoda,Real,,gB Inaugural Offer: Special discount of 417 applied. Valid for first 5 bookings of this property,,,inaugural offer special discount of 417 applied valid for first 5 bookings of this property
hotel_25.png,data\raw\agoda\hotel_25.png,agoda,Real,,"CITY, AREA OR PROPERTY Goa, India __| 4Star __| Breakfast Included __| 3Star Price Per Night %0-%3500 = 3500 - = 7500 = 7500 - = 11500 = 11500 - = 15000 = 15000 - ¥ 30000 = 30000+ Your Budget Min to Max (70) (212) (120) (595) (343) (120) (51) (151) (92) CHECK-IN CHECK-OUT GUESTS Fri, 1 May 2026 Sat, 2 May 2026 2 Adults (80 Photos & Videos > ) (29 Photos & Videos > ) | Entire 3-Bedroom Serviced Apartment Couple Friendly v Book with 0 Payment v Free Cancellation till 24 hrs before check in +, Stunning beach access, spacious apartments, delightful homemade breakfast offered. ElsponsoreD Wc STARHOST Etereo Stays Luxury Apartments in Baga RL Likea4e ? Arpora | 2.6 km drive to Baga Beach | Entire 1-Bedroom Serviced Apartment Couple Friendly v Book with 0 Payment v Free Cancellation @) SEARC! Limited Time Offer =46;860 7,511 +2% 2,193 taxes & fees Per Night Excellent (44 Ratings) Limited Time Offer 25399 -9. 7Q2 Ask me anything! i A",,,city area or property goa india 4star breakfast included 3star price per night 0 3500 3500 7500 7500 11500 11500 15000 15000 30000 30000 your budget min to max 70 212 120 595 343 120 51 151 92 check in check out guests fri 1 may 2026 sat 2 may 2026 2 adults 80 photos videos 29 photos videos entire 3 bedroom serviced apartment couple friendly book with 0 payment free cancellation till 24 hrs before check in stunning beach access spacious apartments delightful homemade breakfast offered elsponsored wc starhost etereo stays luxury apartments in baga rl likea4e arpora 2 6 km drive to baga beach entire 1 bedroom serviced apartment couple friendly book with 0 payment free cancellation searc limited time offer 46 860 7 511 2 2 193 taxes fees per night excellent 44 ratings limited time offer 25399 9 7q2 ask me anything
hotel_26.png,data\raw\agoda\hotel_26.png,agoda,Real,,Limited Time Sale,,,limited time sale
hotel_27.png,data\raw\agoda\hotel_27.png,agoda,Real,,oe Explore the benefits before making your final decision! Secure your trip and travel worry-free,,,explore the benefits before making your final decision secure your trip and travel worry free
hotel_28.png,data\raw\agoda\hotel_28.png,agoda,Real,,ACT FAST! SINGLE UNITThis stay usually gets booked weeks in advance. Book now before it’s gone.,,,act fast single unitthis stay usually gets booked weeks in advance book now before it gone
hotel_29.png,data\raw\agoda\hotel_29.png,agoda,Real,,"Early Bird Deal a4 H44 £9,666",,,early bird deal a4 h44 9 666
hotel_3.png,data\raw\agoda\hotel_3.png,agoda,Real,,"Looking for something special? Great for Groups #4 Great for Families & Workation Friendly Sahara Star Hotel ***** @ Vile Parle, Mumbai - 1.2 km to center 1.1 km from Vile Parle Railway Station + 2.9 km from Juhu Beach Pets Allowed Near popular attractions Booked 55 times today oO Colaba Causeway (65) ® Agoda Preferred oO Gateway of India (55) oO Nariman Point (41) oO Mani Bhavan Gandhi Museum (33) [] Chhatrapati Shivaji Terminus (31) Aralia A Business Hotel Andheri MIDC x** @ Andheri East, Mumbai - 0.1 km to center 1.2 km from Chakala - J.B. Nagar Booked 23 times today @ Agoda Preferred oO Juhu Beach (25) (J sri Sri Radha Gopinath Temple (17) oO Marine Drive (16) Sold out on your dates! 8.0 Excellent 4,826 reviews 8.8 Location score @ MEGA SALE Per night after taxes and fees 38,992 -68% Rs. 12,567 + FREE CANCELLATION 7.9 Very good 1,579 reviews ‘Be Rs. 1,376 applied Per night after taxes and fees »",,,looking for something special great for groups 4 great for families workation friendly sahara star hotel vile parle mumbai 1 2 km to center 1 1 km from vile parle railway station 2 9 km from juhu beach pets allowed near popular attractions booked 55 times today colaba causeway 65 agoda preferred gateway of india 55 nariman point 41 mani bhavan gandhi museum 33 chhatrapati shivaji terminus 31 aralia business hotel andheri midc andheri east mumbai 0 1 km to center 1 2 km from chakala nagar booked 23 times today agoda preferred juhu beach 25 sri sri radha gopinath temple 17 marine drive 16 sold out on your dates 8 0 excellent 4 826 reviews 8 8 location score mega sale per night after taxes and fees 38 992 68 rs 12 567 free cancellation 7 9 very good 1 579 reviews be rs 1 376 applied per night after taxes and fees
hotel_30.png,data\raw\agoda\hotel_30.png,agoda,Real,,"Early Bird Deal 46675 € 10,995",,,early bird deal 46675 10 995
hotel_31.png,data\raw\agoda\hotel_31.png,agoda,Real,,B Inaugural Offer: Special discount of 279 applied. Valid for first 5 bookings of this property,,,inaugural offer special discount of 279 applied valid for first 5 bookings of this property
hotel_32.png,data\raw\agoda\hotel_32.png,agoda,Real,,"CITY, AREA OR PROPERTY Goa, India EXPLORE ON MAP Q is) Applied Filters CLEAR | Early Bird Deals | Suggested For You Early Bird Deals (J 5 Star (14) (J 4star (28) ia Breakfast Included (60) (| 3Star (18) CHECK-IN Fri, 1 May 2026 CHECK-OUT GUESTS Sat, 2 May 2026 2 Adults (S) Villa 5 3BHK Villa With Private Pool Nerul | 2.9 km drive to Candolim Beach | Entire 3-Bedroom Villa SEARCH Limited Time Offer v Free Cancellation z 4,621 Book with 20 Payment +2656 taxes & fees Per Night (13 Photos & Videos > ) New to MakeMyTrip (65 Photos & Videos > ) StayVista at Mai Ludvina Assagao | 5.8 km drive to Vagator Beach | Entire 3-Bedroom Villa Couple Friendly v Book with 0 Payment v Free Cancellation Early Bird Deal 328485 FON 965 Ask me anything! i",,,city area or property goa india explore on map is applied filters clear early bird deals suggested for you early bird deals 5 star 14 4star 28 ia breakfast included 60 3star 18 check in fri 1 may 2026 check out guests sat 2 may 2026 2 adults villa 5 3bhk villa with private pool nerul 2 9 km drive to candolim beach entire 3 bedroom villa search limited time offer free cancellation 4 621 book with 20 payment 2656 taxes fees per night 13 photos videos new to makemytrip 65 photos videos stayvista at mai ludvina assagao 5 8 km drive to vagator beach entire 3 bedroom villa couple friendly book with 0 payment free cancellation early bird deal 328485 fon 965 ask me anything
hotel_33.png,data\raw\agoda\hotel_33.png,agoda,Real,,gB Inaugural Offer: Special discount of 3000 applied. Valid for first 10 bookings of this property,,,inaugural offer special discount of 3000 applied valid for first 10 bookings of this property
hotel_34.png,data\raw\agoda\hotel_34.png,agoda,Real,,Limited Time Sale Special discount available on this property. Book by 21st April to save BIG!,,,limited time sale special discount available on this property book by 21st april to save big
hotel_35.png,data\raw\agoda\hotel_35.png,agoda,Real,,Congratulations! Exclusive Discount of INR 5643 Applied on your first booking SELECT TO AVAIL,,,congratulations exclusive discount of inr 5643 applied on your first booking select to avail
hotel_36.png,data\raw\agoda\hotel_36.png,agoda,Real,,Q@ Free cancellation till 1 hr of departure,,,free cancellation till 1 hr of departure
hotel_4.png,data\raw\agoda\hotel_4.png,agoda,Real,,"Your budget (per night) (On ©) MIN MAX Rs. Op Rs. 1,46,690 Popular filters for Mumbai oO Refrigerator (J Bathtub oO Balcony/terrace oO Smoking area (J) Famity/chitd friendly oO Restaurants (J Front desk [24-hour] oO Book without credit card Ramee Guestline Hotel Junu, Mumbai **** @ Juhu Beach, Mumbai - 3.5 km to center 894 m from J V P D Bus Station » 213 m from Juhu Beach @ Coupon Code WEEKENDSALE applied - Rs. 637 off! Sai Palace Hotel *** @ Andheri East, Mumbai - City center 385 m from Western Express Highway + 3.9 km from Juhu Beach f.2 Very gooa 1,908 reviews ONLY 5 LEFT @. ‘Bt Rs. 637 applied Per night after taxes and fees 20,922 -c9% Rs. 6,502 8.5 Excellent 993 reviews 8.9 Location score Sold out on your dates! A",,,your budget per night on min max rs op rs 1 46 690 popular filters for mumbai refrigerator bathtub balcony terrace smoking area famity chitd friendly restaurants front desk 24 hour book without credit card ramee guestline hotel junu mumbai juhu beach mumbai 3 5 km to center 894 from bus station 213 from juhu beach coupon code weekendsale applied rs 637 off sai palace hotel andheri east mumbai city center 385 from western express highway 3 9 km from juhu beach 2 very gooa 1 908 reviews only 5 left bt rs 637 applied per night after taxes and fees 20 922 c9 rs 6 502 8 5 excellent 993 reviews 8 9 location score sold out on your dates
hotel_5.png,data\raw\agoda\hotel_5.png,agoda,Real,,"Your budget (per night) vunu beacn Booked 25 times today MAX -{Rs. 1,46,690 Popular filters for Mumbai OOO000000 Avion Hotel **4 @ Vile Parle, Mumbai - 1.3 km to center 920 m from Vile Parle Railway Station + 2.7 km from Juhu Beach Refrigerator Bathtub Balcony/terrace Smoking area @ Coupon Code WEEKENDSALE applied - Rs. 497 off! Family/child friendly Restaurants Milan International Hotel **4 @ Vile Parle, Mumbai - 2.8 km to center Front desk [24-hour] 745 m from Santacruz + 1.4 km from Juhu Beach Booked 14 times today Book without credit card Boosted Per night after taxes and fees 18,935 -60% Rs. 7,560 + FREE CANCELLATION 6.8 Good 697 reviews 8.4 Location score Rs. 497 applied Per night after taxes and fees 16,266 -71% Rs. 4,750 + FREE CANCELLATION 6.4 Good 1,325 reviews (1) ‘BE Rs. 495 applied Per night after taxes and fees Pf AMRF —-na; A",,,your budget per night vunu beacn booked 25 times today max rs 1 46 690 popular filters for mumbai ooo000000 avion hotel 4 vile parle mumbai 1 3 km to center 920 from vile parle railway station 2 7 km from juhu beach refrigerator bathtub balcony terrace smoking area coupon code weekendsale applied rs 497 off family child friendly restaurants milan international hotel 4 vile parle mumbai 2 8 km to center front desk 24 hour 745 from santacruz 1 4 km from juhu beach booked 14 times today book without credit card boosted per night after taxes and fees 18 935 60 rs 7 560 free cancellation 6 8 good 697 reviews 8 4 location score rs 497 applied per night after taxes and fees 16 266 71 rs 4 750 free cancellation 6 4 good 1 325 reviews 1 be rs 495 applied per night after taxes and fees pf amrf na
hotel_6.png,data\raw\agoda\hotel_6.png,agoda,Real,,"motel supreme VOMIOrts - eee Your budget (per night) Mumbai Airport *** 160 reviews O-—_———— @ Andheri East, Mumbai - City center 8.1 Location score 1.0 km from Western Express Highway + 3.6 km from MIN MAX > eo, Rs. 640 applied Rs. 0}----- Rs. 1,46,690 Per night after taxes and fees 8,827 -57% Popular filters for Mumbai Rs. 3,760 @ Coupon Code WEEKENDSALE applied - Rs. 640 off! + FREE CANCELLATION oO Refrigerator oO Bathtub @g Spring Season Limited time offer oO Balcony/terrace Gulf Hotel Colaba *** 6.7 Good South Mumbai, Mumbai - 20.6 km to center 1,009 reviews 1.9 km from Churchgate Railway Station - 567 m from Gateway of India + 1.1 km from Nariman Point ONLY 3 LEFT Booked 19 times today eo, Rs. 327 lied 's. 327 applies oO Smoking area (J) Famity/chitd friendly Per night after taxes and fees 5,909 -21% rs. 4,681 A @ Coupon Code WEEKENDSALE applied - Rs. 327 off! + FREE CANCELLATION 7.0 Very good a ) oO Restaurants (J Front desk [24-hour] oO Book without credit card Ramee Guestline Hotel Khar",,,motel supreme vomiorts eee your budget per night mumbai airport 160 reviews andheri east mumbai city center 8 1 location score 1 0 km from western express highway 3 6 km from min max eo rs 640 applied rs 0 rs 1 46 690 per night after taxes and fees 8 827 57 popular filters for mumbai rs 3 760 coupon code weekendsale applied rs 640 off free cancellation refrigerator bathtub spring season limited time offer balcony terrace gulf hotel colaba 6 7 good south mumbai mumbai 20 6 km to center 1 009 reviews 1 9 km from churchgate railway station 567 from gateway of india 1 1 km from nariman point only 3 left booked 19 times today eo rs 327 lied 327 applies smoking area famity chitd friendly per night after taxes and fees 5 909 21 rs 4 681 coupon code weekendsale applied rs 327 off free cancellation 7 0 very good restaurants front desk 24 hour book without credit card ramee guestline hotel khar
hotel_7.png,data\raw\agoda\hotel_7.png,agoda,Real,,"; ; 4 May 2026 2 May 2026 Q. Jyoti Dwelling Hotel Friday | 3 Saturday Overview Rooms — 116 See photos Deluxe 20 m7/215 ft? + Max 2adults 1 double bed & City view © Private bathroom (® Shower & Wi-Fi [free] ® Air conditioning & Coffee/tea maker & Refrigerator j Quick Answers Email property Trip recommendations Location > Facil Reviews v raising v Free WiFi @ AGODA_SPONSORED - 2 465 off! See details Rewards & discounts ¥% Spring Season : 2 765 off! a 1 adult Room capacity exceeded @ ¥Y Non-refundable (Low price!) @ Y Book and pay now v Free fitness center access Y Parking v Free WiFi @ AGODA_SPONSORED - 2 261 off! See details Rewards & discounts aR 2 adults 1 room won Rs. 4,756 Back to Top per night with taxes Z48.207 -75% aK Rs. 260 applied 24,551 per night with taxes ifonly takes ""2 minutes Limited availability 1room Vv it only takes 2 minutes Limited availability",,,4 may 2026 2 may 2026 jyoti dwelling hotel friday 3 saturday overview rooms 116 see photos deluxe 20 m7 215 ft max 2adults 1 double bed city view private bathroom shower wi fi free air conditioning coffee tea maker refrigerator quick answers email property trip recommendations location facil reviews raising free wifi agoda sponsored 2 465 off see details rewards discounts spring season 2 765 off 1 adult room capacity exceeded non refundable low price book and pay now free fitness center access parking free wifi agoda sponsored 2 261 off see details rewards discounts ar 2 adults 1 room won rs 4 756 back to top per night with taxes z48 207 75 ak rs 260 applied 24 551 per night with taxes ifonly takes 2 minutes limited availability 1room it only takes 2 minutes limited availability
hotel_9.png,data\raw\agoda\hotel_9.png,agoda,Real,,"This price is guaranteed for... (0) 00:19:22 @ Parking le Great choice on price — this is the lowest rate at Jyoti Dwelling Hotel. @ We have limited availability at this price - book now! NEXT: FINAL STEP You won't be charged yet. @ Auto-applied coupon @ WEEKENDSALE Coupon applied Rs. 464.58 off We price match. Find it for less, and we'll match it! @ You saved Rs. 464.58 on this booking! 75% OFF TODAY Original price (1 room x 1 night) Rs. 19,626.20 Our price Rs_5,22T-13 WEEKENDSALE Coupon applied -Rs. 464.58 Bookina fees FREE",,,this price is guaranteed for 0 00 19 22 parking le great choice on price this is the lowest rate at jyoti dwelling hotel we have limited availability at this price book now next final step you won be charged yet auto applied coupon weekendsale coupon applied rs 464 58 off we price match find it for less and we ll match it you saved rs 464 58 on this booking 75 off today original price 1 room 1 night rs 19 626 20 our price rs 5 22t 13 weekendsale coupon applied rs 464 58 bookina fees free
airbnb_0.png,data\raw\airbnb\airbnb_0.png,airbnb,Real,,Lakefront Cabin 5 by Tranquil Stays © Prcesinckde al fees ¥1B.125 for rights Syearshosting | nn azr2006 72572006 Fury fends welcome Sguests Bring your pts along for thestay. ag] _______J Freocneelstontlere Ae ty ones a CSD —— Fe Report thisting Come stay at our Lakefront cozy cabin located on the banks of Pawna Dam. The cabins relocated in the most serene spot of Pawna Dam with the direct view of water from the front facade. Perfect for couples looking for tranquilocations.. The space: We have a total of 5 cabins placed next to each ather. The cabins are placedin sucha ‘manner that all of them get a view of the Dam.,,,lakefront cabin 5 by tranquil stays prcesinckde al fees 1b 125 for rights syearshosting nn azr2006 72572006 fury fends welcome sguests bring your pts along for thestay ag freocneelstontlere ae ty ones csd fe report thisting come stay at our lakefront cozy cabin located on the banks of pawna dam the cabins relocated in the most serene spot of pawna dam with the direct view of water from the front facade perfect for couples looking for tranquilocations the space we have total of 5 cabins placed next to each ather the cabins are placedin sucha manner that all of them get view of the dam
airbnb_10.png,data\raw\airbnb\airbnb_10.png,airbnb,Real,,"S Confirm and pay Proceed to payment You'll be directed to Razorpay to complete payment. By selecting the button, l agree to the booking terms. Continue to /Razorpay ® Cottage in Alibaug - Breeze Cottage 2 4 483(23) 43 Guest favourite Free cancellation Cancel before 21 April for a full refund. Full policy. Dates Change 22-25 Apr 2026 Guests Change 3adults Price details 3nights x 25,9151 177453 Taxes 27775 Total INR 18,5228 Price breakdown",,,confirm and pay proceed to payment you ll be directed to razorpay to complete payment by selecting the button agree to the booking terms continue to razorpay cottage in alibaug breeze cottage 2 4 483 23 43 guest favourite free cancellation cancel before 21 april for full refund full policy dates change 22 25 apr 2026 guests change 3adults price details 3nights 25 9151 177453 taxes 27775 total inr 18 5228 price breakdown
airbnb_11.png,data\raw\airbnb\airbnb_11.png,airbnb,Real,,"Qairbnb @ Anywhere — Anyweek Add guests 8 What you'll do After years reporting from stadium tunnels and press rooms, I've learned that matchday's electric VIP access to a LALIGA match with Isabel Forner Go behind the scenes at Mendizorroze Stadium with the renowned commentator. See the teams warm up from the sidelines, check out media-only areas, and watch a LALIGA EA Sports match from a VIP suite. Vitoria-Gasteiz - Performances ao 9 Hosted by Isabel Sports journalist and LALIGA expert Mendizorroza Stadium Vitoria-Gasteiz, Basque Country @ Official LALIGA experience Created to bring you closer to LALIGA Coming 30 Apr Become ahost",,,qairbnb anywhere anyweek add guests 8 what you ll do after years reporting from stadium tunnels and press rooms ve learned that matchday electric vip access to laliga match with isabel forner go behind the scenes at mendizorroze stadium with the renowned commentator see the teams warm up from the sidelines check out media only areas and watch laliga ea sports match from vip suite vitoria gasteiz performances ao 9 hosted by isabel sports journalist and laliga expert mendizorroza stadium vitoria gasteiz basque country official laliga experience created to bring you closer to laliga coming 30 apr become ahost
airbnb_12.png,data\raw\airbnb\airbnb_12.png,airbnb,Real,,"Qairbnb @ Anywhere — Anyweek Add guests 8 Becomeahost @ = Kayaking experience on the Chapora river. Join me for a kayaking adventure in the clean, idylic backwaters of the Chapora river. $498 - 220 reviews Revora - Water sports ao 9 Hosted by SoulCandy Tours Goa Local experienced kayaker (revora church) Revora, Goa What you'll do From 22,500 / guest Show dates",,,qairbnb anywhere anyweek add guests 8 becomeahost kayaking experience on the chapora river join me for kayaking adventure in the clean idylic backwaters of the chapora river 498 220 reviews revora water sports ao 9 hosted by soulcandy tours goa local experienced kayaker revora church revora goa what you ll do from 22 500 guest show dates
airbnb_13.png,data\raw\airbnb\airbnb_13.png,airbnb,Real,,"* 4.98 - 230 reviews Marcel ‘Watford, United kings corey Rupesh was extremely knowledgeable, friendly, ‘and responsible. He knows a lot about Goan history ‘and about the local fora & fauna, We basically floated about 5km downstream, on the Chapora River, and then kayaked back up to the starting... ‘Show more ‘Adharsh Sunnyvale, CA dette Fo vary Kayaking was truly the highlight of our Goa trip! Rupesh shared in-depth history about the river and the surrounding landin such an engaging way, we were completely captivated, We also learned lot ‘about the various birds around us, which made th... ‘Show more ‘Sumeet Berlin, Germany dette aowary 2026 ‘One of the best experiences overall. Location, kayaking, vibes, food were all perfect @ Anynere —Anyweek —Addquests 7, United King trite February 2026 Wow, that was so much more than a kayak tripll Lots of history, food, culture and wildlife all rolled in. Rupesh was super attentive, proactive and generous throughout which made it an amazing experience, not just an activity. One of the best... Show more GA Chloe Bristol, United King trite February 2026 Kayaking with Rupesh was the highlight of our time inGoa, The stretch of river we were on was Peaceful and we saw lots of wildlife, even though it was not early in the morning. Rupesh was a biliant guide, friendly and knowledgeable of the local.. Show more Somya Dharamshala, nia dette Janwary First of al, location was really beautiful. have been ‘to Goa for so many times before, but this experience was something really different. Specially | would recommend taking the early ‘morning slot for the kayaking. As there are lot of... Show more Show all reviews From 22,500 / guest Free cancellation Tomorrow, 16 April 748-9:30am Tomorrow, 16 April 720-9:45am Tomorrow, 16 April 75pm Friday, 17 April 748-2:30am Friday, 17 April 730-9:5am Show all dates Show dates 1S spots available 1S spots available 1S spots available 1S spots available 1S spots available Become ahost ®",,,4 98 230 reviews marcel watford united kings corey rupesh was extremely knowledgeable friendly and responsible he knows lot about goan history and about the local fora fauna we basically floated about 5km downstream on the chapora river and then kayaked back up to the starting show more adharsh sunnyvale ca dette fo vary kayaking was truly the highlight of our goa trip rupesh shared in depth history about the river and the surrounding landin such an engaging way we were completely captivated we also learned lot about the various birds around us which made th show more sumeet berlin germany dette aowary 2026 one of the best experiences overall location kayaking vibes food were all perfect anynere anyweek addquests 7 united king trite february 2026 wow that was so much more than kayak tripll lots of history food culture and wildlife all rolled in rupesh was super attentive proactive and generous throughout which made it an amazing experience not just an activity one of the best show more ga chloe bristol united king trite february 2026 kayaking with rupesh was the highlight of our time ingoa the stretch of river we were on was peaceful and we saw lots of wildlife even though it was not early in the morning rupesh was biliant guide friendly and knowledgeable of the local show more somya dharamshala nia dette janwary first of al location was really beautiful have been to goa for so many times before but this experience was something really different specially would recommend taking the early morning slot for the kayaking as there are lot of show more show all reviews from 22 500 guest free cancellation tomorrow 16 april 748 9 30am tomorrow 16 april 720 9 45am tomorrow 16 april 75pm friday 17 april 748 2 30am friday 17 april 730 9 5am show all dates show dates 1s spots available 1s spots available 1s spots available 1s spots available 1s spots available become ahost
airbnb_14.png,data\raw\airbnb\airbnb_14.png,airbnb,Real,,"ExperiencesinMumbai 21-22 Apr 3 guests Becomeahost @ = Originals Type» = Timeofday v8 Filters Mumbai Street Food and Local Mumbai Morning Markets: Flowers, Fish, Explore iconic sights Of Mumbai in Explore Mumbai's night life in an Explore Dharavi's hidden gems Explore Mumbai heritage Market Tour and More Four Hours Aircon Car 2hours-21and22 Apr land 22 Apr ""1 and 22. urs: land 22 Apr From 1,000 / guest 4: om 21,250 / quest -# 4.98.64 reviews From 31750 / guest # 494.68 reviews 13500 / quest 499-192 eviews om #356222978 / quest # 50-108 reviews Local culture andhistory > > Dharavi Slum Tour with Optional Dhobi Explore the Ancient Elephanta Caves Mumbai Sightseeing & Elephanta Caves Explore Mumbai Night Tour with Car Stroll through Mumbai's colonial past, Bandra Heritage Walk Guided Tour ghat Laundry Allinctusive Guided Tour & Guide 25hou 22Ap¢ 2Shours-21 and 22 Apr 2hours-21and22 Apr hours: 21 and 22 ‘hours -21 and 22 Apr From: From 3900 / quest om 3750 / quest -# 4.96 762 reviews jews m 88580-37650 / quest From #529935,400, © 2026 Airbnb, Inc. - Privacy - Terms - Company details @ English(IN) & INR Support &resources V",,,experiencesinmumbai 21 22 apr 3 guests becomeahost originals type timeofday v8 filters mumbai street food and local mumbai morning markets flowers fish explore iconic sights of mumbai in explore mumbai night life in an explore dharavi hidden gems explore mumbai heritage market tour and more four hours aircon car 2hours 21and22 apr land 22 apr 1 and 22 urs land 22 apr from 1 000 guest 4 om 21 250 quest 4 98 64 reviews from 31750 guest 494 68 reviews 13500 quest 499 192 eviews om 356222978 quest 50 108 reviews local culture andhistory dharavi slum tour with optional dhobi explore the ancient elephanta caves mumbai sightseeing elephanta caves explore mumbai night tour with car stroll through mumbai colonial past bandra heritage walk guided tour ghat laundry allinctusive guided tour guide 25hou 22ap 2shours 21 and 22 apr 2hours 21and22 apr hours 21 and 22 hours 21 and 22 apr from from 3900 quest om 3750 quest 4 96 762 reviews jews 88580 37650 quest from 529935 400 2026 airbnb inc privacy terms company details english in inr support resources
airbnb_15.png,data\raw\airbnb\airbnb_15.png,airbnb,Real,,"id ; + Mumbai's flavors at Aachen GUEESY ical train and taxi to iconic spots, savor snacks, non-vegetarian specialties, and Mumbai - Food tours edby ver Mumbai through its flavors by Ticket window 000 / quest bai, Maharashtra 000 / quest 000 / vest Show dates reseancélaton Become a host",,,id mumbai flavors at aachen gueesy ical train and taxi to iconic spots savor snacks non vegetarian specialties and mumbai food tours edby ver mumbai through its flavors by ticket window 000 quest bai maharashtra 000 quest 000 vest show dates reseanc laton become host
airbnb_16.png,data\raw\airbnb\airbnb_16.png,airbnb,Real,,"S Confirm and pay Book for just your group Make it private for free Qa Just you and your group will attend this experience. Learn more Proceed to payment You'll be directed to Razorpay to complete payment. By selecting the button, lagree to the booking terms and release and waiver. View Privacy Policy. Continue to /Razorpay Taste Mumbai's flavors at sunset Free cancellation Cancel before 20 Apr, 5:30pm (IST) for a full refund Date Tuesday, 21 Apr 2026 5:30pm -7:45pm Guests Change Sadults Price details 23,000 x 3 adults 29,000 Enter a coupon Total INR 29,000",,,confirm and pay book for just your group make it private for free qa just you and your group will attend this experience learn more proceed to payment you ll be directed to razorpay to complete payment by selecting the button lagree to the booking terms and release and waiver view privacy policy continue to razorpay taste mumbai flavors at sunset free cancellation cancel before 20 apr 5 30pm ist for full refund date tuesday 21 apr 2026 5 30pm 7 45pm guests change sadults price details 23 000 3 adults 29 000 enter coupon total inr 29 000
airbnb_17.png,data\raw\airbnb\airbnb_17.png,airbnb,Real,,"Visit hidden gems with a Mumbai local Ghours- 21 and 22 Apr From $2,250 / quest -* 50-10 reviews Mumbai Full Day City & Bollywood Tour Experience Shours-21and 22 Apr From 36,550 / quest Bandra Walking Tour: Fishing Village & Culture 2hours.21 and 22 Apr From £1850 / guest Explore Mumbai City Tour including Car 4thours-21 and 22 Apr From #799937,200 / quest peed’ Oe Company details Terms © 2026 Airbnb, Inc. - Privacy @ Experiences in Mumbai @ Originals Type v NU re Dharavi Slum and World’s Biggest Open- AirLaundry Shours 21 and 22 Apr From $950 / quest -# 4.95 -19 reviews Mumbai City Tour & Cooking Experience with Meal 6hours.21 and 22 Apr From 38550 / guest <€ Time of day wv 2-22 Apr Becomeahost @ 3guests Ca} Mumbai local transport tour 35hours-21 and 22 Apr 425 / quest Taste hidden gems of Mumbai street food Shours- 21 and 22 Apr From 32.378 / quest From over Mumbai's Soul with an Architect Guide Shours-21 and22 Apr From 8450 / quest Mumbai Full-Day Sightseeing and Dharavi Slum Tour 4hours-21 and 22 Apr From $2,850 / quest -# 50-3 reviews Taste Mumbai's flavors at sunset 25hours-21 and 22 Apr From 33,000 / guest Explore Mumbai Heritage Walking Tour 2Shours.21 and 22 Apr From 21330 / quest -#475-4reviews ® English (IN) = INR Support & resources V",,,visit hidden gems with mumbai local ghours 21 and 22 apr from 2 250 quest 50 10 reviews mumbai full day city bollywood tour experience shours 21and 22 apr from 36 550 quest bandra walking tour fishing village culture 2hours 21 and 22 apr from 1850 guest explore mumbai city tour including car 4thours 21 and 22 apr from 799937 200 quest peed company details terms 2026 airbnb inc privacy experiences in mumbai originals type nu re dharavi slum and world biggest open airlaundry shours 21 and 22 apr from 950 quest 4 95 19 reviews mumbai city tour cooking experience with meal 6hours 21 and 22 apr from 38550 guest time of day wv 2 22 apr becomeahost 3guests ca mumbai local transport tour 35hours 21 and 22 apr 425 quest taste hidden gems of mumbai street food shours 21 and 22 apr from 32 378 quest from over mumbai soul with an architect guide shours 21 and22 apr from 8450 quest mumbai full day sightseeing and dharavi slum tour 4hours 21 and 22 apr from 2 850 quest 50 3 reviews taste mumbai flavors at sunset 25hours 21 and 22 apr from 33 000 guest explore mumbai heritage walking tour 2shours 21 and 22 apr from 21330 quest 475 4reviews english in inr support resources
airbnb_18.png,data\raw\airbnb\airbnb_18.png,airbnb,Real,,"Behind the flame and fusion flavors by Erick Book with me and get $300 off this Aprill Use code CHEFS0CDMX at checkout (Limited time only!) Hurry! §, Automatically translated #50 - 18reviews fa From 26,478 / quest Minimum 11,336 to book Free cancellation Chef in Mexico City Provided at your home 9 & Anywhere Show dates ‘Any week Pizza class Learn to prepare traditional sourdough pizzas, served with appetizers and dessert. The pizza oven is provided in this offering, 26,478 / gue Taco omacase Dine on a 7-course omakase-style tasting menu featuring handmade tortillas. Tacos are prepared using traditional and modern technique... 210,257 / guest - Minimum 218,893 to book Fresh Pasta Class Learn to make your own fresh pasta and sauces with snacks and dessert included. 210,797 / guest - Minimum 218,893 to Fine dining tasting Feast on a 7-course Mexican fusion tasting menu prepared using traditional and modern techniques. This seasonal menu features fres... 217,274 / quest - Minimum 232,389 to book Become a host e",,,behind the flame and fusion flavors by erick book with me and get 300 off this aprill use code chefs0cdmx at checkout limited time only hurry automatically translated 50 18reviews fa from 26 478 quest minimum 11 336 to book free cancellation chef in mexico city provided at your home 9 anywhere show dates any week pizza class learn to prepare traditional sourdough pizzas served with appetizers and dessert the pizza oven is provided in this offering 26 478 gue taco omacase dine on 7 course omakase style tasting menu featuring handmade tortillas tacos are prepared using traditional and modern technique 210 257 guest minimum 218 893 to book fresh pasta class learn to make your own fresh pasta and sauces with snacks and dessert included 210 797 guest minimum 218 893 to fine dining tasting feast on 7 course mexican fusion tasting menu prepared using traditional and modern techniques this seasonal menu features fres 217 274 quest minimum 232 389 to book become host
airbnb_19.png,data\raw\airbnb\airbnb_19.png,airbnb,Real,,"Aaramghar Stays - 3BR Secret Garden w/ Breakfast Entire home in Pokharkarwadi, India ‘Miguests. Sbedrooms.Sbeds-3bathrooms, +500. reviews © Prcesinchde al fees $70,000 for2 nights Hosted by Aaramghar Stays a Superhost- 4yearshesting (exec eco srrnes ays72005 By Outsoorentertsoment oust ¥ ‘The sunbeds, pool tesco ring and BBQ are are rst forsumvrer tps esigned for staying coo! ae rarer) ary * ‘Beat the heat with the A/C, portable fan and ceiling fan. a ween C=» You canchackinwith the bulding state Youwontbe charged yet FE Report thiststing scape tothis charming 2-Bedroom Spanish-style chalet, nestled amit lush greenery and breathtaking mountain views. Designed with elegant tall celings and spacious interiors, the vila offers alarge living and dining area perfect for gatherings. Step outside to.enjoy the expansive garden, relax by the large private swimming pool, and soak in the serene natural suroundings. A perfect retreat for families and friends seeking comfort, space, and tranquility. The space..",,,aaramghar stays 3br secret garden breakfast entire home in pokharkarwadi india miguests sbedrooms sbeds 3bathrooms 500 reviews prcesinchde al fees 70 000 for2 nights hosted by aaramghar stays superhost 4yearshesting exec eco srrnes ays72005 by outsoorentertsoment oust the sunbeds pool tesco ring and bbq are are rst forsumvrer tps esigned for staying coo ae rarer ary beat the heat with the portable fan and ceiling fan ween you canchackinwith the bulding state youwontbe charged yet fe report thiststing scape tothis charming 2 bedroom spanish style chalet nestled amit lush greenery and breathtaking mountain views designed with elegant tall celings and spacious interiors the vila offers alarge living and dining area perfect for gatherings step outside to enjoy the expansive garden relax by the large private swimming pool and soak in the serene natural suroundings perfect retreat for families and friends seeking comfort space and tranquility the space
airbnb_2.png,data\raw\airbnb\airbnb_2.png,airbnb,Real,,"Premium 4BHK Stay | Calm + Spacious + Elegant @ Share © save Entire apartment in Bengaluru, India 8 guests - 4 bedrooms - 4 beds. 4 bathrooms '® Prices include allfees Guest One of the most loved homes on 497 33 20,083 for 2 nights favourite & — Airbnb, according to guests seen Reviews 5/1/2026 5/3/2026 Hosted by Siddarth ‘Superhost -8 months hosting guest Free cencelationbefore 30 Apa eo Designed for staying cool Beat the heat with the A/C and ceiling fan. Reserve",,,premium 4bhk stay calm spacious elegant share save entire apartment in bengaluru india 8 guests 4 bedrooms 4 beds 4 bathrooms prices include allfees guest one of the most loved homes on 497 33 20 083 for 2 nights favourite airbnb according to guests seen reviews 5 1 2026 5 3 2026 hosted by siddarth superhost 8 months hosting guest free cencelationbefore 30 apa eo designed for staying cool beat the heat with the and ceiling fan reserve
airbnb_20.png,data\raw\airbnb\airbnb_20.png,airbnb,Real,,"i Confirm and pay 1. Log in or sign up 2. Add a payment method 3.Review your reservation Aaramghar Stays - 3BR Secret Garden w/ Breakfast 45013) F Supethost Free cancellation Cancel before 6 August for a full refund. Full policy Dates change: 7-9 Aug 2026 Guests eam adult Price details 2nights x ®35,000.00 270,000.00 Taxes 212,600.00 Total INR 382,600.00 Price breakdown This property requires a 210,000.00 security deposit. twill be collected separately by the property prior toyour arrival or at check-in.",,,confirm and pay 1 log in or sign up 2 add payment method 3 review your reservation aaramghar stays 3br secret garden breakfast 45013 supethost free cancellation cancel before 6 august for full refund full policy dates change 7 9 aug 2026 guests eam adult price details 2nights 35 000 00 270 000 00 taxes 212 600 00 total inr 382 600 00 price breakdown this property requires 210 000 00 security deposit twill be collected separately by the property prior toyour arrival or at check in
airbnb_3.png,data\raw\airbnb\airbnb_3.png,airbnb,Real,,"Qairbnb 1H) Anyurere —Anyweek — Addguests @ Become ahost Premium 4BHK Stay | Calm Spacious Elegant Entire apartment in Bengaluru, India © Prcesinckce al fees 8 quests bedrooms. beds 4 bathrooms vont Jp caper aneg — Guestsovethi able stay Fe Report thiststing [Abright, spacious 4BHK wrapped in reenery—perfect for families, group stays & peaceful work trips. Enjoy cozy bedrooms, balcony coffee moments. foosbail/board",,,qairbnb 1h anyurere anyweek addguests become ahost premium 4bhk stay calm spacious elegant entire apartment in bengaluru india prcesinckce al fees 8 quests bedrooms beds 4 bathrooms vont jp caper aneg guestsovethi able stay fe report thiststing abright spacious 4bhk wrapped in reenery perfect for families group stays peaceful work trips enjoy cozy bedrooms balcony coffee moments foosbail board
airbnb_4.png,data\raw\airbnb\airbnb_4.png,airbnb,Real,,"Qairbnb Entire rental unit in Mapgaon, India 3 guests- 1bedroom- 1bed- bathroom +475. Treviews Oe Syearshosting By Outdoor entertsiment ‘The fresco dining and outdoor seting ae gret for summer trips. Q) Extraspacious Guests ovethis home's spaciousnes fora comfortable sty. © Paktortree Trisis oneofthefew places in thearea with free parking Welcome to Oasis, your cosy Alibaug hideout (3 ‘This sunfiled 18HK has a comfy bed, kitchenette, and breezy balcony for slow mornings Enjoy beach walks, breakfast at home, or work with fast WF S440 F9.720 for2nights Freocneelstontlere Ae Youwontbechargedyet Fe Reportthiststing Become ahost",,,qairbnb entire rental unit in mapgaon india 3 guests 1bedroom 1bed bathroom 475 treviews syearshosting by outdoor entertsiment the fresco dining and outdoor seting ae gret for summer trips extraspacious guests ovethis home spaciousnes fora comfortable sty paktortree trisis oneofthefew places in thearea with free parking welcome to oasis your cosy alibaug hideout 3 this sunfiled 18hk has comfy bed kitchenette and breezy balcony for slow mornings enjoy beach walks breakfast at home or work with fast wf s440 f9 720 for2nights freocneelstontlere ae youwontbechargedyet fe reportthiststing become ahost
airbnb_5.png,data\raw\airbnb\airbnb_5.png,airbnb,Real,,"« Confirmand pay 1. Log in or sign up 2. Add a payment method 3.Review your reservation Hillview 6 475(118) Free cancellation Oasis | Cozy 1BHK With Cancel before 21 April for a full refund. Full policy Dates 22-24 Apr 2026 Guests adults Price details 2nights x %5700 Long stay discount Taxes Total INR Price breakdown ® 2180.00 discount appi change: change: =1400 -81680 %486 10,206",,,confirmand pay 1 log in or sign up 2 add payment method 3 review your reservation hillview 6 475 118 free cancellation oasis cozy 1bhk with cancel before 21 april for full refund full policy dates 22 24 apr 2026 guests adults price details 2nights 5700 long stay discount taxes total inr price breakdown 2180 00 discount appi change change 1400 81680 486 10 206
airbnb_6.png,data\raw\airbnb\airbnb_6.png,airbnb,Real,,"Price breakdown 2nights - 22-24 Apr =11,400 Long stay discount -21,680 This discount is available because you are staying for 2 days. Taxes Total INR 10,206",,,price breakdown 2nights 22 24 apr 11 400 long stay discount 21 680 this discount is available because you are staying for 2 days taxes total inr 10 206
airbnb_7.png,data\raw\airbnb\airbnb_7.png,airbnb,Real,,"Villa Rustica, Heritage Cottage In A Coconut Grove ® Share © save Entire villa in Donde Tarf Nandgaon, India 4 guests - 2 bedrooms - 3 beds: 2 bathrooms +4.75- 208 reviews © Rare find! This place is usually booked 41,083 for 3 nights a Hosted by Rajan : 7 years hosting contonn cocxour 4/22/2026 4/25/2026 §% —_Furryftiends welcome quests Bring your pets along for the stay. ~ ottawa ‘The firepit, alfresco dining, BBQ area and outdoor seating are great for summer trips. You won't be charged yet",,,villa rustica heritage cottage in coconut grove share save entire villa in donde tarf nandgaon india 4 guests 2 bedrooms 3 beds 2 bathrooms 4 75 208 reviews rare find this place is usually booked 41 083 for 3 nights hosted by rajan 7 years hosting contonn cocxour 4 22 2026 4 25 2026 furryftiends welcome quests bring your pets along for the stay ottawa the firepit alfresco dining bbq area and outdoor seating are great for summer trips you won be charged yet
airbnb_8.png,data\raw\airbnb\airbnb_8.png,airbnb,Real,,"& Cottage in Alibaug - Breeze Cottage 2 @ Share © save Entire cabin in Boris, India 4 guests - 1 bedroom - 2 beds -1 bathroom Guest One of the most loved homes on g favourite Airbnb, according to guests Hosted by Tanvi Superhost -5 years hosting ‘A, Amazing outdoor space Guests mention the pool and garden as highlights. 217,746 for 3 nights asso “ime | Si rewey Reviews Sauests Free cancellation before 21 April Reserve You won't be charged yet",,,cottage in alibaug breeze cottage 2 share save entire cabin in boris india 4 guests 1 bedroom 2 beds 1 bathroom guest one of the most loved homes on favourite airbnb according to guests hosted by tanvi superhost 5 years hosting amazing outdoor space guests mention the pool and garden as highlights 217 746 for 3 nights asso ime si rewey reviews sauests free cancellation before 21 april reserve you won be charged yet
airbnb_9.png,data\raw\airbnb\airbnb_9.png,airbnb,Real,,"S Confirm and pay 1. Login or sign up 2. Add a payment method 3. Review your reservation ~ % Cottage in Alibaug - A Breeze Cottage 2 MB) 4.83(23) 43 Guest favourite Free cancellation Cancel before 21 April for a full refund. Full policy Dates Change 22-25 Apr 2026 Guests Change adults Price details nights x %5,915. 177453 Taxes ws Total INR 18,5228 Price breakdown",,,confirm and pay 1 login or sign up 2 add payment method 3 review your reservation cottage in alibaug breeze cottage 2 mb 4 83 23 43 guest favourite free cancellation cancel before 21 april for full refund full policy dates change 22 25 apr 2026 guests change adults price details nights 5 915 177453 taxes ws total inr 18 5228 price breakdown
cleartrip_0.png,data\raw\cleartrip\cleartrip_0.png,cleartrip,Real,,"Gicleartrip 1 ruprort company @ Offers Business» — «@ My Trips Support Save max on Flights! Upto 25% off | Flight from 21,499 | Upto 100% off on seats/meals CTFKSBIC suve Now Flat 10% off O oneway (© Round trip & 1 Adult, Economy ~ 7 Track flights: > BOM - Mumbai, IN © % Bir- Bengaluru, IN More offers View all Tue, Jul 28 Return Get a Flat 7% off on Flights fusinss Fares by Cesrtip ‘Student Senior tizen ‘Armed forces Get a Flat 7% off on Flights with with OO eretzeecaccisn rages KALE Ernsogooge discounts Uplovean ct Oputeoo st tas Bank My Zone & Neo Corsa! Book Now! _} Non-stop flights only ‘Search Flights Know more < > COuEIE 2 Ty Up to 20% off m Flat 10% off “vin Far is nner Up to 25%0 Flat 12% off Up to 710,000 off Up to 75000 Off, Up to 22500 off. is ’ - oot Ne ig ms - cn comes i",,,gicleartrip 1 ruprort company offers business my trips support save max on flights upto 25 off flight from 21 499 upto 100 off on seats meals ctfksbic suve now flat 10 off oneway round trip 1 adult economy 7 track flights bom mumbai in bir bengaluru in more offers view all tue jul 28 return get flat 7 off on flights fusinss fares by cesrtip student senior tizen armed forces get flat 7 off on flights with with eretzeecaccisn rages kale ernsogooge discounts uplovean ct oputeoo st tas bank my zone neo corsa book now non stop flights only search flights know more coueie 2 ty up to 20 off flat 10 off vin far is nner up to 25 0 flat 12 off up to 710 000 off up to 75000 off up to 22500 off is oot ne ig ms cn comes
cleartrip_1.png,data\raw\cleartrip\cleartrip_1.png,cleartrip,Real,,"One way v — BOM- Mumbai, IN BLR - Bengaluru, IN Tue, Jul 28 ‘Traveller, Economy (Business Fares by Cearip student Senior etzen Armes forces ) fret sen tet Eotoem,Secamts | Upioteooa Cpranono ot 143 of 143 flights @ W710 25% off @ Setup 10 20% off @ UPt0 25% off + 3 Mont 'SBIMAX | wan Sol crean cares TRAVELMAX | Appicaie ona payments. 'SBIEMI | on soicreatcar wi ctupgrade Get free/discounted seat & meal ¢ Mon.27 Jul Tue, 28Jul Wed, 29.Jul Thu, 30Jul_-— Fr, 31Jul_ Sat O1Aug Sun, 02Aug with Cleartrip upgrade 26,304 25,531 25,525 25,525, 85,525, 25,308 25,525, ‘Show CT upgrade flights _( warece fights ID) siting Departure Duration ‘arial Price Partial Refundable (OD Mumbaichatrapati.. —&5,537 oss Tstop 12400 off with FESTIVEMAX (CO Navi Mumbai,NaviM.. %,799 = © include check-in baggage © Show multi-aitine itineraries Details CO & Airindia xpress €5,798",,,one way bom mumbai in blr bengaluru in tue jul 28 traveller economy business fares by cearip student senior etzen armes forces fret sen tet eotoem secamts upioteooa cpranono ot 143 of 143 flights w710 25 off setup 10 20 off upt0 25 off 3 mont sbimax wan sol crean cares travelmax appicaie ona payments sbiemi on soicreatcar wi ctupgrade get free discounted seat meal mon 27 jul tue 28jul wed 29 jul thu 30jul fr 31jul sat o1aug sun 02aug with cleartrip upgrade 26 304 25 531 25 525 25 525 85 525 25 308 25 525 show ct upgrade flights warece fights id siting departure duration arial price partial refundable od mumbaichatrapati 5 537 oss tstop 12400 off with festivemax co navi mumbai navim 799 include check in baggage show multi aitine itineraries details co airindia xpress 5 798
1_home.png,data\raw\easemytrip\1_home.png,easemytrip,Real,,"Av =Sindiav © & EMTMate © EMTDesk @EMTRoyale { Explore Bharat Join EMTPro com, ‘Agent travel solution Corporate travel program For Prime Members A Tour to India Enjoy More Benefits — Bharat ka Travel App — SFlights [{jHotels trains fHeus Wetolidays cabs @ activities PB) visa ooMore FROM To DEPARTURE DATE RETURN DATE TRAVELLER & CLASS Delhi Mumbai 13 apr2o26 Book a round trip [traveller v SEARCH [DEL] Indira Gandhi international Airport [80M] Chhatrapati Shivaji International A. Monday to save more Economy EMT Airport Experience @ S7 Best Flight Deals { Monuments ©) Metro GiftCards (J emTcards (6) Forexcash&Cards ( Exclusive Offers Bank Offers Flight Hotel Bus Holidays Cabs",,,av sindiav emtmate emtdesk emtroyale explore bharat join emtpro com agent travel solution corporate travel program for prime members tour to india enjoy more benefits bharat ka travel app sflights jhotels trains fheus wetolidays cabs activities pb visa oomore from to departure date return date traveller class delhi mumbai 13 apr2o26 book round trip traveller search del indira gandhi international airport 80m chhatrapati shivaji international monday to save more economy emt airport experience s7 best flight deals monuments metro giftcards emtcards 6 forexcash cards exclusive offers bank offers flight hotel bus holidays cabs
hotel_0.png,data\raw\easemytrip\hotel_0.png,easemytrip,Real,,"14/04/2026 15/04/2026 ag ‘= SY Zip By Spree Hotels Brookefield Excellent rs kok Bengaluru Urban>Bengaluru>AECS Layout»Brookefield | 9 Explore Map = y ie Couple Friendly * restaurant « wifi + 24-hour room service + gym GD ese Z 4,503 * 15% Discount on Food & Soft Beverages night * Flat 2500 Cashback on Bookings above 25000 View Rooms “Subject avaiabiny © scan QR to Book this hotel atz 4,401 <>) HSBC Bank Credit Card EMI - Get INR 1265 Off > Login to Book at 2 4,502 Q__ Enter hotel name or location Filters Reset g Lowest Price Guarantee e cheaper than anywhere Last Minute Deals \ Spree Resort At Century Wintersun Excellent Ba reviews kk Bengaluru Urban>Bengaluru Couple Friendly * restaurant « wifi + 24-hour room service * 10% Discount on Food & Soft Beverages * Flat 2500 Cashback on Bookings above 25000 “Subject avaiabiny @ scan QR to Book this hotel at @4,258 <> HSBC Bank Credit Card EMI - Get INR 1224 Off",,,14 04 2026 15 04 2026 ag sy zip by spree hotels brookefield excellent rs kok bengaluru urban bengaluru aecs layout brookefield 9 explore map ie couple friendly restaurant wifi 24 hour room service gym gd ese 4 503 15 discount on food soft beverages night flat 2500 cashback on bookings above 25000 view rooms subject avaiabiny scan qr to book this hotel atz 4 401 hsbc bank credit card emi get inr 1265 off login to book at 2 4 502 enter hotel name or location filters reset lowest price guarantee cheaper than anywhere last minute deals spree resort at century wintersun excellent ba reviews kk bengaluru urban bengaluru couple friendly restaurant wifi 24 hour room service 10 discount on food soft beverages flat 2500 cashback on bookings above 25000 subject avaiabiny scan qr to book this hotel at 4 258 hsbc bank credit card emi get inr 1224 off
hotel_1.png,data\raw\easemytrip\hotel_1.png,easemytrip,Real,,Hurray You Got 2500 Cashback,,,hurray you got 2500 cashback
hotel_2.png,data\raw\easemytrip\hotel_2.png,easemytrip,Real,,"S fe) EaseMyTrip,, 2 & & 20 — Bharat ka Travel App Flights Hotels Trains Bus Holidays. Cabs Activities Visa More |. Review and Travellers > 2 Payment Zip By Spree Hotels Brookefield *** Site 627, Aecs Layout, Kundalahalli, Brookefield, Bengaluru, Karnataka 560037 Check-In Check-Out Guest 14 Apr 2026 15 Apr 2026 2 Adults, 1 Child 12:00 PM 11:00 AM 1 Room |1 Night Room Type: Deluxe King Or Twin Bed Room Inclusions: @ 15% Discount on Food & Soft Beverages @ Breakfast not included @ welcome Drink @ 10% Discount on Laundry @ Complimentary Mineral Water Daily 1 bottles @ Free wi @ Complimentary stay for children under 5 years without extra bed @ Complimentary Tea/Coffee Maker with Daily Replenishments Cancellation Policy: Booking is non refundable. @®) Guest Details Title First Name Last Name [Change Hotel] [change Room: ©@© Room Price Details 1Room X 1 Night Total Discount © Price After Discount Taxes & fees Grand Total © Customer Service v © = 5,621 es 2 4,503 2253 24,756 Lowest Price Guarantee You're getting the lowest price available anywhere Offers & Promo Codes EMTHOTELS @ Remove Congratulations! instant Discount of Rs. 556 has been applied successfully. @ emtnotets EMTHOTELS ~ Get Rs. 556 Off on hotel booking CD EMTCAIF",,,fe easemytrip 2 20 bharat ka travel app flights hotels trains bus holidays cabs activities visa more review and travellers 2 payment zip by spree hotels brookefield site 627 aecs layout kundalahalli brookefield bengaluru karnataka 560037 check in check out guest 14 apr 2026 15 apr 2026 2 adults 1 child 12 00 pm 11 00 am 1 room 1 night room type deluxe king or twin bed room inclusions 15 discount on food soft beverages breakfast not included welcome drink 10 discount on laundry complimentary mineral water daily 1 bottles free wi complimentary stay for children under 5 years without extra bed complimentary tea coffee maker with daily replenishments cancellation policy booking is non refundable guest details title first name last name change hotel change room room price details 1room 1 night total discount price after discount taxes fees grand total customer service 5 621 es 2 4 503 2253 24 756 lowest price guarantee you re getting the lowest price available anywhere offers promo codes emthotels remove congratulations instant discount of rs 556 has been applied successfully emtnotets emthotels get rs 556 off on hotel booking cd emtcaif
hotel_3.png,data\raw\easemytrip\hotel_3.png,easemytrip,Real,,"Modify Search 14/04/2026 15/04/2026 \ Q Enter hotel name or location Filters Reset Lowest Price Guarantee Hotels cheaper than anywhere Last Minute Deals Upto 60% off Price Z1- 2,000 {| €2,001- @ 4,000 = 4,001 - Z 8,000 8,001 - Z 20,000 © scan QR to Book this hotel at Z 1,916 ' Spree Hotel Jaipur kkk Jaipur>Bani Park Couple Friendly Local IDs Accepted * restaurant + wifi + 24-hour room service + gym * 15% Discount on Food & Soft Beverages * Flat 2500 Cashback on Bookings above 25000 “Subject avaiabiny Richi Rich Studio Apartment ak Jaipur>Shyam Nagar Couple Friendly Local IDs Accepted * swimming pool « restaurant * gym Excellent 996 reviews 1,481 +806 taxes & fees / night View Rooms",,,modify search 14 04 2026 15 04 2026 enter hotel name or location filters reset lowest price guarantee hotels cheaper than anywhere last minute deals upto 60 off price z1 2 000 2 001 4 000 4 001 8 000 8 001 20 000 scan qr to book this hotel at 1 916 spree hotel jaipur kkk jaipur bani park couple friendly local ids accepted restaurant wifi 24 hour room service gym 15 discount on food soft beverages flat 2500 cashback on bookings above 25000 subject avaiabiny richi rich studio apartment ak jaipur shyam nagar couple friendly local ids accepted swimming pool restaurant gym excellent 996 reviews 1 481 806 taxes fees night view rooms
hotel_4.png,data\raw\easemytrip\hotel_4.png,easemytrip,Real,,"wT. : = = EaSeMyTrip,,,, a 2 ES S — Bharat ka Travel oo Flights Hotels Trains Bus —_ Holidays Visa |. Review and Travellers > 2 Payment Spree Hotel Jaipur **> D-55-A, Madho Singh Rd, Bani Park, Jaipur, Rajasthan 302016 Check-In Check-Out 14 Apr 2026 15 Apr 2026 02:00 PM 12:00 PM Room Type: Deluxe Twin Room Inclusions: @ 15% Discount on Food & Soft Beverages @ Breakfast not included @ Complimentary Packaged Water Daily | bottles [Change Hotel] Guest 1 Adult 1 Room |1 Night [change Room: @ Complimentary stay for children under 5 years without extra bed @ Complimentary Tea/Coffee Maker with Daily Replenishments. © Free wi Cancellation Policy: Booking is non refundable. @ Suest Details Title First Name Room1 Adult} Mr. ¥ ENTER FIRST NAME Last Name ENTER LAST NAME ©@© Room Price Details 1Room X 1 Night Total Discount © Price After Discount Taxes & fees Grand Total © Customer Service v © 22,446 -2 486 1,960 zu %2,070 Lowest Price Guarantee You're getting the lowest price available anywhere Offers & Promo Codes EMTHOTELS & Remove Congratulations! Instant Discount of Rs. 242 has been applied successfully. @ ewtuotets EMTHOTELS ~ Get Rs. 242 Off on hotel booking oO EMTCAIF",,,wt easemytrip 2 es bharat ka travel flights hotels trains bus holidays visa review and travellers 2 payment spree hotel jaipur 55 madho singh rd bani park jaipur rajasthan 302016 check in check out 14 apr 2026 15 apr 2026 02 00 pm 12 00 pm room type deluxe twin room inclusions 15 discount on food soft beverages breakfast not included complimentary packaged water daily bottles change hotel guest 1 adult 1 room 1 night change room complimentary stay for children under 5 years without extra bed complimentary tea coffee maker with daily replenishments free wi cancellation policy booking is non refundable suest details title first name room1 adult mr enter first name last name enter last name room price details 1room 1 night total discount price after discount taxes fees grand total customer service 22 446 2 486 1 960 zu 2 070 lowest price guarantee you re getting the lowest price available anywhere offers promo codes emthotels remove congratulations instant discount of rs 242 has been applied successfully ewtuotets emthotels get rs 242 off on hotel booking emtcaif
hotel_5.png,data\raw\easemytrip\hotel_5.png,easemytrip,Real,,"EMTSALE Help us preserve India’s Heritage & Green Spaces! Th : intain ¢ okingl Z164 instant discount + 2102 Cashback GRAB20 Up to 20% instant off Mytrip EMTBOBDC for payments ma OUR OFFERINGS Make your travel easy with a wide range of products and services. Ques Flight Hotels Trains Holidays POPULAR DESTINATION Bus Cabs Airiines Airports INTERNATIONAL DESTINATION Trovel Guides Check PNR Status EMT PRO Activities POPULAR AIRLINE Travel Updates Corporate travel Blog Flight Check-in CONNECT WITH US WOELES OFFERS EMT INSIGHTS MEDIA INVESTOR RELATIONS CURRENT OPENINGS, wt DOWNLOAD EASEMYTRIP APP SCAN QR CODE EaseMyTrip. seo a [at Dowricadon the | EaseMyTrip offers ‘End to End travel solutions including alk tickets for more than 400 intemational and domestic airlines, hotel bookings for nearly | million hote!s in inciia Google play | App Store App Store cand abroad, cab booking with 4000+ cab operators, bus tickets with 2000+ bus operators, and railway tickets in india forall major cities.",,,emtsale help us preserve india heritage green spaces th intain okingl z164 instant discount 2102 cashback grab20 up to 20 instant off mytrip emtbobdc for payments ma our offerings make your travel easy with wide range of products and services ques flight hotels trains holidays popular destination bus cabs airiines airports international destination trovel guides check pnr status emt pro activities popular airline travel updates corporate travel blog flight check in connect with us woeles offers emt insights media investor relations current openings wt download easemytrip app scan qr code easemytrip seo at dowricadon the easemytrip offers end to end travel solutions including alk tickets for more than 400 intemational and domestic airlines hotel bookings for nearly million hote in inciia google play app store app store cand abroad cab booking with 4000 cab operators bus tickets with 2000 bus operators and railway tickets in india forall major cities
hotel_6.png,data\raw\easemytrip\hotel_6.png,easemytrip,Real,,"14/04/2026 © r5/os/2026 ae Rooms Overview Amenities Location Booking Policy Guest Rating 4.2/5 Rating Category fxcellent Based on N16 reviews Cleanliness ho Location GUEST RATING ——— 35 4.2/5 Sleep Quality as bocerton Nie reviews ——___—. Rooms —_——__— 35 service 35 Value —EE 35 What our guests say Fantastic stay Vinodi23456890123 Awesome stay Helpfull staff Neat and clean room Breakfast was superb Will be coming soon when ever visit again Bengaluru Try ones best hospitality ever seen in | stay hotels All basic needs... Nov 2022 Good stay nice staff clean atmosphere catering needs to be improved i.e. reduce chilly flavour best managers they will address possportag437345268 Good reception best manager and ambient stay! House keeping is good. But catering needs to be improved because too much chilly powder is being used especially in rott, parora sidedishOther than. ct 2022 Avery good affordable stayyyy YorunegStvamuna8a This hotel is very good according to its price, | booked it through online and the hotel is open 24hrs for check in, We really enjoyed our stay and room was clean and cozy and food taste was good but... Dec 2022",,,14 04 2026 r5 os 2026 ae rooms overview amenities location booking policy guest rating 4 2 5 rating category fxcellent based on n16 reviews cleanliness ho location guest rating 35 4 2 5 sleep quality as bocerton nie reviews rooms 35 service 35 value ee 35 what our guests say fantastic stay vinodi23456890123 awesome stay helpfull staff neat and clean room breakfast was superb will be coming soon when ever visit again bengaluru try ones best hospitality ever seen in stay hotels all basic needs nov 2022 good stay nice staff clean atmosphere catering needs to be improved reduce chilly flavour best managers they will address possportag437345268 good reception best manager and ambient stay house keeping is good but catering needs to be improved because too much chilly powder is being used especially in rott parora sidedishother than ct 2022 avery good affordable stayyyy yorunegstvamuna8a this hotel is very good according to its price booked it through online and the hotel is open 24hrs for check in we really enjoyed our stay and room was clean and cozy and food taste was good but dec 2022
hotel_7.png,data\raw\easemytrip\hotel_7.png,easemytrip,Real,,"Bangalore, India 14/04/2026 15/04/2026 1 Room, 3 Guests ( Modify Search ) Taj West End, Bengaluru ***** 9 #25 Race Course Road View on map Rooms Overview Amenities Location Booking Policy Guest Rating parden View King Bed This hotel is covered under Lowest Price Guarantee! View Detalls Benefits 1 Room only © Room only © Rate includes accommodation and Wi Applicable Taxes extra © Rate includes accommodation and Wi Applicable Taxes extra i for upto 4 Devices. for upto 4 Devices. 3x Guest |1xRoom Per Night Price Book Now and Get 3,686 OFF e28,200 F 24,534 + 85,076 Taxes & fees (Per Night) Cancellation Policy: Or This hanbing ie men ref imdinhte Luxury Room Garden View King Bed © Freetolletries @ toning facilities @ luggage Storage @ Front Desk Select Rooms 6 rmtocnmmntensingtoesssey Excellent 5084 reviews €28,200 % 24,534 25,076 Taxes & fees Base price (Per Night) © Parking facility (As Per Availabilty) + More Amenities EMTHOTELS Coupon code Is applied Book Now @ Flat z500@",,,bangalore india 14 04 2026 15 04 2026 1 room 3 guests modify search taj west end bengaluru 9 25 race course road view on map rooms overview amenities location booking policy guest rating parden view king bed this hotel is covered under lowest price guarantee view detalls benefits 1 room only room only rate includes accommodation and wi applicable taxes extra rate includes accommodation and wi applicable taxes extra for upto 4 devices for upto 4 devices 3x guest 1xroom per night price book now and get 3 686 off e28 200 24 534 85 076 taxes fees per night cancellation policy or this hanbing ie men ref imdinhte luxury room garden view king bed freetolletries toning facilities luggage storage front desk select rooms 6 rmtocnmmntensingtoesssey excellent 5084 reviews 28 200 24 534 25 076 taxes fees base price per night parking facility as per availabilty more amenities emthotels coupon code is applied book now flat z500
hotel_8.png,data\raw\easemytrip\hotel_8.png,easemytrip,Real,,"EaseMyTrip,,,, a =| — Bharat ka Travel zp — Flights Hotels Trains L.Reviewand Travellers > 2. Payment Taj West End, Bengaluru #25 Race Course Road @ Guest Details Adult Room 1 Title Master @ & 8 Bus Holidays Cabs Check-in 14 Apr 2026 02:00 PM Q 28 Activities Visa More ‘Check-Out 15 Apr 2026 ‘12:00 PM Guest 2 Adults, 1 Child 1Room | 1 Night Room Type: Luxury Room Garden View King Bed Inclusions: @ Room only @ Rate includes accommodation and Wi-Fi for upto 4 Devices. Applicable Taxes extra @ Rate includes accommodation and Wi-Fi for upto 4 Devices. Applicable Taxes extra Cancellation Policy: This booking is non refundable First Name ENTER FIRST NAME First Name ENTER FIRST NAME Last Name ENTER LAST NAME Last Name ENTER LAST NAME [change Hotel] [change Room] © Room Price Details 1Room XI Night Total Discount © Price After Discount Taxes & fees Grand Total Offers & Promo Codes EMTHOTELS. © Customer Service v © 28,200 -23,666 224,534 25,076 29,610 @ Remove ‘Congratulations! Instant Discount of Rs. 3666 has been applied successfully. @ = emtuoteis EMTHOTELS - Get Rs. 3886 Off on hotel booking Get # 4230 Off on Hotel Booking| 22538 instant discount + 21692 O EMTSALE cashback ©. Easepay et flat Rs. 800 OFF on hotel booking",,,easemytrip bharat ka travel zp flights hotels trains reviewand travellers 2 payment taj west end bengaluru 25 race course road guest details adult room 1 title master 8 bus holidays cabs check in 14 apr 2026 02 00 pm 28 activities visa more check out 15 apr 2026 12 00 pm guest 2 adults 1 child 1room 1 night room type luxury room garden view king bed inclusions room only rate includes accommodation and wi fi for upto 4 devices applicable taxes extra rate includes accommodation and wi fi for upto 4 devices applicable taxes extra cancellation policy this booking is non refundable first name enter first name first name enter first name last name enter last name last name enter last name change hotel change room room price details 1room xi night total discount price after discount taxes fees grand total offers promo codes emthotels customer service 28 200 23 666 224 534 25 076 29 610 remove congratulations instant discount of rs 3666 has been applied successfully emtuoteis emthotels get rs 3886 off on hotel booking get 4230 off on hotel booking 22538 instant discount 21692 emtsale cashback easepay et flat rs 800 off on hotel booking
hotel_9.png,data\raw\easemytrip\hotel_9.png,easemytrip,Real,,"Q Enter hotel name or location Filters Reset Lowest Price Guarantee Hotels cheaper than anywhere 17/04/2026 19/04/2026 \ eet Couple Friendly + restaurant + wifi + 24-hour room service + gym v Free Cancellation +2 243 taxes & fees / night «18% Discount on Food & Soft Beverages * Flat 2500 Cashback on Bookings above 25000 G Book with ZO ‘Subject to availablity © scan QR to Book this hotel at 4,239 > Login to Book at € 4,336 ‘Spree Resort At Century Wintersun Excellent 273 reviews kkk Bengaluru Urban>Bengaluru Couple Friendly * restaurant ¢ wifi » 24-hour room service z 6,271 | Peng * 10% Discount on Food & Soft Beverages +2 851 taxes & fees / night * Flat 2500 Cashback on Bookings above 25000 View Rooms ‘Subject to availablity",,,enter hotel name or location filters reset lowest price guarantee hotels cheaper than anywhere 17 04 2026 19 04 2026 eet couple friendly restaurant wifi 24 hour room service gym free cancellation 2 243 taxes fees night 18 discount on food soft beverages flat 2500 cashback on bookings above 25000 book with zo subject to availablity scan qr to book this hotel at 4 239 login to book at 4 336 spree resort at century wintersun excellent 273 reviews kkk bengaluru urban bengaluru couple friendly restaurant wifi 24 hour room service 6 271 peng 10 discount on food soft beverages 2 851 taxes fees night flat 2500 cashback on bookings above 25000 view rooms subject to availablity
travel_0.png,data\raw\easemytrip\travel_0.png,easemytrip,Real,,"€10 € 20 €50 100 @ Add Travel Insurance and Secure your Trip with ACKO Travel Insurance for 215/Person (Upon Selecting Travel Insurance ,You accept the Terms and Conditions of the travel insurance policy) Yes, | want to secure my trip with insurance. More than 36% of our customers choose to secure their trip. No, | do not want to insure my trip Contact Details Your ticket & bus details will be shared here Email Address Phone Number +91 © Use GSTIN for this booking (opTionaL) lagree with T&C , Bus Policies and Privacy Policy of EaseMyTrip.com PayPal VISA RuPayy @@ “nen, ©SACKO Vv Price Summary Onward Fare BaseFare x1 GST Grand Total Offers & Promo Code O EMTYOLO ¢5501 E4662 =839 z5501 Apply Use EMTYOLO and get up to Rs.150 off e) DELIGHT Use this coupon and Win a Flight, Hotel stay ‘and Holiday and Get assured voucher worth Rs.4000 View All Coupons pss Net Easy Banking ~@ EMI Option Safe & Secure Transactions",,,10 20 50 100 add travel insurance and secure your trip with acko travel insurance for 215 person upon selecting travel insurance you accept the terms and conditions of the travel insurance policy yes want to secure my trip with insurance more than 36 of our customers choose to secure their trip no do not want to insure my trip contact details your ticket bus details will be shared here email address phone number 91 use gstin for this booking optional lagree with bus policies and privacy policy of easemytrip com paypal visa rupayy nen sacko price summary onward fare basefare x1 gst grand total offers promo code emtyolo 5501 e4662 839 z5501 apply use emtyolo and get up to rs 150 off delight use this coupon and win flight hotel stay and holiday and get assured voucher worth rs 4000 view all coupons pss net easy banking emi option safe secure transactions
travel_1.png,data\raw\easemytrip\travel_1.png,easemytrip,Real,,"EaseMyT rip,,, a @ & 8 Q 8 \customer service v © — Bharat ka Travel Ago Flights Hotels Trains Bus Holidays Cabs Activities Visa. More Login or Signup QO airport TRANSFER @ OUTSTATION/OTHER @ HOURLY PICK-UP DATE & TIME Airport PickUp — v |) Indira Gandhi International Airport, Terminal 1, | A T AGRAHARAM, A T AGRAHARAM, GUNTUR 04/18/2026 12:35 pm ( SEARCH Filter Reset Dzire Or Equivalent Applied { EMTCAB | 4Seat | ILuggage Bag | AC Book Now and Get Rs 300 OFF* Cab Type =29,862 yP Kilometer Charges AY Fuel Type 2 z 29,562 Sedan 1837 km Included after that 10.25/km charge CNG with refill breaks 5 applicable Book Now Hatchback 4 9 Cancellation Policy ; : & Part Payment - 5 More Options > Free before 6 hours from the journey time. Pay 25 % now and rest to driver Suv 4 of 24/7 customer helpline Suv_luxury 1 S » . Fuel Type J aa Wagon R Or Equivalent Applied (EMAGAET yP 4Seat | ILuggage Bag | AC Book Now and Get Rs 300 OFF* Any 4 30,215 F 29,915 Kilometer Charges FQ Fuel type Diesel 1 1837 km Included after that N/km charge ‘CNG with refill breaks applicable Petrol 1 @ Cancellation Policy <Q PartPayment 4 More Options > cNnG Free before 6 hours from the journey time. Pay 25 % now and rest to driver 6 of 24/7 customer helpline — _",,,easemyt rip 8 8 customer service bharat ka travel ago flights hotels trains bus holidays cabs activities visa more login or signup qo airport transfer outstation other hourly pick up date time airport pickup indira gandhi international airport terminal 1 agraharam agraharam guntur 04 18 2026 12 35 pm search filter reset dzire or equivalent applied emtcab 4seat iluggage bag ac book now and get rs 300 off cab type 29 862 yp kilometer charges ay fuel type 2 29 562 sedan 1837 km included after that 10 25 km charge cng with refill breaks 5 applicable book now hatchback 4 9 cancellation policy part payment 5 more options free before 6 hours from the journey time pay 25 now and rest to driver suv 4 of 24 7 customer helpline suv luxury 1 fuel type aa wagon or equivalent applied emagaet yp 4seat iluggage bag ac book now and get rs 300 off any 4 30 215 29 915 kilometer charges fq fuel type diesel 1 1837 km included after that km charge cng with refill breaks applicable petrol 1 cancellation policy partpayment 4 more options cnng free before 6 hours from the journey time pay 25 now and rest to driver 6 of 24 7 customer helpline
travel_2.png,data\raw\easemytrip\travel_2.png,easemytrip,Real,,"More Fare Options Available New Delhi > Bengaluru Onwards Flight Thu-16Apr2026 - 21:55 - 00:50 - AkasaAir Saver © Z 8,738 { BAGGAGE @ 7kgs Cabin Baggage @ 15 Kgs Check-in Baggage 6 FLEXIBILITY © Cancellation fee starts at € 3,999 @ Date Change fee starts at € 2,250 44 SEATS, MEALS & MORE Paid Seat Paid Meal BOOKNOW: Get extra Rs.275 instant discount on this flight Q Lock Price Flexi O Z9,158 f BAccacE @ 7kgs Cabin Baggage @ 15 Kgs Check-in Baggage Wf FLEXIBILITY © Cancellation fee starts at 2,499 @ Date Change fee starts at ¢ 299 4 SEATS, MEALS & MORE @ Complimentary Seat @ Complimentary Meal BOOKNOW: Get extra Rs.275 instant discount on this flight Q Lock Price",,,more fare options available new delhi bengaluru onwards flight thu 16apr2026 21 55 00 50 akasaair saver 8 738 baggage 7kgs cabin baggage 15 kgs check in baggage 6 flexibility cancellation fee starts at 3 999 date change fee starts at 2 250 44 seats meals more paid seat paid meal booknow get extra rs 275 instant discount on this flight lock price flexi z9 158 baccace 7kgs cabin baggage 15 kgs check in baggage wf flexibility cancellation fee starts at 2 499 date change fee starts at 299 4 seats meals more complimentary seat complimentary meal booknow get extra rs 275 instant discount on this flight lock price
travel_3.png,data\raw\easemytrip\travel_3.png,easemytrip,Real,,"2’ fh & @ ®&® 8&8 2 B Flights Hotels Trains Bus Holidays Cabs Activities Visa More EaseMyTrip.,,. — Bharat ka Travel App — Ooneway @ Rounp trip @ muiticity DEPARTURE DATE TRAVELLERS 16/04/2026 1 Traveller Delhi(DEL) (C) Bangalore(BLR) (J EasemyTrip Corporate {_] Defence Forces (_| Students (_| Senior Citizens {_]} Doctors & Nurses FILTERS Reset CHEAPEST FASTEST 27,799 | 03h 50m 29,160 | 02h 40m (Non-stop © cm HDFCEMI | Get up to 27500 OFF via HDFC b RBLEMI | Get up to 26000 OFF via RBL Bank Popular Filters al Bank Credit Cards EasyEMI only. Credit Card EMI. Non-stop < Apr 13 Apr 14 Apr 15. Apr 16 Apr 17 Apr 18 ""| Hide Nearby Airports 27,289 27,799 27,289 27,799 27,799 27,289 ""| Depart Before 6 AM _ AIRLINES: DEPARTURE DURATION ARRIVE ""| Depart after 6 PM | @ Indico oonss _ AkasaAir . om \ | IC Air india Express A QP-1350 21:55 Te 00:50 New Delhi onstop Bengaluru Stops Vv Non-stop BOOKNOW: Get extra Rs.275 instant discount on this flight “1 stoy — 1step Flight Details | 2+ stop . AkasaAir 20:50 03h 00m 23:50 Price Range v A ap-1824 . rT ia @) Customer Service v © Login or Signup CLASS Economy v SEARCH = Other Sort Qa ICICIEMI | Get up to 215000 OFF via ICICI 6) Credit Card EMI. Apr 1g Apr 20 Apr 21 > 28,025 27,799 27,289 PRICE 28,738 Q Lock Price 2437 9 Seats Left 28,738",,,2 fh 8 8 2 flights hotels trains bus holidays cabs activities visa more easemytrip bharat ka travel app ooneway rounp trip muiticity departure date travellers 16 04 2026 1 traveller delhi del bangalore blr easemytrip corporate defence forces students senior citizens doctors nurses filters reset cheapest fastest 27 799 03h 50m 29 160 02h 40m non stop cm hdfcemi get up to 27500 off via hdfc rblemi get up to 26000 off via rbl bank popular filters al bank credit cards easyemi only credit card emi non stop apr 13 apr 14 apr 15 apr 16 apr 17 apr 18 hide nearby airports 27 289 27 799 27 289 27 799 27 799 27 289 depart before 6 am airlines departure duration arrive depart after 6 pm indico oonss akasaair om ic air india express qp 1350 21 55 te 00 50 new delhi onstop bengaluru stops non stop booknow get extra rs 275 instant discount on this flight 1 stoy 1step flight details 2 stop akasaair 20 50 03h 00m 23 50 price range ap 1824 rt ia customer service login or signup class economy search other sort qa iciciemi get up to 215000 off via icici 6 credit card emi apr 1g apr 20 apr 21 28 025 27 799 27 289 price 28 738 lock price 2437 9 seats left 28 738
travel_4.png,data\raw\easemytrip\travel_4.png,easemytrip,Real,,"EaseMyTrip,,,, ca = io as iad eg Flights Hotels Trains Bus Holidays Cabs Activities — Bharat ka Travel App — Flight Detail K New Delhi to Bengaluru s Thu-I6Apr2026 | AkasaAir + 21:55-00:50 + Economy + Non-stop + 02h 55m 02h 551 A AkasaAir 21:55 ™ QP-1350 New Delhi (DEL) Boeing 737 Thu-16Apr2026 Terminal -1 Saver Fare Rules Baggage Hassle-Free Journeys Guaranteed. Select Exclusive Services to Enjoy Smooth & Seamless Journeys Like Never Before! g Free Cancellation for Any Reason Instant refund of approx Z 8,738 on cancellations 24 hrs before departure. Check T&Cs Free Date Change iS) °o® visa More 00:50 Bengaluru (BLR) Fri-I7Apr2026 Terminal-1 Flat 40% OFF ~ #958 1,175 Customer Service v © Price Summary @! yO wo Adult x1 27,278 Total Taxes + z1,460 Grand Total Z8,738 Offers & Promo Code EMTNCF Remove Congratulations! Zero Convenience Coupon is applied- You saved Rs.400 per passenger per sector. “Convenience fees not applicable* () EMTNCF ZERO Convenience Fees O BOOKNOW Get Rs.275 OFF on your flight booking. O) nenieut TAC Anniv",,,easemytrip ca io as iad eg flights hotels trains bus holidays cabs activities bharat ka travel app flight detail new delhi to bengaluru thu i6apr2026 akasaair 21 55 00 50 economy non stop 02h 55m 02h 551 akasaair 21 55 qp 1350 new delhi del boeing 737 thu 16apr2026 terminal 1 saver fare rules baggage hassle free journeys guaranteed select exclusive services to enjoy smooth seamless journeys like never before free cancellation for any reason instant refund of approx 8 738 on cancellations 24 hrs before departure check cs free date change is visa more 00 50 bengaluru blr fri i7apr2026 terminal 1 flat 40 off 958 1 175 customer service price summary yo wo adult x1 27 278 total taxes z1 460 grand total z8 738 offers promo code emtncf remove congratulations zero convenience coupon is applied you saved rs 400 per passenger per sector convenience fees not applicable emtncf zero convenience fees booknow get rs 275 off on your flight booking nenieut tac anniv
travel_5.png,data\raw\easemytrip\travel_5.png,easemytrip,Real,,"Total Taxes + 21,539 @ Add Travel Insurance and Secure your Trip with ACKO @249/Person “ACKO> Discount -2275 (Upon Selecting Travel Insurance ,You accept the Terms and Conditions of the travel insurance policy ) Grand Total 27,288 Yes, | want to secure my trip with insurance. More than 36% of our customer choose to secure their trip. No, | do not want to insure my trip Offers & Promo Code Travellers Details =] Name should be same as in government ID proof BOOKNOW Remove Congratulations! instant Discount of Rs.275 has been applied successfully. ADULT “Additional fees may be applied* Adult 1 v @ Booxnow Get Rs.275 OFF on your flight booking. Title (First Name & Middle name, if any) Last Name Title v © EMTNCF ZERO Convenience Fees Email Id (Optional) Contact Number (Optional) © bewcHt Win a Flight, Hotel stay and Holiday and Get. assured voucher worth INR 4000 (+) Frequent flyer number (optional) Add-ons (Optional) Continue Booki Pre-booked meals, Seats and Baggage are 30% cheaper than on-board price.",,,total taxes 21 539 add travel insurance and secure your trip with acko 249 person acko discount 2275 upon selecting travel insurance you accept the terms and conditions of the travel insurance policy grand total 27 288 yes want to secure my trip with insurance more than 36 of our customer choose to secure their trip no do not want to insure my trip offers promo code travellers details name should be same as in government id proof booknow remove congratulations instant discount of rs 275 has been applied successfully adult additional fees may be applied adult 1 booxnow get rs 275 off on your flight booking title first name middle name if any last name title emtncf zero convenience fees email id optional contact number optional bewcht win flight hotel stay and holiday and get assured voucher worth inr 4000 frequent flyer number optional add ons optional continue booki pre booked meals seats and baggage are 30 cheaper than on board price
goibibo_0.png,data\raw\goibibo\goibibo_0.png,goibibo,Real,,"aN Flights Hotels Trains goibibo Bank Offers Flights Hotels DealPanti Da Bus, Hotels, Cabs, Flights, Trains Up to 45% OFF* for your summer trips! (4 Valid till 21st Apr'26 Stay in Ladakh Amid Apricot Blossoms! @ Limited period offer a am oe 88 g Bus Holidays Forex Insurance Offers For You Bus Trains Domestic Hotels Lowest Exchange Rates Guarante Doorstep Delivery Explore Offers Manage Booking (8) my trips View All © Domestic Hotels ORDER FOREX J&K in Bloom, Hotel Deal Inside! @ Limited period offer Hey lam Gia Student goPass",,,an flights hotels trains goibibo bank offers flights hotels dealpanti da bus hotels cabs flights trains up to 45 off for your summer trips 4 valid till 21st apr 26 stay in ladakh amid apricot blossoms limited period offer am 88 bus holidays forex insurance offers for you bus trains domestic hotels lowest exchange rates guarante doorstep delivery explore offers manage booking 8 my trips view all domestic hotels order forex in bloom hotel deal inside limited period offer hey lam gia student gopass
hotel_1.png,data\raw\hotwire\hotel_1.png,hotwire,Real,,"Sort by | Price range , Hotel class | _- Amenities \ Areas | Guest ratings | Health and safety — | Best match v | | Any v | | Any v | | Any v | | 1 v | | Any v | | Any v | 4t}, More } Reset LUXURIOUS A iahahaal iti - Infiniti Mall- Malad) 1 area selected to filter your search @ Hot Rate’ 5-star Hotel @) in Mumbai North - Chhatrapati Shivaji Int! Airpor... Aeatiaash 4 ae 9 2.1 miles from search $480= ER:JE9 Good! (682 Expedia: reviews) $117 - per night Madh istand\€) Free @ @_ includes & AH r= Viewall amenities $117 total \ What hotel will | get? Q Seo ad ISKCON Temple, Ji Essanititend © Hot Rate’ 4-star Hotel in Mumbai North - Chhatrapati Shivaji Int! Airport ... 9 4.1 miles from search tees <5) (121 A Expedia reviews) $7 6 per night Free @ @_ Includes =~ Viewall amenities $76 total What hotel will | get? Q i BandraWorll ind} , Trombay Koliwada Turn on price alerts Seallinkeridges Sra CricketiGround Get real-time updates if rates change for this trip. 1 S seasnarra | Shree/Siddy @ Save more when you sign in! x | Google Mumbai rer",,,sort by price range hotel class amenities areas guest ratings health and safety best match any any any 1 any any 4t more reset luxurious iahahaal iti infiniti mall malad 1 area selected to filter your search hot rate 5 star hotel in mumbai north chhatrapati shivaji int airpor aeatiaash 4 ae 9 2 1 miles from search 480 er je9 good 682 expedia reviews 117 per night madh istand free includes ah viewall amenities 117 total what hotel will get seo ad iskcon temple ji essanititend hot rate 4 star hotel in mumbai north chhatrapati shivaji int airport 9 4 1 miles from search tees 5 121 expedia reviews 7 6 per night free includes viewall amenities 76 total what hotel will get bandraworll ind trombay koliwada turn on price alerts seallinkeridges sra cricketiground get real time updates if rates change for this trip 1 seasnarra shree siddy save more when you sign in google mumbai rer
hotel_2.png,data\raw\hotwire\hotel_2.png,hotwire,Real,,Overview Amenities Health & safety Ratings Room type Location Choose your room Hotel chooses bed type $117 /night pene 5-star hotel a $117 total freee) ; $ ; Itonly takes 2 minutes $480* 1 1 7 /night $117 total $118 total It only takes 2 minutes Select your room . It only takes 2 minutes Location Mumbai North - Chhatrapati Shivaji Intl Airport BOM. Great Location! 4.3) ourcustomers rated the location of this hotel Price checker 4.3 out of 5 Save $63 per night with this Hot Rate® Hotel! Points of interest @ Hot Rate $117 Juhu Beach 2.4 miles a Retail Price $180 ISKCON Temple 2.2 miles JioGarden 2.3 miles,,,overview amenities health safety ratings room type location choose your room hotel chooses bed type 117 night pene 5 star hotel 117 total freee itonly takes 2 minutes 480 1 1 7 night 117 total 118 total it only takes 2 minutes select your room it only takes 2 minutes location mumbai north chhatrapati shivaji intl airport bom great location 4 3 ourcustomers rated the location of this hotel price checker 4 3 out of 5 save 63 per night with this hot rate hotel points of interest hot rate 117 juhu beach 2 4 miles retail price 180 iskcon temple 2 2 miles jiogarden 2 3 miles
hotel_3.png,data\raw\hotwire\hotel_3.png,hotwire,Real,,"hetwire Hotels Cars Flights Vacations y Support MyAccount Bundle your flight < average of $294 Build your package with 2 more options @ Hotel @ Flight tx) é 4 @ Leaving from Q Going to Departing Returning @ Tavelers 7 ic Apr 14 ic Apr 15 = 1 room, 2 travelers Find a deal",,,hetwire hotels cars flights vacations support myaccount bundle your flight average of 294 build your package with 2 more options hotel flight tx 4 leaving from going to departing returning tavelers 7 ic apr 14 ic apr 15 1 room 2 travelers find deal
hotel_4.png,data\raw\hotwire\hotel_4.png,hotwire,Real,,"De. aut View ina map Search by property name Q eg. Marriott Filter by Beach access () Near the beach (3461) Stays within a 15-minute walk to the beach (_) On the beach (221) Nothing between you and the sand Popular filters () Seminyak (1063) () Breakfast included (4397) ©) Pool (8368) () Resort (338) ( Allinclusive (21) eqUILIBRIA SEMINYAK Seminyak ® Breakfast included 2 Pool Luxury One Bedroom Private Pool Villa. 1 Min to eat street, 5 Min to beach, 24hr floating B'fast & Butler, Cooking Class, Canapes, WiFi, Soundproof, Private ""Waterfall’, @ Exceptional 542 reviews The Vira Bali Boutique Hotel & Suite Kuta ® Breakfast included 2 Pool Wonderful 1,004 reviews Ubud Nyuh Bali Resort & Spa Lodtunduh 2 Pool Exceptional 266 reviews $4,499 $1,230 per traveler includes flight + stay $2,459 package total $4438 $776 per traveler includes flight + stay $1,551 package total $4525 $912 per traveler includes flight + stay $1,824 package total",,,de aut view ina map search by property name eg marriott filter by beach access near the beach 3461 stays within 15 minute walk to the beach on the beach 221 nothing between you and the sand popular filters seminyak 1063 breakfast included 4397 pool 8368 resort 338 allinclusive 21 equilibria seminyak seminyak breakfast included 2 pool luxury one bedroom private pool villa 1 min to eat street 5 min to beach 24hr floating fast butler cooking class canapes wifi soundproof private waterfall exceptional 542 reviews the vira bali boutique hotel suite kuta breakfast included 2 pool wonderful 1 004 reviews ubud nyuh bali resort spa lodtunduh 2 pool exceptional 266 reviews 4 499 1 230 per traveler includes flight stay 2 459 package total 4438 776 per traveler includes flight stay 1 551 package total 4525 912 per traveler includes flight stay 1 824 package total
hotel_5.png,data\raw\hotwire\hotel_5.png,hotwire,Real,,"Overview About Rooms Accessibility Policies Spa Mahamaya Spa invites relaxation with 3 treatment rooms, including spaces for couples. Skilled therapists offer deep-tissue and hot stone massages in a serene setting adorned with natural elements and bamboo architecture. Guests unwind with aromatherapy, body scrubs, body wraps, and facials while surrounded by lush greenery. The tranquil atmosphere includes flower-filled bathtubs for complete rejuvenation. ‘What guests liked about the spa F]_ The spa at this property offers a range of holistic treatments ina serene environment, with skilled therapists and a tranquil atmosphere. See all spaamenities 5 Package details $9 12 Apr 14 - Apr 22 « Stay (8 nights) + Flight (2 roundtrip tickets), taxes & fees per traveler (includes 1 room) Choose your room (a rooms G bed ) (* beds ) @ beds ) Showing 5 of 5 rooms WL RO 6G . aa ee %",,,overview about rooms accessibility policies spa mahamaya spa invites relaxation with 3 treatment rooms including spaces for couples skilled therapists offer deep tissue and hot stone massages in serene setting adorned with natural elements and bamboo architecture guests unwind with aromatherapy body scrubs body wraps and facials while surrounded by lush greenery the tranquil atmosphere includes flower filled bathtubs for complete rejuvenation what guests liked about the spa the spa at this property offers range of holistic treatments ina serene environment with skilled therapists and tranquil atmosphere see all spaamenities 5 package details 9 12 apr 14 apr 22 stay 8 nights flight 2 roundtrip tickets taxes fees per traveler includes 1 room choose your room rooms bed beds beds showing 5 of 5 rooms wl ro 6g aa ee
hotel_6.png,data\raw\hotwire\hotel_6.png,hotwire,Real,,Rooms Suite with King Bed & Free breakfast P Free self parking [700 sa ft Hl 1 bedroom 4 Sleeps 3 jm 1 King Bed Vv Free welcome drink v Afternoon tea = Free WiFi Non-Refundable @ More details > + $0 We have 2 left per traveler (includes taxes and fees) Accessibility Policies Suite with Twin Beds ® Free breakfast P Free self parking Hl 1 bedroom 2% Sleeps 3 fem 2 Twin Beds v Free welcome drink v Afternoon tea => Free WiFi Non-Refundable @ More details > Save $613 + $0 We have 1 left per traveler (includes taxes and fees) Honeymoon Suite ®@ Free breakfast P Free self parking [700 sa ft Gl 1 bedroom 2h Sleeps 2 jm 1 King Bed v Free welcome drink v Afternoon tea = Free WiFi Non-Refundable @ More details > Save $699 +$52 We have 3 left per traveler (includes taxes and fees),,,rooms suite with king bed free breakfast free self parking 700 sa ft hl 1 bedroom 4 sleeps 3 jm 1 king bed free welcome drink afternoon tea free wifi non refundable more details 0 we have 2 left per traveler includes taxes and fees accessibility policies suite with twin beds free breakfast free self parking hl 1 bedroom 2 sleeps 3 fem 2 twin beds free welcome drink afternoon tea free wifi non refundable more details save 613 0 we have 1 left per traveler includes taxes and fees honeymoon suite free breakfast free self parking 700 sa ft gl 1 bedroom 2h sleeps 2 jm 1 king bed free welcome drink afternoon tea free wifi non refundable more details save 699 52 we have 3 left per traveler includes taxes and fees
hotel_7.png,data\raw\hotwire\hotel_7.png,hotwire,Real,,"Ubud Nyuh Bali Resort & Spa kkk Non-refundable EBB Exceptional 266 reviews Stay details > Suite with King Bed & Snights (check-in Apr 14) fem 1 King Bed Room details > ( Change stay \( Change room ) Flights Roundtrip, 2 travelers (2 adults) feo] Stay flexible with changes included o) We recommend booking a flight with changes included in case your plans change. Change flights Mumbai to Bali 5:15am - 4:40pm (8h 55m, 1 stop) IndiGo + Tue, Apr 14 x, You'll save $1,226 by booking a flight + hotel package ‘A Prices if purchased separately $1,972.70 fi Ubud Nyuh Bali Resort & Spa ‘oval pice - $1,078.00 % BOM - DPS total price Price Details Starting price per traveler $1,525.35 Number of travelers x2 Subtotal $3,050.70 Package savings © ~$1,226.69 Pay now © $1,824.01 Total $1,824.01 Rates are quoted in USD inal details Nex",,,ubud nyuh bali resort spa kkk non refundable ebb exceptional 266 reviews stay details suite with king bed snights check in apr 14 fem 1 king bed room details change stay change room flights roundtrip 2 travelers 2 adults feo stay flexible with changes included we recommend booking flight with changes included in case your plans change change flights mumbai to bali 5 15am 4 40pm 8h 55m 1 stop indigo tue apr 14 you ll save 1 226 by booking flight hotel package prices if purchased separately 1 972 70 fi ubud nyuh bali resort spa oval pice 1 078 00 bom dps total price price details starting price per traveler 1 525 35 number of travelers x2 subtotal 3 050 70 package savings 1 226 69 pay now 1 824 01 total 1 824 01 rates are quoted in usd inal details nex
hotel_8.png,data\raw\hotwire\hotel_8.png,hotwire,Real,,Flight details Fare: Saver @ Carry-on bag included @ 1st checked bag included X Non-refundable X Changes not allowed : Change flight ° Change fare ° Seats You can get seat information for this flight by contacting IndiGo after booking. Bag prices may increase at tl Bags v Carry-on bag included v 1st checked bag included ( Add bags),,,flight details fare saver carry on bag included 1st checked bag included non refundable changes not allowed change flight change fare seats you can get seat information for this flight by contacting indigo after booking bag prices may increase at tl bags carry on bag included 1st checked bag included add bags
hotwire_0.png,data\raw\hotwire\hotwire_0.png,hotwire,Real,,"Advertisements @O: Get =» 60” Save BIG with Hotwire Hot Rate* Hotels! z Save »« $570 on your next trip. Bundle a flight and hotel when you book with Hotwire! Discover where you can go with Hotwire Travel with Hotwire Get to know Hotwire Customer service Deals About us Contact us This site uses cookies and similar tracking technology. As disclosed in our Privacy Statement, we and our partners may collect personal information and other data. By continuing to use our website, you accept our Privacy Statement and Terms of Service. Privacy Statement Terms of Servi Partner with Hotwire Suppliers",,,advertisements get 60 save big with hotwire hot rate hotels save 570 on your next trip bundle flight and hotel when you book with hotwire discover where you can go with hotwire travel with hotwire get to know hotwire customer service deals about us contact us this site uses cookies and similar tracking technology as disclosed in our privacy statement we and our partners may collect personal information and other data by continuing to use our website you accept our privacy statement and terms of service privacy statement terms of servi partner with hotwire suppliers
cozycozy_0.png,data\raw\ixigo\cozycozy_0.png,ixigo,Real,,"Goa, India cozycozy o ¥ Filters Price Accommodation type 3194 / 3264 accommodations 9.0 * 253 reviews = fone ks. al wll 4548 might total: 722739 (5 ¢) Apartment House 100 m? + La Goa Villa - 4bhk Baga Jaq... © Baga © Baga Cancellation Instant booking X273G miene total: 713680 (5 ¢) Entire home House 18m? 1f1 83 1 53 © Calangute Apartment 93m? 9.6 * 420 reviews € Wed 29Apr>Mon4May 56 2218 e =! Sort ""262A men total: 713120 (5 ¢) Entire home View deal Booking.com > View deal Booking.com > View deal Booking.com > ade me ri b Gele es Amboli siete — OD za © GQ zis8 seven © G9) %4200 waned Vv 722042 aier i inem ) 22579 — @%3150 ryrro69l 2 >) Gazsee Eamon > GB z4200) a ear"" @ EP 210008 D €B 23089 a © EB 73200"" i ~~ Panaji “Old Goa — ~ ~~ \) Ajara SITS Chandgad wars Fy V 758416 | ” 31323 Nesari Dadar aaa col + yo Patne Fs A * Belgundi . Berbod 7 a Bhimgad Wildlife Sanctuary Oecbris Gunj",,,goa india cozycozy filters price accommodation type 3194 3264 accommodations 9 0 253 reviews fone ks al wll 4548 might total 722739 5 apartment house 100 la goa villa 4bhk baga jaq baga baga cancellation instant booking x273g miene total 713680 5 entire home house 18m 1f1 83 1 53 calangute apartment 93m 9 6 420 reviews wed 29apr mon4may 56 2218 sort 262a men total 713120 5 entire home view deal booking com view deal booking com view deal booking com ade me ri gele es amboli siete od za gq zis8 seven g9 4200 waned 722042 aier inem 22579 3150 ryrro69l 2 gazsee eamon z4200 ear ep 210008 23089 eb 73200 panaji old goa ajara sits chandgad wars fy 758416 31323 nesari dadar aaa col yo patne fs belgundi berbod 7 bhimgad wildlife sanctuary oecbris gunj
flight_0.png,data\raw\ixigo\flight_0.png,ixigo,Real,,"Fare Summary Fare Type Base Fare Taxes & Fees Instant Off Total Amount 3 Travellers Partially Refundable 15,093 11,598 31,983 %24,708 @ Fight Selection — (2) Review & Traveller Details — (3) Add-ons — (4) Payment & _Login/Sign up HYD - NMI Non Refundable Now Departure 22:20 20 Apr, 05:35 Add Free Cancellation to your trip Trusted by most Indian travellers 1 Free Cancellation O Free Cancellation + Rescheduling O @%1,308 traveller @%1,908/traveller v Instant refund of ¥24,708 v Instant refund of %24,708 Y Cancel up to 24hrs before departure Y Change date, airline & even sector for free up to 24hrs v No-questions-asked refund before departure VY 24x7 priority customer service v No-questions-asked refund tec VY 24x7 priority customer service les la ©) I don't want Free Cancellation. Pay $25,800 fee if you cancel or reschedule %24,708 226,694 + 3 Travellers @ Lock Price @%828",,,fare summary fare type base fare taxes fees instant off total amount 3 travellers partially refundable 15 093 11 598 31 983 24 708 fight selection 2 review traveller details 3 add ons 4 payment login sign up hyd nmi non refundable now departure 22 20 20 apr 05 35 add free cancellation to your trip trusted by most indian travellers 1 free cancellation free cancellation rescheduling 1 308 traveller 1 908 traveller instant refund of 24 708 instant refund of 24 708 cancel up to 24hrs before departure change date airline even sector for free up to 24hrs no questions asked refund before departure vy 24x7 priority customer service no questions asked refund tec vy 24x7 priority customer service les la don want free cancellation pay 25 800 fee if you cancel or reschedule 24 708 226 694 3 travellers lock price 828
flight_1.png,data\raw\ixigo\flight_1.png,ixigo,Real,,"@ SALE 1,983 Off Coupon applied. You will get an instant discount of 31983. Know More () HDFCEMI6 %2,000 Off Up to %2,000 Off with HDFC Bank Credit Card EMI Know More () IDFCEMI6 %2,500 Off Up to 5,000 Off with IDFC FIRST Bank Credit Card EMI Know More View All Offers > Fare Summary Fare Type Base Fare Taxes & Fees Instant Off Total Amount 3 Travellers Partially Refundable 15,093 11,598 31,983 %24,708 @ Fight Selection — (2) Review & Traveller Details — (3) Add-ons — (4) Payment & _Login/Sign up AIrporty as the Geparture airport: mw Air-India Express | IX 1512 @93% ©: Fri, 17 Apr 07:35 th 10m NMI - Navi Mumbai Navi Mumbai International Airport Fri, 17 Apr 08:45 HYD - Hyderabad Rajiv Gandhi International Airport Boeing 737 MAX 8 Narrow Narrow (Limited seat tilt) S s 99 ( ) es Hyderabad > Navi Mumbai Mon, 20 Apr + Non-stop * th 20m + Economy Baggage @ Cabin: 7 kg per piece, 1 piece per adult/child th Check-in: 15 kg per piece, 1 piece per adult/child You searched for a flight to BOM (Mumbai Chhatrapati Shivaji International Airport) , but you have selected NMI (Navi Mumbai International Airport) as the arrival airport. mw Air-India Express | |X 1511 (@100% On-time Mon, 20 Apr 05:35 th 20m %24,708 226,694 - 3 Travellers Mon, 20 Apr 06:55 Baggage @ Cabin: 7 kg per piece, 1 piece per adult/child @ Lock Price @%828",,,sale 1 983 off coupon applied you will get an instant discount of 31983 know more hdfcemi6 2 000 off up to 2 000 off with hdfc bank credit card emi know more idfcemi6 2 500 off up to 5 000 off with idfc first bank credit card emi know more view all offers fare summary fare type base fare taxes fees instant off total amount 3 travellers partially refundable 15 093 11 598 31 983 24 708 fight selection 2 review traveller details 3 add ons 4 payment login sign up airporty as the geparture airport mw air india express ix 1512 93 fri 17 apr 07 35 th 10m nmi navi mumbai navi mumbai international airport fri 17 apr 08 45 hyd hyderabad rajiv gandhi international airport boeing 737 max 8 narrow narrow limited seat tilt 99 es hyderabad navi mumbai mon 20 apr non stop th 20m economy baggage cabin 7 kg per piece 1 piece per adult child th check in 15 kg per piece 1 piece per adult child you searched for flight to bom mumbai chhatrapati shivaji international airport but you have selected nmi navi mumbai international airport as the arrival airport mw air india express 1511 100 on time mon 20 apr 05 35 th 20m 24 708 226 694 3 travellers mon 20 apr 06 55 baggage cabin 7 kg per piece 1 piece per adult child lock price 828
flight_2.png,data\raw\ixigo\flight_2.png,ixigo,Real,,"Overview Rooms Location Superior Twin Room 1 225sq.ft. {1TwinBed & Sleeps3 Vv Internet Access” Newspaper v Television \ Telephone —_/ Television Vv Ironing facilities \ Fan View Details Reviews Facilities Policies Room With Free Cancellation © Free Cancellation @ © Complimentary Wifi © Free Room Upgrade (Subject to Availal y) Room With Free Cancellation © Free Cancellation @ © Complimentary Wifi Room With Free Cancellation, Breakfast © Free Cancellation @ © Breakfast © Complimentary Wifi 37% off ) ‘@ Book with 20 26499 F4,036 + %617 taxes & fees per night for 1room 3 rooms left Reserve 1Room 36% off @ Book with 0 36899 FA, 366 + %655 taxes & fees per night for 1 room 3 rooms left Reserve 1Room 37% off ©® Book with 70 37200 €4,A72 + %684 taxes & fees per night for 1room 3 rooms left",,,overview rooms location superior twin room 1 225sq ft 1twinbed sleeps3 internet access newspaper television telephone television ironing facilities fan view details reviews facilities policies room with free cancellation free cancellation complimentary wifi free room upgrade subject to availal room with free cancellation free cancellation complimentary wifi room with free cancellation breakfast free cancellation breakfast complimentary wifi 37 off book with 20 26499 f4 036 617 taxes fees per night for 1room 3 rooms left reserve 1room 36 off book with 0 36899 fa 366 655 taxes fees per night for 1 room 3 rooms left reserve 1room 37 off book with 70 37200 4 a72 684 taxes fees per night for 1room 3 rooms left
flixbus.png,data\raw\ixigo\flixbus.png,ixigo,Real,,The prices may go up Book your trip in the next 09:31 minutes to secure your spot and avoid price increases later. Ok,,,the prices may go up book your trip in the next 09 31 minutes to secure your spot and avoid price increases later ok
orbit_0.png,data\raw\ixigo\orbit_0.png,ixigo,Real,,"Re , pay lat . O Reserve now, pay later Sheraton New Delhi Hotel New Delhi Total pri price 2% Pool Fully refundable Reserve now, pay later $175 nightly Excellent $412 total 58 526 reviews ¥ Total with taxes and fees Unlock trip savings up to $186 when you book a car + stay B@ Adda car to your trip and save. Shop car + stay Neighborhood @ New Delhi (1632) O Delhi (and vicinity) (1975) Delhi New Delhi O Delhi (DEL-Indira Gandhi Intl.) ewe! (2239) 2% Pool See more Fully refundable |B Insider Price available Reserve now, pay later $92 nightly - Wonderful $223 total Star rating From 670 reviews v. Total with taxes and fees O 5S stars (61) $147 O Astars (135) $42 VIP Access The Leela Palace New Delhi New Delhi CO 3 stars (1321) $16 2% Pool thy Hot tub See more",,,re pay lat reserve now pay later sheraton new delhi hotel new delhi total pri price 2 pool fully refundable reserve now pay later 175 nightly excellent 412 total 58 526 reviews total with taxes and fees unlock trip savings up to 186 when you book car stay adda car to your trip and save shop car stay neighborhood new delhi 1632 delhi and vicinity 1975 delhi new delhi delhi del indira gandhi intl ewe 2239 2 pool see more fully refundable insider price available reserve now pay later 92 nightly wonderful 223 total star rating from 670 reviews total with taxes and fees 5s stars 61 147 astars 135 42 vip access the leela palace new delhi new delhi co 3 stars 1321 16 2 pool thy hot tub see more
plumguide_0.png,data\raw\ixigo\plumguide_0.png,ixigo,Real,,"France > Paris > Sainte-Avoye Paris Hideaway PP 4 guests ZX 1bedroom,2beds ™ 1bathroom £2 20sq/m Tucked away on a quiet street in Le Marais, this apartment places you in one of Paris' most desirable postcodes. Inside, it's compact, but thoughtfully laid out, with a stylish little kitchen and living area where French doors open onto Juliet balconies — perfect for keeping things cool in the warmer months and a spot of people-watching. There's not a huge amount of space for cooking or dining, but with cafes and restaurants right on your doorstep, we expect you'll be spending more time in than out. x nise By using Plum Guide, you agree to emCadsaRaltes verage - We rejected 41,781 homes in Paris, so you don't have to. =94244 83,605 night ao 9 (] 13 May - 14 May 1 guest 291,241 x 1 nights 91,241 12% discount — 210,404 Cleaning and service fee Included Taxes Included @ Total non-refundable 380,837 O Total refundable 388,215 Cancel before 6 May, 2026 for a 50% refund. You won't be charged yet View 8 photos",,,france paris sainte avoye paris hideaway pp 4 guests zx 1bedroom 2beds 1bathroom 2 20sq tucked away on quiet street in le marais this apartment places you in one of paris most desirable postcodes inside it compact but thoughtfully laid out with stylish little kitchen and living area where french doors open onto juliet balconies perfect for keeping things cool in the warmer months and spot of people watching there not huge amount of space for cooking or dining but with cafes and restaurants right on your doorstep we expect you ll be spending more time in than out nise by using plum guide you agree to emcadsaraltes verage we rejected 41 781 homes in paris so you don have to 94244 83 605 night ao 9 13 may 14 may 1 guest 291 241 1 nights 91 241 12 discount 210 404 cleaning and service fee included taxes included total non refundable 380 837 total refundable 388 215 cancel before 6 may 2026 for 50 refund you won be charged yet view 8 photos
stayvista_0.png,data\raw\ixigo\stayvista_0.png,ixigo,Real,,"STAY | VIS’ Overview Highlights Mumbai, Maharashtra {Guest Favourite! 45/5 | 99 Reviews & Upto9Guests & 3Rooms @ & 3Baths Greatfor: QQ View & Kids of by Infinity = Orchard River Bonfire Pool View & Connect with Host | The StayVista Experience if ee Waterway Retreat Wada, Mum... | 19-20Apr | 4 Guests e f) View Brochure +20 Amenities Request Callback ray poem &, Get in touch v Location Experiences 17,703 (for 3 rooms) Per Night + Taxes Sun, 19 Apr Mon, 20 Apr 2:00pm 11:00am Guests v No. of Rooms 4 Adults, 0 Chil... 3 Rooms SUNDAYSALE Apply to save 26% View all offers > Total See details FAQ's Apply 20,889 @ Reserve to get exciting offer for this property!",,,stay vis overview highlights mumbai maharashtra guest favourite 45 5 99 reviews upto9guests 3rooms 3baths greatfor qq view kids of by infinity orchard river bonfire pool view connect with host the stayvista experience if ee waterway retreat wada mum 19 20apr 4 guests view brochure 20 amenities request callback ray poem get in touch location experiences 17 703 for 3 rooms per night taxes sun 19 apr mon 20 apr 2 00pm 11 00am guests no of rooms 4 adults 0 chil 3 rooms sundaysale apply to save 26 view all offers total see details faq apply 20 889 reserve to get exciting offer for this property
stayvista_1.png,data\raw\ixigo\stayvista_1.png,ixigo,Real,,"a g2Mm &, Get in touch v Home > Villasin Mumbai > Waterway Retreat-Wadain Mumbai > Payment Waterway Retreat - Wada th Share ie 5 {Guest Favourite! 2 Price details Mumbai, Maharashtra . , ‘ You pay zero convenience fees on your booking! @ Rental Charges (?) 217,703 Check-In Check-Out Sun 19 Apr 2026 Mon 20 Apr 2026 GST (As per government guidelines) 33,187 (From 02:00 PM) (Until 11:00 AM) SUNDAYSALE No. of Rooms Guests Apply to save 26% Apply 3 Rooms *% 4 Guests (4 Adults ) Apply offers / Future Stay Voucher / Gift Card > Total Payable %20,889 Booking & Cancellation policy o No Refund On your selected dates Ihave read and accepted the Terms & Conditions , Privacy Policies , Cancellation Policy and Indemnity Form Refund Policy Home Rules and Policy Check-in time: 2:00 PM, Check-out time: 11:00 AM Note: Early check-in and late check-out is subject to availability (at an additional fee) 100% Secure payment Trusted by 5Lakh+ guests",,,g2mm get in touch home villasin mumbai waterway retreat wadain mumbai payment waterway retreat wada th share ie 5 guest favourite 2 price details mumbai maharashtra you pay zero convenience fees on your booking rental charges 217 703 check in check out sun 19 apr 2026 mon 20 apr 2026 gst as per government guidelines 33 187 from 02 00 pm until 11 00 am sundaysale no of rooms guests apply to save 26 apply 3 rooms 4 guests 4 adults apply offers future stay voucher gift card total payable 20 889 booking cancellation policy no refund on your selected dates ihave read and accepted the terms conditions privacy policies cancellation policy and indemnity form refund policy home rules and policy check in time 2 00 pm check out time 11 00 am note early check in and late check out is subject to availability at an additional fee 100 secure payment trusted by 5lakh guests
kayak_0.png,data\raw\kayak\kayak_0.png,kayak,Real,,"Ki Al Y{A|K| 3 Mumbai 2D Mopa Int! (GOX) @% May #& 20May & 2travellers + AskAl 2 ¥ = Allfilters + SmartFilters V ) Mealplan Y Stops V__—— Hotelclass V — Reviewscore VY Price V — Airlines V — Freebies = Amenities V —Propertystyle V = Pi > *£ = 2 4é Fetching prices... Malgaon r Joel's River Wood Pernem + EB) cecellent (12) tee 2 32,038 216.019 per person = 20:45 Mumbai Chhatrapati Shivaji Intl, Direct Flight + Hotel e See flight details » t Meals not included @ ° oe 9% Shorter flight 216,444 KAYAK MIX Seeall v v Bhumiputra stays — Pernem ~ Good (15) 2 36,311 218.156 per person z = 20:45 Mumbai Chhatrapati Shivaji Intl, Direct Flight + Hotel a See flight details » t Meals not included",,,ki al 3 mumbai 2d mopa int gox may 20may 2travellers askal 2 allfilters smartfilters mealplan stops hotelclass reviewscore vy price airlines freebies amenities propertystyle pi 2 4 fetching prices malgaon joel river wood pernem eb cecellent 12 tee 2 32 038 216 019 per person 20 45 mumbai chhatrapati shivaji intl direct flight hotel see flight details meals not included 9 shorter flight 216 444 kayak mix seeall bhumiputra stays pernem good 15 2 36 311 218 156 per person 20 45 mumbai chhatrapati shivaji intl direct flight hotel see flight details meals not included
oyo_0.png,data\raw\oyo\oyo_0.png,oyo,Real,,"EN Search by city, hotel, or neighborht © Nearme Tue, 14 Apr - Wed, 15 Apr 1 Room, 2 Guests | search| ® & 0124-6201611 Login / Signup — (@ Share <—E A. ke] View all photos Super Collection O Sector 5 Sanpada Formerly Opal Comforts iaTstovg 21379 %6299 + taxes & fees: 148 & Company-Serviced [JJ wizaro memser Tue, 14 Apr - Wed, 15 Apr 1 Room, 2 Guests \",,,en search by city hotel or neighborht nearme tue 14 apr wed 15 apr 1 room 2 guests search 0124 6201611 login signup share ke view all photos super collection sector 5 sanpada formerly opal comforts iatstovg 21379 6299 taxes fees 148 company serviced jj wizaro memser tue 14 apr wed 15 apr 1 room 2 guests
oyo_1.png,data\raw\oyo\oyo_1.png,oyo,Real,,"ovo < Modify your booking # 1 j i ing! # Yay! you just saved 2291 on this booking! Super Collection 0 Sector 5 Sanpada Formerly Opal Comforts (ZEXE] (1031 Ratings) - very Good 1 Night Enter your details We will use these details to share your booking information Tue, 14 Apr - Wed, 15 Apr 1 Room, 2 Guests Full Name Email Address Classic Room price for 1 Night X 2 Guests %6299 Mobile Number Instant discount -%2481 60% Coupon Discount -%2291 Payable Amount %1527",,,ovo modify your booking 1 ing yay you just saved 2291 on this booking super collection 0 sector 5 sanpada formerly opal comforts zexe 1031 ratings very good 1 night enter your details we will use these details to share your booking information tue 14 apr wed 15 apr 1 room 2 guests full name email address classic room price for 1 night 2 guests 6299 mobile number instant discount 2481 60 coupon discount 2291 payable amount 1527
oyo_10.png,data\raw\oyo\oyo_10.png,oyo,Real,,"Login / Signup EN ovo Pimpri Chinchwad, Pune, Maharas © Nearme Tue, 14 Apr — Wed, 15 Apr 1 Room, 2 Guests | search| ® 0724-6201611 z a View Details 2626 24455 ""| + €166 taxes & fees - per room per night | View Details | Collections Family OYOs Login now to get upto 15% lower prices Your friendly neighbourhood stay Enjoy up to 15% extra discount on your bookings For Group Travellers Local ID: ted ocal IDs accepte Hotel O Western Avenue Pune Formerly Happy ... & 7 people booked this hotel in last 6 Thergaon, Pune - 9 4.6 km hours & Company-Serviced OYOs welcomes couples EEE (128 Ratings) - Good Q Reception % Free Wifi Geyser +9 more + View More fw] WIZARD MEMBER Categories Townhouse - Your friendly, premium PI FB5Z 22006 7% off neighbourhood hotel- Serviced b) g ¥ + €160 taxes & fees - per room per night OYO Flagship - Affordable hotels at Prime locations- Serviced by OYO Super Collection O MIDC Pimpari Pune Formerly SK Palace",,,login signup en ovo pimpri chinchwad pune maharas nearme tue 14 apr wed 15 apr 1 room 2 guests search 0724 6201611 view details 2626 24455 166 taxes fees per room per night view details collections family oyos login now to get upto 15 lower prices your friendly neighbourhood stay enjoy up to 15 extra discount on your bookings for group travellers local id ted ocal ids accepte hotel western avenue pune formerly happy 7 people booked this hotel in last 6 thergaon pune 9 4 6 km hours company serviced oyos welcomes couples eee 128 ratings good reception free wifi geyser 9 more view more fw wizard member categories townhouse your friendly premium pi fb5z 22006 7 off neighbourhood hotel serviced 160 taxes fees per room per night oyo flagship affordable hotels at prime locations serviced by oyo super collection midc pimpari pune formerly sk palace
oyo_11.png,data\raw\oyo\oyo_11.png,oyo,Real,,"EN Search by city, hotel, or neighborh« © Nearme Tue, 14 Apr - Wed, 15 Apr 1 Room, 2 Guests | search| ® 0124-6201611_ 7 Login / Signup —— Er Townhouse Somani TC 1189 Ratings TESTE E1676 098 76% off + taxes & fees: $286 NOW TO GET UPTO 15% LOWER Ss u 5.0 - Check-in rating > Delightful experience Tue, 14 Apr - Wed, 15 Apr 1 Room, 2 Guests Amenities Classic 2 & ac & Free Wifi Ov ig) 24-Hour Front Desk #] Power backup = CCTV cameras @® WELCOME80 coupon applied -%2944 MORE OFFERS Show More About this OYO Your savings 2944 Location Total price 1962 The place is located near JSPM College, Pune, Maharashtra. Including taxes & fees @ Amenities Pre Book Meals, Pre Book Meals, Security, Modern Furniture, Spa, Curtains, Cutlery/Crockery, Kitchen, Continue to Book 24/7 Checkin, Kindle, Iron, Wheelchair Accessible, Laptop Friendly, Hair Dryer, Dining Area, In-house Restaurant, Room Area, Bath Tub, Card Payment, Daily Housekeeping, Fire-Extinguisher, Reception, ¥ 9k+ people booked this OYO in last 6 months Buzzer/Door Bell, HDTV, Conference Room, Dish Washer, Attached Bathroom, Mirror, CCTV Cameras,",,,en search by city hotel or neighborh nearme tue 14 apr wed 15 apr 1 room 2 guests search 0124 6201611 7 login signup er townhouse somani tc 1189 ratings teste e1676 098 76 off taxes fees 286 now to get upto 15 lower ss 5 0 check in rating delightful experience tue 14 apr wed 15 apr 1 room 2 guests amenities classic 2 ac free wifi ov ig 24 hour front desk power backup cctv cameras welcome80 coupon applied 2944 more offers show more about this oyo your savings 2944 location total price 1962 the place is located near jspm college pune maharashtra including taxes fees amenities pre book meals pre book meals security modern furniture spa curtains cutlery crockery kitchen continue to book 24 7 checkin kindle iron wheelchair accessible laptop friendly hair dryer dining area in house restaurant room area bath tub card payment daily housekeeping fire extinguisher reception 9k people booked this oyo in last 6 months buzzer door bell hdtv conference room dish washer attached bathroom mirror cctv cameras
oyo_12.png,data\raw\oyo\oyo_12.png,oyo,Real,,"ovo Search by city, hotel, or neighborh« © Nearme Tue, 14 Apr - Wed, 15 Apr DanCenter Aumenta Villa | 5BHK I Pvt Pool! Baga! GOA Mid range Y Company Serviced Amenities © #6 Ow &® Free Wifi Geyser Show More About this OYO Affordable hotels at prime location. Choose your room 68 Kitchen NK] Power backup EN TReom 1 Guest | seen | @ 0124-6201611 Call us to Book now Login / Signup LOGIN OGIN NOW TO GET UPTO 1 ES F15076 2800 55% off + taxes & fees: €3690 Tue, 14 Apr - Wed, 15 Apr 1 Room, 1 Guest Premium Villa -5BHK 2 @ Apply coupon MORE OFFERS Total price 218766 Including taxes & fees © Continue to Book @ Hurry, Only 1 room left! Cancellation Policy © Callens eafats: manciurne arhiead at the hatal",,,ovo search by city hotel or neighborh nearme tue 14 apr wed 15 apr dancenter aumenta villa 5bhk pvt pool baga goa mid range company serviced amenities 6 ow free wifi geyser show more about this oyo affordable hotels at prime location choose your room 68 kitchen nk power backup en treom 1 guest seen 0124 6201611 call us to book now login signup login ogin now to get upto 1 es f15076 2800 55 off taxes fees 3690 tue 14 apr wed 15 apr 1 room 1 guest premium villa 5bhk 2 apply coupon more offers total price 218766 including taxes fees continue to book hurry only 1 room left cancellation policy callens eafats manciurne arhiead at the hatal
oyo_13.png,data\raw\oyo\oyo_13.png,oyo,Real,,"Login / Signup EN ovo Goa ‘© Near me Tue, 14 Apr - Wed, 15 Apr 1 Room, 1 Guest | search| ® o 2a e2016n1 ow neighbourhood hotel- Serviced by oyo x = ae | =a & Company-Serviced Pare Super Townhouse Madgaon e M1 people booked ‘Acco! ion Type Near Madgaon Railway Station, Goa hours Hotel (ERY (663 ratings) - very Good sig ®& Parking facility Pr Diningarea @FreeWifi +14 more Hotel Facilities a 2 [wy | WIZARD MEMBER | S TV | — & 26309 77% off AC + €133 taxes & fees - per room per night w Wizard Member OYOs Get 5% off ber hotel: . . ‘et 5% off on member hotels Townhouse Margao Near Railway Station Forme... 7 people booked Near Grace Church, Margao, Goa this hotel in last 6 \WV Show Only Wizard Member OYOs hours (ERY (284 ratings) - very Good Check-in features & Free Wifi & Bath Tub Power backup + 16 more (OY wzaro memeer Pay at Hotel",,,login signup en ovo goa near me tue 14 apr wed 15 apr 1 room 1 guest search 2a e2016n1 ow neighbourhood hotel serviced by oyo ae company serviced pare super townhouse madgaon m1 people booked acco ion type near madgaon railway station goa hours hotel ery 663 ratings very good sig parking facility pr diningarea freewifi 14 more hotel facilities 2 wy wizard member tv 26309 77 off ac 133 taxes fees per room per night wizard member oyos get 5 off ber hotel et 5 off on member hotels townhouse margao near railway station forme 7 people booked near grace church margao goa this hotel in last 6 wv show only wizard member oyos hours ery 284 ratings very good check in features free wifi bath tub power backup 16 more oy wzaro memeer pay at hotel
oyo_2.png,data\raw\oyo\oyo_2.png,oyo,Real,,"ovo < Modify your booking Yew . . eel #& Yay! you just saved 2076 on this booking! Super Townhouse APMC Market Mumbai Formerly Stayzi Inn i (189 Rati + Excellent Enter your details [45 x | atings) - Excellen 1 Night We will use these details to share your booking information Tue, 14 Apr - Wed, 15 Apr 1 Room, 2 Guests Full Name Email Address Classic Room price for 1 Night X 2 Guests 27065 Mobile Number Instant discount -%3605 491 v 60% Coupon Discount -%2076 Payable Amount 71384 ¥ 9 people booked this hotel in last 6 hours",,,ovo modify your booking yew eel yay you just saved 2076 on this booking super townhouse apmc market mumbai formerly stayzi inn 189 rati excellent enter your details 45 atings excellen 1 night we will use these details to share your booking information tue 14 apr wed 15 apr 1 room 2 guests full name email address classic room price for 1 night 2 guests 27065 mobile number instant discount 3605 491 60 coupon discount 2076 payable amount 71384 9 people booked this hotel in last 6 hours
oyo_3.png,data\raw\oyo\oyo_3.png,oyo,Real,,"ovo EN Search by city, hotel, or neighborh« © Nearme Tue, 14 Apr - Wed, 15 Apr 1 Room, 2 Guests | search| ® 0124-6201611_ , Super Townhouse APMC Market Mumbai Formerly Stayzi Inn ORES & Company-Serviced [JJ wizaro memser u 5.0 - Check-in rating > Delightful experience Y company serviced Amenities = ac & Free Wifi Ov Geyser Z] Power backup Q House Keeping Show More About this OYO OYO Townhouse is based on the needs of the millennial traveler. Every single element of the hotel — from the breakfast menu to the booking process has been re-engineered for comfort, efficiency, convenience and affordability. Login / Signup LOGIN NOW TO GET UPTO 15: PRICES F1180 2655 83% off + taxes & fees: €204 Tue, 14 Apr - Wed, 15 Apr 1 Room, 2 Guests Classic 2 @® > WELCOME80 coupon applied -%2076 MORE OFFERS Your savings %2076 Total price 21384 Including taxes & fees © Continue to Book ¥ 9 people booked this hotel in last 6 hours Cancellation Policy ©",,,ovo en search by city hotel or neighborh nearme tue 14 apr wed 15 apr 1 room 2 guests search 0124 6201611 super townhouse apmc market mumbai formerly stayzi inn ores company serviced jj wizaro memser 5 0 check in rating delightful experience company serviced amenities ac free wifi ov geyser power backup house keeping show more about this oyo oyo townhouse is based on the needs of the millennial traveler every single element of the hotel from the breakfast menu to the booking process has been re engineered for comfort efficiency convenience and affordability login signup login now to get upto 15 prices f1180 2655 83 off taxes fees 204 tue 14 apr wed 15 apr 1 room 2 guests classic 2 welcome80 coupon applied 2076 more offers your savings 2076 total price 21384 including taxes fees continue to book 9 people booked this hotel in last 6 hours cancellation policy
oyo_4.png,data\raw\oyo\oyo_4.png,oyo,Real,,"‘© Near me ovo Search by city, hotel, or neighborh« EN Tue, 14 Apr - Wed, 15 Apr 1 Room, 2 Guests | search| & 0124-6201611 Login / Signup er) ) tp A Super Townhouse APMC Market Mumbai Formerly Stayzi Inn NOW TO GET UPTO 15% LOWER Ss LOGIN 189 Ratings F1180 2655 83% off + taxes & fees: €204 & Company-Serviced [JJ wizaro memser u 5.0 - Check-in rating > Delightful experience Tue, 14 Apr - Wed, 15 Apr 1 Room, 2 Guests",,,near me ovo search by city hotel or neighborh en tue 14 apr wed 15 apr 1 room 2 guests search 0124 6201611 login signup er tp super townhouse apmc market mumbai formerly stayzi inn now to get upto 15 lower ss login 189 ratings f1180 2655 83 off taxes fees 204 company serviced jj wizaro memser 5 0 check in rating delightful experience tue 14 apr wed 15 apr 1 room 2 guests
oyo_5.png,data\raw\oyo\oyo_5.png,oyo,Real,,"ovo Vashi, Navi Mumbai, Maharashtra © Nearme Filters Clear All Price 2607 75688 Collections Family OYOs Your friendly neighbourhood stay For Group Travellers Near Airport Local IDs accepted + View More Categories OYO Rooms - Super affordable stays & Company-Serviced Tue, 14 Apr - Wed, 15 Apr EN ""Room 2 Guests | seen | @ Super Townhouse Oak Vashi Vashi, Mumbai - 9 1.7 km (ZEEES (1621 Ratings) - excelient © Reception Free Wifi © Caretaker (OY wzaro memeer F1787 44 73% off + 8190 taxes & fees - per room per night 0124-6201611 Call us to Book now Login / Signup & 10 people booked this hotel in last 6 hours +19 more Super Collection O Lodha Experia Mall Dombiw... & 8 people booked Dombivli East, Mumbai - 9 12.5 km (EES 377 Ratings) - very Good [fi] Elevator (Z) Reception % Free Wifi (OY wzaro memeer FO58 M4289 73% off + 8180 taxes & fees - per room per night this hotel in last 6 hours +8 more",,,ovo vashi navi mumbai maharashtra nearme filters clear all price 2607 75688 collections family oyos your friendly neighbourhood stay for group travellers near airport local ids accepted view more categories oyo rooms super affordable stays company serviced tue 14 apr wed 15 apr en room 2 guests seen super townhouse oak vashi vashi mumbai 9 1 7 km zeees 1621 ratings excelient reception free wifi caretaker oy wzaro memeer f1787 44 73 off 8190 taxes fees per room per night 0124 6201611 call us to book now login signup 10 people booked this hotel in last 6 hours 19 more super collection lodha experia mall dombiw 8 people booked dombivli east mumbai 9 12 5 km ees 377 ratings very good fi elevator reception free wifi oy wzaro memeer fo58 m4289 73 off 8180 taxes fees per room per night this hotel in last 6 hours 8 more
oyo_6.png,data\raw\oyo\oyo_6.png,oyo,Real,,"ovo Filters Clear All Price 2607 75688 Collections {_) Family OYOs {_) Your friendly neighbourhood stay {_) For Group Travellers {) Near Airport {_] Local IDs accepted + View More Categories {| OYO Rooms - Super affordable stays Vashi, Navi Mumbai, Maharashtra. ©- Nearme & Company-Serviced & Company Tue, 14 Apr - Wed, 15 Apr EN 1 Room, 2 Guests Search ® DUPE TOWNNUUSE APIVIL IVIarKEt IVIUITIDa! FOr... Vashi, Mumbai - 9 0.8 km (189 Ratings) - Excellent © Reception @ Free Wifi Geyser F1180 2665 80% off + £204 taxes & fees - per room per night Super Collection O Sanpada Railway Junction Vashi, Mumbai - 9 1.9 km (459 Ratings) - Excellent [fH Elevator © Reception # Free Wifi fw] WIZARD MEMBER F3828 44027 68% off + 8594 taxes & fees - per room per night 0124-6201611 Call us to Book now +7 more +9 more Login / Signup & 9 people booked this hotel in last 6 hours ¥ Hurry, Only 1 room left!",,,ovo filters clear all price 2607 75688 collections family oyos your friendly neighbourhood stay for group travellers near airport local ids accepted view more categories oyo rooms super affordable stays vashi navi mumbai maharashtra nearme company serviced company tue 14 apr wed 15 apr en 1 room 2 guests search dupe townnuuse apivil iviarket iviuitida for vashi mumbai 9 0 8 km 189 ratings excellent reception free wifi geyser f1180 2665 80 off 204 taxes fees per room per night super collection sanpada railway junction vashi mumbai 9 1 9 km 459 ratings excellent fh elevator reception free wifi fw wizard member f3828 44027 68 off 8594 taxes fees per room per night 0124 6201611 call us to book now 7 more 9 more login signup 9 people booked this hotel in last 6 hours hurry only 1 room left
oyo_7.png,data\raw\oyo\oyo_7.png,oyo,Real,,"Search by city, hotel, or neighborh« © Nearme Tue, 14 Apr — Wed, 15 Apr Super Townhouse APMC Market Mumbai Formerly Stayzi Inn & Company-Serviced [JJ wizaro memser u 5.0 - Check-in rating > Delightful experience Y company serviced Amenities = ac & Free Wifi Ov Geyser Show More NK] Power backup ig) House Keeping 0124-6201611 1 Room, 2 Guests Le=_] S Call us to Book now 189 Ratings F1500 265 78% off + taxes & fees: £238 Tue, 14 Apr - Wed, 15 Apr 1 Room, 2 Guests Classic 2 @® WELCOME80 coupon applied -%2608 MORE OFFERS Your savings %2608 Total price 71738 Login / Signup",,,search by city hotel or neighborh nearme tue 14 apr wed 15 apr super townhouse apmc market mumbai formerly stayzi inn company serviced jj wizaro memser 5 0 check in rating delightful experience company serviced amenities ac free wifi ov geyser show more nk power backup ig house keeping 0124 6201611 1 room 2 guests le call us to book now 189 ratings f1500 265 78 off taxes fees 238 tue 14 apr wed 15 apr 1 room 2 guests classic 2 welcome80 coupon applied 2608 more offers your savings 2608 total price 71738 login signup
oyo_8.png,data\raw\oyo\oyo_8.png,oyo,Real,,"Amenities About this OYO Choose your room Ratings and Reviews Hotel Rules What's nearby (@ Share Y company serviced Amenities Ge AC & Free Wifi Ov Geyser Z] Power backup Q House Keeping Show More About this OYO OYO Townhouse is based on the needs of the millennial traveler. Every single element of the hotel — from the breakfast menu to the booking process has been re-engineered for comfort, efficiency, convenience and affordability. Read more Choose your room SELECTED CATEGORY ¥ taxes & fees: €238) Tue, 14 Apr - Wed, 15 Apr 1 Room, 2 Guests || Classic a @® WELCOME80 coupon applied -%2608 MORE OFFERS Your savings %2608 Total price 21738 Including taxes & fees © Continue to Book ¥ 9 people booked this hotel in last 6 hours Cancellation Policy © Follow safety measures advised at the hotel By proceeding, you agree to our Guest Poli",,,amenities about this oyo choose your room ratings and reviews hotel rules what nearby share company serviced amenities ge ac free wifi ov geyser power backup house keeping show more about this oyo oyo townhouse is based on the needs of the millennial traveler every single element of the hotel from the breakfast menu to the booking process has been re engineered for comfort efficiency convenience and affordability read more choose your room selected category taxes fees 238 tue 14 apr wed 15 apr 1 room 2 guests classic welcome80 coupon applied 2608 more offers your savings 2608 total price 21738 including taxes fees continue to book 9 people booked this hotel in last 6 hours cancellation policy follow safety measures advised at the hotel by proceeding you agree to our guest poli
oyo_9.png,data\raw\oyo\oyo_9.png,oyo,Real,,"EN ovo Vashi, Navi Mumbai, Maharashtra. © Nearme Tue, 14 Apr- Wed, 15 Apr 1 Room, 2 Guests | search| ® or24-s201611 Filters Clear All 1 OYO in Vashi, Navi Mumbai, Maharashtra Map View @) Sort By Collections © upto 80% off. Valid until 14th Apr 2026. Family OYOs For Group Travellers Hotel O Home Exotic Studio Kalamboli Local IDs accepted Kalamboli, Mumbai - 9 11.5 km OYOs welcomes couples (ZEREY (504 ratings) - Excetient Categories al Home - Villas and apartments with extra space and privacy F1855 26954 68% off + €336 taxes & fees - per room per night Accomodation Type OYO Home Login / Signup Popularity v 800+ people booked this OYO in last 6 months Pas © Private entrance ©)Reception ©) 24-Hour Front Desk +8 more",,,en ovo vashi navi mumbai maharashtra nearme tue 14 apr wed 15 apr 1 room 2 guests search or24 s201611 filters clear all 1 oyo in vashi navi mumbai maharashtra map view sort by collections upto 80 off valid until 14th apr 2026 family oyos for group travellers hotel home exotic studio kalamboli local ids accepted kalamboli mumbai 9 11 5 km oyos welcomes couples zerey 504 ratings excetient categories al home villas and apartments with extra space and privacy f1855 26954 68 off 336 taxes fees per room per night accomodation type oyo home login signup popularity 800 people booked this oyo in last 6 months pas private entrance reception 24 hour front desk 8 more
Screenshot 2026-04-14 160545.png,data\raw\priceline\Screenshot 2026-04-14 160545.png,priceline,Real,,"@ sneaking dark pattern -Google x — [BJ Priceline.com-The Best Deals’ % [PB] Mumbai Hotels: 04/15-04/16| x [BJ Priceline.com x [+ ¢ Ask Gemini e] 3 priceline.com/relax-ui/listings?refid=PLGOOGLECPCB&refclickid=d%3AcBRAND16833014270g46024356902310941049094kwd-10842441%7C9062212%7C&destination=50... WW + o Hotels Cars Flights Packages Cruises Experiences WW? join vip Where to? Check-in - Check-out Rooms & Guests ¥ Update Search Mumbai, India 04/15/2026 - 04/16/2026 (1 night) 1 Room, 2 Adults (PESOS See Nasal 1703 hotels for tomorrow in Mumbai, India Thane) *oKalyan Hea Deals For You Fully Refundable Free Breakfast Luxury Pay Later Price ~ Mumbai North - Chhatrapati | Lonavala.. oogle iMap-data ©2026 Compare Properties Get a side-by-side view of up to 5 properties. Sort By Recommended , Amenities => Free Internet Access 1545) @ Free Breakfast 155) Free Parking Ginger Mumbai Airport v Free Internet Access, Free Parking, Fitness Center, Air... @ 1,268 Reviews 4-Star Hotel Top Booked ICONIQA Hotel Mumbai International Airport v Free Internet Access, Free Parking, Swimming Pool, Fi... CEE = Som eu 4 @ Sign in for a VIP-only discount %9,500 Total: 211,210 Includes taxes & fees Local Deal %993 Off Limited time offer 270 311,717 16:05 14-04-2026",,,sneaking dark pattern google bj priceline com the best deals pb mumbai hotels 04 15 04 16 bj priceline com ask gemini 3 priceline com relax ui listings refid plgooglecpcb refclickid 3acbrand16833014270g46024356902310941049094kwd 10842441 7c9062212 7c destination 50 hotels cars flights packages cruises experiences join vip where to check in check out rooms guests update search mumbai india 04 15 2026 04 16 2026 1 night 1 room 2 adults pesos see nasal 1703 hotels for tomorrow in mumbai india thane okalyan hea deals for you fully refundable free breakfast luxury pay later price mumbai north chhatrapati lonavala oogle imap data 2026 compare properties get side by side view of up to 5 properties sort by recommended amenities free internet access 1545 free breakfast 155 free parking ginger mumbai airport free internet access free parking fitness center air 1 268 reviews 4 star hotel top booked iconiqa hotel mumbai international airport free internet access free parking swimming pool fi cee som eu 4 sign in for vip only discount 9 500 total 211 210 includes taxes fees local deal 993 off limited time offer 270 311 717 16 05 14 04 2026
Screenshot 2026-04-14 160704.png,data\raw\priceline\Screenshot 2026-04-14 160704.png,priceline,Real,,"© sneaking dark pattern - > o¢ pricelin Overview Photos Luxe Queen Room Sleeps 3 - 205 sq ft 1 Queen Bed P Free Parking + Free WIFI Room Details and Photos Non Refundable 79,500 Total: 211,210 includes taxes & fees 2 left at this price for this room on our site Non Refundable 710,300 Total: 212,154 includes taxes & fees 2 left at this price for this room on our site Amenities About Reviews D-Luxe Queen Room Sleeps 3 - 205 sq ft 1 Queen Bed P Free Parking 4 Free WIFI Room Details and Photos Non Refundable 710,500 Total: 212,390 includes taxes & fees 711,299 Total: 213,333 includes taxes & fees Non Refundable {Bi Price includes breakfast Show More v Ask Gemini Luxe Twin Room Sleeps 3 - 205 sq ft 2 Twin Beds ‘Free WIFI P Free Parking Room Details and Photos SOLD OUT This property is in high demand - book available rooms while you can. ea",,,sneaking dark pattern pricelin overview photos luxe queen room sleeps 3 205 sq ft 1 queen bed free parking free wifi room details and photos non refundable 79 500 total 211 210 includes taxes fees 2 left at this price for this room on our site non refundable 710 300 total 212 154 includes taxes fees 2 left at this price for this room on our site amenities about reviews luxe queen room sleeps 3 205 sq ft 1 queen bed free parking 4 free wifi room details and photos non refundable 710 500 total 212 390 includes taxes fees 711 299 total 213 333 includes taxes fees non refundable bi price includes breakfast show more ask gemini luxe twin room sleeps 3 205 sq ft 2 twin beds free wifi free parking room details and photos sold out this property is in high demand book available rooms while you can ea
Screenshot 2026-04-14 160742.png,data\raw\priceline\Screenshot 2026-04-14 160742.png,priceline,Real,,"x | [BY Priceline. x Xx |B Priceline - Checkout: Vile Parle. © sneaking dark pattern - € Cc priceline.com/cart/ch ZR Choose Room Guest & Payment Details Almost done! Enter your details and complete your booking now. Ginger Mumbai Airport Mumbai North - Chhatrapati Shivaji International Airport (BOM ) GOOD | 4-STAR HOTEL CHECK-IN CHECK-OUT NIGHT ROOM Wed, Apr 15, 2026 Thu, Apr 16, 2026 1 1 Luxe Queen Room 9 1 Queen Bed VY. Free Wifi VY Free Parking The guest checking into each hotel room must be 21 or older, present a valid Photo ID and credit card. 3 Booking Confirmation Price per night 29,500.00 1room Number of nights 1 Taxes and fees 21,710.00 Total charges 211,210.00 Coupons cannot be redeemed for this booking Prices in INR. Prices include all taxes and fees. GEE = eon ea Ask Gemini Start planning with Penny (x + 16:07 14-04-2026",,,by priceline priceline checkout vile parle sneaking dark pattern cc priceline com cart ch zr choose room guest payment details almost done enter your details and complete your booking now ginger mumbai airport mumbai north chhatrapati shivaji international airport bom good 4 star hotel check in check out night room wed apr 15 2026 thu apr 16 2026 1 1 luxe queen room 9 1 queen bed vy free wifi vy free parking the guest checking into each hotel room must be 21 or older present valid photo id and credit card 3 booking confirmation price per night 29 500 00 1room number of nights 1 taxes and fees 21 710 00 total charges 211 210 00 coupons cannot be redeemed for this booking prices in inr prices include all taxes and fees gee eon ea ask gemini start planning with penny 16 07 14 04 2026
Screenshot 2026-04-14 161150.png,data\raw\priceline\Screenshot 2026-04-14 161150.png,priceline,Real,,"©@ sneaking dark pai x | [BY Pricelinecom-Th % | [BJ Mumbai Hotels: ger MumbaiA x — (B) THEBEST20Tour x {BB Jaipur Pr u (B Mumbaitotels:0 x = + ¢ Ask Gemini < G@ 2% _experiences.priceline.com/India/d723-ttd Qrx o = Filters Tours, Sightseeing & Cruises How to Get Around Sightseeing Tours Tours by Duration Private Sightseeing Tours BusTours > 1,000+ results Sort by: Featured v "" { Special Offer Ww 49 (437) w& 49 (213) w 48 (1,694) w 49 (1,960) Full Day Backwater Village Private Full-Day Jaipur City Tour with Private Mumbai Sightseeing Tour Taj Mahal and Agra Private Car Tour Punting Boat Cruise Car, Guide & Skip-the-Line (Traveller's Choice Award Winner) from Delhi with 5* Lunch 6 hours - Free Cancellation 7 hours - Free Cancellation 4 to 6 hours - Free Cancellation 12 hours - Free Cancellation from 2,600 from %500 from 2,500 from 31,924 22,405 Price varies by group size Price varies by group size Price varies by group size Price varies by group size By clicking “Accept All’, you agree to the storing of cookies on your device to enhance site navigation, analyze site usage, https://experiences priceline.com/tours/Jaipur/Private-Full-Day-Jaipur-City-Tour-with-Various-Options/d4627-3254",,,sneaking dark pai by pricelinecom th bj mumbai hotels ger mumbaia thebest20tour bb jaipur pr mumbaitotels 0 ask gemini 2 experiences priceline com india d723 ttd qrx filters tours sightseeing cruises how to get around sightseeing tours tours by duration private sightseeing tours bustours 1 000 results sort by featured special offer 49 437 49 213 48 1 694 49 1 960 full day backwater village private full day jaipur city tour with private mumbai sightseeing tour taj mahal and agra private car tour punting boat cruise car guide skip the line traveller choice award winner from delhi with 5 lunch 6 hours free cancellation 7 hours free cancellation 4 to 6 hours free cancellation 12 hours free cancellation from 2 600 from 500 from 2 500 from 31 924 22 405 price varies by group size price varies by group size price varies by group size price varies by group size by clicking accept all you agree to the storing of cookies on your device to enhance site navigation analyze site usage https experiences priceline com tours jaipur private full day jaipur city tour with various options d4627 3254
Screenshot 2026-04-14 161318.png,data\raw\priceline\Screenshot 2026-04-14 161318.png,priceline,Real,,"@ sneaking dark p PB) Pricelinecom-Th x — [BJ] Mumbai Hotels: ¢ x | (BY THEBEST 20 Tou P) Jaipur Private Full x — [B] Mumbai Hotels: Ask Gemini eriences.priceline.com/tour © 7 hours (approx.) @ Pickup offered @® Group discounts O Mobile ticket 210,074.34 Price details @ Discounted rates for children =| Offered in: English and 4 more @© Car + Guide + Entrance Language U English Includes: Private Car with Driver, Guide and Entrance tickets. But Lunch is not included in this price. Date Travelers v v Pickup included Wed, Apr 15 a2 Q& English: In-person +4 more 210,074.34 | Update Search 7:30 AM | | 8:00 AM | | 8:30 AM | | 9:00 AM 2 Adults x 25,037.17 10 AM | 9:30 AM || 10:00 AM || 10:30 AM || 11:00 AM & Book ahead! On average, this is booked 32 days in advance 2 hours left to book. The tour operator will stop accepting © bookings for your date soon. @® Non-refundable - The free cancellation window has closed for okNew this date. 211,918.92 @ Back to top 2 Adults x 25,959.46 4 16:13 Q Search as a @ @ : © 14-04-2026 O Car + Guide + Entrance + Lunch",,,sneaking dark pb pricelinecom th bj mumbai hotels by thebest 20 tou jaipur private full mumbai hotels ask gemini eriences priceline com tour 7 hours approx pickup offered group discounts mobile ticket 210 074 34 price details discounted rates for children offered in english and 4 more car guide entrance language english includes private car with driver guide and entrance tickets but lunch is not included in this price date travelers pickup included wed apr 15 a2 english in person 4 more 210 074 34 update search 7 30 am 8 00 am 8 30 am 9 00 am 2 adults 25 037 17 10 am 9 30 am 10 00 am 10 30 am 11 00 am book ahead on average this is booked 32 days in advance 2 hours left to book the tour operator will stop accepting bookings for your date soon non refundable the free cancellation window has closed for oknew this date 211 918 92 back to top 2 adults 25 959 46 4 16 13 search as 14 04 2026 car guide entrance lunch
Screenshot 2026-04-14 161403.png,data\raw\priceline\Screenshot 2026-04-14 161403.png,priceline,Real,,"Overview What's Included Meeting and Pickup Itinerary Additional Info Cancellation Policy Reviews 210,074.34 Price details ) Discounted rates for children @ Car + Guide + Entrance Includes: Private Car with Driver, Guide and Entrance tickets. But Lunch is not included in this price. Pickup included vanguage & English: in-person +4 more English 710,074.34 on wave 2 Adults x 75,037.17 ate v ravelers yu 730 AM || 8:00 AM || 8:30 AM || 9:00 AM | Wed, Apr 15 22 7:00 AM ( 9:30 AM || 10:00 AM || 10:30 AM || 1:00 AM | Update Search @ Zhours left to book. The tour operator will stop accepting bookings for your date soon. 6) Book ahead! @ Non-refundable - The free cancellation window has closed for <aNey ‘On average, this is booked 32 days in advance. this date. O Car + Guide + Entrance + Lunch 3M,918.92 2Adults x #5.959.46 © Car+Guide F2127.04 2aduls «#108852 1,000.00 © Guide Only 2 Adults x 2500.00 Back to top",,,overview what included meeting and pickup itinerary additional info cancellation policy reviews 210 074 34 price details discounted rates for children car guide entrance includes private car with driver guide and entrance tickets but lunch is not included in this price pickup included vanguage english in person 4 more english 710 074 34 on wave 2 adults 75 037 17 ate ravelers yu 730 am 8 00 am 8 30 am 9 00 am wed apr 15 22 7 00 am 9 30 am 10 00 am 10 30 am 1 00 am update search zhours left to book the tour operator will stop accepting bookings for your date soon 6 book ahead non refundable the free cancellation window has closed for aney on average this is booked 32 days in advance this date car guide entrance lunch 3m 918 92 2adults 5 959 46 car guide f2127 04 2aduls 108852 1 000 00 guide only 2 adults 2500 00 back to top
sawaari0.png,data\raw\sawari\sawaari0.png,sawari,Real,,"SAVAAR Bes Css) Home > Select Car Trip Type Pick up Time New Delhi - Mathura One way 15-04-2026 7:00 AM Modify Booking y Wagon R © 28% OFF £2,353 {\\3) or equivalent | 4 seater AC Cab = 1 70 2 A } & Driver allowance included A S&S +400 Charges and Taxes ‘ammo (@)_ 166 kms included | Post limit: €11/km , SELECT CAR Inclusions and Exclusions ¥ Toyota Etios @ 28% OFF £2,407 or equivalent | 4 seater AC Cab = 1 ,743 & Driver allowance included S&S + 402 Charges and Taxes (@._ 166 kms included | Post limit: #11/km : SELECT CAR Inclusions and Exclusions v Ertiga © 19% OFF £2,616 = yA La ESD or equivalent | 6 seater AC Cab , See 2,117 ae R EX Driver allowance included + 416 Charnes and Taxes",,,savaar bes css home select car trip type pick up time new delhi mathura one way 15 04 2026 7 00 am modify booking wagon 28 off 2 353 3 or equivalent 4 seater ac cab 1 70 2 driver allowance included 400 charges and taxes ammo 166 kms included post limit 11 km select car inclusions and exclusions toyota etios 28 off 2 407 or equivalent 4 seater ac cab 1 743 driver allowance included 402 charges and taxes 166 kms included post limit 11 km select car inclusions and exclusions ertiga 19 off 2 616 ya la esd or equivalent 6 seater ac cab see 2 117 ae ex driver allowance included 416 charnes and taxes
sawari1.png,data\raw\sawari\sawari1.png,sawari,Real,,"PICnup Loco Drop Location <] Personalize Your Journey Enhance your travel experience with our premium add-ons O New Delhi - Mathura Expressway — Most Popular O Cab with Luggage Carrier O New Car Promise - Model that is 2023 or newer O Chauffeurs who know your language Inclusions/Exclusions @ Inclusions e Exclusions vy Base Fare and Fuel Charges ; 166 km v_ Driver Allowance %35, ™149 %249 %199 x Beyond package km charged at %11/km after APP! PROCEED View Fare Break up Aa Base Fare 31,702 Driver Allowance %300 GST 2100.00 Total Fare %2,102",,,picnup loco drop location personalize your journey enhance your travel experience with our premium add ons new delhi mathura expressway most popular cab with luggage carrier new car promise model that is 2023 or newer chauffeurs who know your language inclusions exclusions inclusions exclusions vy base fare and fuel charges 166 km driver allowance 35 149 249 199 beyond package km charged at 11 km after app proceed view fare break up aa base fare 31 702 driver allowance 300 gst 2100 00 total fare 2 102
Screenshot 2026-04-14 221107.png,data\raw\skyscanner\Screenshot 2026-04-14 221107.png,skyscanner,Real,,"@ Flight Ticket Booking: Cheap Fi X = + +> Ask Gemini - ag xX € G —&_skyscanner.co.in/?locale=en-GB&gclsrc=aw.ds&8iutm_source=google8utm_medium=cpc8utm_campaign=IN-Travel-Search-Brand-SkyscannerPure-Desktop&utm term=s.. ® x @ my C1) a Mz . s~< Skyscanner Hep @ @Y @ Login % Flights ( = Hotels )( > Cars Millions of cheap flights. One simple search. Oneway ¥ From e Depart Travellers and cabin class Mumbai (Any) Goa North Manohar International (GOX) 16/05/2026 1 Adult, Economy Seareh eo @ Add nearby airports WB Add nearby airports ¥) Add ahotel @ Direct flights @ Explore everywhere ENG IN 22:10 cy 6 SW) 14-04-2026 } n 6",,,flight ticket booking cheap fi ask gemini ag skyscanner co in locale en gclsrc aw ds 8iutm source google8utm medium cpc8utm campaign in travel search brand skyscannerpure desktop utm term my c1 mz skyscanner hep login flights hotels cars millions of cheap flights one simple search oneway from depart travellers and cabin class mumbai any goa north manohar international gox 16 05 2026 1 adult economy seareh eo add nearby airports wb add nearby airports add ahotel direct flights explore everywhere eng in 22 10 cy 6 sw 14 04 2026 6
Screenshot 2026-04-14 221128.png,data\raw\skyscanner\Screenshot 2026-04-14 221128.png,skyscanner,Real,,"Compare Cheap Hotel x S| Cheap domestic flights from MX = + ¢ Ask Gemini G@ 8% _skyscanner.co.in/transport/flights/ibom/gox/260516/?adul i nomyéichildrenv2 homeurtn=0&preferdirects=false&outboundaltsenabled=false.. Oo 1 ae Skyscanner Help English (UK) #8 India ZINR @ )(. a» Cars = Hotels Flexible on your dates? cv Mumbai (Any) - Goa (GOX) - 1 adult, Economy Explore different dates to find cheaper flights 13 May 14May 15 May 23,032 23,586 23,765 17 May 18 May 19 May im] 33,572 3,052 23,580 Flexible dates @ GetPrice Alerts (Checked 19 of 27 5 Show whole month Stops a Cheapest Fastest 23,321 33,586 Sort ¥ Direct thts th from 83,321 stop from 85,825 as SS thos Book with Akasa Air from rom : 2 : 13:05 » 14:30 24,977 BOM Direct GOX Baggage “ Select all Ti deals from (¥) 07:30 ‘nos 08:35 23,638",,,compare cheap hotel cheap domestic flights from mx ask gemini 8 skyscanner co in transport flights ibom gox 260516 adul nomy ichildrenv2 homeurtn 0 preferdirects false outboundaltsenabled false 1 ae skyscanner help english uk 8 india zinr cars hotels flexible on your dates cv mumbai any goa gox 1 adult economy explore different dates to find cheaper flights 13 may 14may 15 may 23 032 23 586 23 765 17 may 18 may 19 may im 33 572 3 052 23 580 flexible dates getprice alerts checked 19 of 27 5 show whole month stops cheapest fastest 23 321 33 586 sort direct thts th from 83 321 stop from 85 825 as ss thos book with akasa air from rom 2 13 05 14 30 24 977 bom direct gox baggage select all ti deals from 07 30 nos 08 35 23 638
Screenshot 2026-04-14 221444.png,data\raw\skyscanner\Screenshot 2026-04-14 221444.png,skyscanner,Real,,"®& Hotels| Compare Cheap Hotel x = p estic flights from M % | Hotels| Compare Cheap Hotel X + Se skyscanner.co.in/hotels/search?checkin=2026-05-16&checkout=2026-05-18&adults=1 &rooms=1&source=FlightsDayViewOC&entity_id=275418888sort=sort_type_best_d... jere do you want to stay? Check-in Taxes and fees not included | 556 results Display total including taxes ALCORN OR Search as you move the map bid dh. sy Juven”, Reis Magos).. 3.415 + Top reviews Lowest price Most stars Nearest first ¥ RIM Parvoyron ¥10,297 28,559 Old:Goa 1,398 | a earlim 2| 8,200 erie 4 We find prices from all across the web — what providers pay us affects how we sort results. Learn how Skyscanner works Taleiaao, %6,000 mali — %2, %1,598 ta Cruz %807 CARANerteeer 138 2,500 Taj Cidade de Goa Heritage, 9 2,283 Kund Goa Our cheapest price ( 214250 J Bambolim os $14,250 oon ahem ee 0.38 km from Radiance Diagnostics agoda 18,749 Agacaim 4.5/5 12,025 reviews Free cancellation Breakfast included Madkai the Location 4.5/5 8 More deals from v Vasco Chicalim Cortalim 814,250 Da Gama #2511) Dabolim __Sancoale %6,000 sate %2,702 M8 Cozy AC Studio Aptin Panjim 90 a WS : =@om@a 2 gy Zt",,,hotels compare cheap hotel estic flights from hotels compare cheap hotel se skyscanner co in hotels search checkin 2026 05 16 checkout 2026 05 18 adults 1 rooms 1 source flightsdayviewoc entity id 275418888sort sort type best jere do you want to stay check in taxes and fees not included 556 results display total including taxes alcorn or search as you move the map bid dh sy juven reis magos 3 415 top reviews lowest price most stars nearest first rim parvoyron 10 297 28 559 old goa 1 398 earlim 2 8 200 erie 4 we find prices from all across the web what providers pay us affects how we sort results learn how skyscanner works taleiaao 6 000 mali 2 1 598 ta cruz 807 caranerteeer 138 2 500 taj cidade de goa heritage 9 2 283 kund goa our cheapest price 214250 bambolim os 14 250 oon ahem ee 0 38 km from radiance diagnostics agoda 18 749 agacaim 4 5 5 12 025 reviews free cancellation breakfast included madkai the location 4 5 5 8 more deals from vasco chicalim cortalim 814 250 da gama 2511 dabolim sancoale 6 000 sate 2 702 m8 cozy ac studio aptin panjim 90 ws om 2 gy zt
Screenshot 2026-04-14 221619.png,data\raw\skyscanner\Screenshot 2026-04-14 221619.png,skyscanner,Real,,"| Compare Cheap Hotel X Cc skyscanner.co.in/hotels/search?checkin=2026-05-168&checkout=2026-05-18&adu Where do you Goa ® Cheap domestic flights from MX Cozywoods Hill Resort 1.43 km from Karmali Station 3.7/5 32 reviews 1.25 km from Maruti Ground 4.3/5 191 reviews Guests liked: Beautiful vibe - Exceptional service - Helpful staff « Well maintained 4} Summarised by Al Hotels | Compare Cheap Hote! x B The Hosteller Goa, Old Goa, G 8rooms=1&sour Check-in 16/05/2026 Check-out 18/05/2026 34.924 - 49% off 32,500 arin: agoda ecee Free cancellation Cheapest from 1,964 310,297 erin ” Expedia Free cancellation More deals from €10,297 lightsDayViewOC&entity id=27541888&sort=sort type bestd.. ® rx x + + Ask Gemini eo Guests and rooms Jadult, 1 room Search hotels -> Searchasyoumovethemap @™) HX sel pee ones 3,415 + Panag’, %10,297 T Chat ua Reis Magos 78,559 Old\Goa %1,398 00 3 8,200 arlim %e716 4 Taleiaao %6,000 ‘mali 82, %1,598 pte Crux %807 3,367 CARANenterr 33,438 22,283 1,769 5 Bambolim %5,720 Goa'vetna 18,749 Agacaim 9 Vasco Da Gama 2,511 Chicalim Cortalim Dabolim Sancoale Velsao %15,913 Cansaunnr )5-18/hotel/hotel/hotels?legacy_provider_id=228&rooms=1&closed_user_group=generaléhb_data=peOCvPMRTaEA2-Kuy65x6USy2U6k3npKKil1 AdN6viuNMo2dRjINRjU_uXA1XcQ-2... QED = om ea « aa 22:16 14-04-2026 et) =",,,compare cheap hotel cc skyscanner co in hotels search checkin 2026 05 168 checkout 2026 05 18 adu where do you goa cheap domestic flights from mx cozywoods hill resort 1 43 km from karmali station 3 7 5 32 reviews 1 25 km from maruti ground 4 3 5 191 reviews guests liked beautiful vibe exceptional service helpful staff well maintained 4 summarised by al hotels compare cheap hote the hosteller goa old goa 8rooms 1 sour check in 16 05 2026 check out 18 05 2026 34 924 49 off 32 500 arin agoda ecee free cancellation cheapest from 1 964 310 297 erin expedia free cancellation more deals from 10 297 lightsdayviewoc entity id 27541888 sort sort type bestd rx ask gemini eo guests and rooms jadult 1 room search hotels searchasyoumovethemap hx sel pee ones 3 415 panag 10 297 chat ua reis magos 78 559 old goa 1 398 00 3 8 200 arlim e716 4 taleiaao 6 000 mali 82 1 598 pte crux 807 3 367 caranenterr 33 438 22 283 1 769 5 bambolim 5 720 goa vetna 18 749 agacaim 9 vasco da gama 2 511 chicalim cortalim dabolim sancoale velsao 15 913 cansaunnr 5 18 hotel hotel hotels legacy provider id 228 rooms 1 closed user group general hb data peocvpmrtaea2 kuy65x6usy2u6k3npkkil1 adn6viunmo2drjinrju uxa1xcq 2 qed om ea aa 22 16 14 04 2026 et
uc0.png,data\raw\urbancompany\uc0.png,urbancompany,Real,,"Urban Company Select a service Upto 20% OFF Super saver Waxing Bridal facial packages Korean facial Signature facials Cleanup v Pedicure & Threading & face Bleach, detan & manicure wax massage © 1201, Cliff Ave- Hiranandani... v Q. Search in Salon Luxe Cleanup Hydra mud glow cleanup © 4.90 (6K reviews) 31,299 * 45 mins * Purifies skin & refines pores to reveal a healthy, natural glow * Suitable for dry skin View details Detox mud cleanup © 4.91 (2K reviews) . @ Get 750 coupon After first service delivery UC Promise Y 4.5+ Rated Beauticians Fogun> iy Y Luxury Salon Experience Y Premium Branded Products View Car",,,urban company select service upto 20 off super saver waxing bridal facial packages korean facial signature facials cleanup pedicure threading face bleach detan manicure wax massage 1201 cliff ave hiranandani search in salon luxe cleanup hydra mud glow cleanup 4 90 6k reviews 31 299 45 mins purifies skin refines pores to reveal healthy natural glow suitable for dry skin view details detox mud cleanup 4 91 2k reviews get 750 coupon after first service delivery uc promise 4 5 rated beauticians fogun iy luxury salon experience premium branded products view car
uc1.png,data\raw\urbancompany\uc1.png,urbancompany,Real,,"juc| Checkout Salon Luxe Account Hydra mud glow cleanup - 1+ 31,299 To book the service, please login or sign up Avoid calling before reaching the location Coupons and offers Login/Sign up to view offers Payment summary Item total 31,299 Taxes and Fee 89 Total amount 31,388 Amount to pay 31,388 Amount to pay 1,388 View breakup",,,juc checkout salon luxe account hydra mud glow cleanup 1 31 299 to book the service please login or sign up avoid calling before reaching the location coupons and offers login sign up to view offers payment summary item total 31 299 taxes and fee 89 total amount 31 388 amount to pay 31 388 amount to pay 1 388 view breakup
uc2.png,data\raw\urbancompany\uc2.png,urbancompany,Real,,"Checkout Send booking details to +91 7385896672 Q Address Select address Cancellation policy © Free cancellations if done more than 12 hrs before the service. A fee will be charged otherwise. © If the pack is unused, it can be cancelled for a full refund. Read full policy @ coupons and offers Payment summary Item total Pack discount Taxes and Fee Total amount Amount to pay Add a tip to thank the Professional =50 275 %100 POPULAR 100% of the tip goes to the professional. Amount to pay 1 offer > 35,956 1,400 3339 34,895 34,895 Custom 34,895 View breakup",,,checkout send booking details to 91 7385896672 address select address cancellation policy free cancellations if done more than 12 hrs before the service fee will be charged otherwise if the pack is unused it can be cancelled for full refund read full policy coupons and offers payment summary item total pack discount taxes and fee total amount amount to pay add tip to thank the professional 50 275 100 popular 100 of the tip goes to the professional amount to pay 1 offer 35 956 1 400 3339 34 895 34 895 custom 34 895 view breakup
uc3.png,data\raw\urbancompany\uc3.png,urbancompany,Real,,"Urban Company Select a service OFF ‘Super saver packs Stress relief Pain relief ck « ‘Ayurvedic skin Add-ons care © 1201, Cliff Ave- Hiranandani... v Q. Search in Spa Ayurveda 25% OFF Pack of 4 F999 z4.299 per massage* & Full body *Valid for 5 months 4 sessions (Mon-Sat only): Abhyangam massage © 4.80 (127K reviews) 2 options Add Starts at 74,116 25346 ® Starts at $1029/session * This massage pack can be redeemed between Monday to Saturday only View details 25% OFF Pack of 4 @ Get 750 coupon After first service delivery UC Promise no Y Verified Professionals agua VY Hassle Free Booking Y Transparent Pricing 34,556 35,956 iew Cart",,,urban company select service off super saver packs stress relief pain relief ck ayurvedic skin add ons care 1201 cliff ave hiranandani search in spa ayurveda 25 off pack of 4 f999 z4 299 per massage full body valid for 5 months 4 sessions mon sat only abhyangam massage 4 80 127k reviews 2 options add starts at 74 116 25346 starts at 1029 session this massage pack can be redeemed between monday to saturday only view details 25 off pack of 4 get 750 coupon after first service delivery uc promise no verified professionals agua vy hassle free booking transparent pricing 34 556 35 956 iew cart
yatra_0.png,data\raw\yatra\yatra_0.png,yatra,Real,,"ae O 5 [2] Corporates v 6, For Travel Agents &_ support v lum Hotels 2 Holidays ® Bus & Trains Cabs + DiyaA Round Trip Multi City Departure From Going To Departure Date V Return Date V Travellers & Clas: New Delhi Mumbai 16 Apr'26 ne 1 Traveller to save extra my (@ Claim your Covid Refund Gulf Crisis: Important Flight Updates > Claim Refund for Cancelled Flights > yatre Summe?: Ravel sex | uP TO 5Q% OFF xn : is",,,ae 5 2 corporates 6 for travel agents support lum hotels 2 holidays bus trains cabs diyaa round trip multi city departure from going to departure date return date travellers clas new delhi mumbai 16 apr 26 ne 1 traveller to save extra my claim your covid refund gulf crisis important flight updates claim refund for cancelled flights yatre summe ravel sex up to 5q off xn is
yatra_1.png,data\raw\yatra\yatra_1.png,yatra,Real,,"Date > New Delhi (DEL) Mumbai (BOM) 16Apr - Return YT Stops: 0 1 2 Price v Depart Time v Airlines ¥ Filters MyAccount * Support ~ Recent Search ~ Aircraft v 2 Travellers, Economy More Filters v Offers Modify Search Non Stop a < Wed, 15 Apr Thu, 16 Apr Fri, 17 Apr Sat, 18 Apr Sun, 19 Apr Mon, 20 Apr Tue, 21Apr Wed, 22 Apr Thu, 23 Apr Fri, 24 Apr > fs] 27.268 26,203 %6,203 26,203 26,665 26,451 %6,203 26,203 %6,203 26,203 PR Sort By: DEPART ARRIVE DURATION PRICE NON STOP FIRST New Delhi(DEL) 2h 10m Mumbai(BOM) 26,906 SpiceJet 16:30 18:40 SG-476 416 Apr 16 Apr View Fares Indira Gandhi (T-1D) Upto Rs. 3,000 OFF with ICICI EMI option. Use code - YTICICIEMI New Delhi(DEL) 2h 25m SpiceJet 20:10 $G-162 Non Stop Chatrapati Shivaji (T-1) Mumbai(BOM) 22:35 6,906",,,date new delhi del mumbai bom 16apr return yt stops 0 1 2 price depart time airlines filters myaccount support recent search aircraft 2 travellers economy more filters offers modify search non stop wed 15 apr thu 16 apr fri 17 apr sat 18 apr sun 19 apr mon 20 apr tue 21apr wed 22 apr thu 23 apr fri 24 apr fs 27 268 26 203 6 203 26 203 26 665 26 451 6 203 26 203 6 203 26 203 pr sort by depart arrive duration price non stop first new delhi del 2h 10m mumbai bom 26 906 spicejet 16 30 18 40 sg 476 416 apr 16 apr view fares indira gandhi 1d upto rs 3 000 off with icici emi option use code yticiciemi new delhi del 2h 25m spicejet 20 10 162 non stop chatrapati shivaji 1 mumbai bom 22 35 6 906
yatra_2.png,data\raw\yatra\yatra_2.png,yatra,Real,,"Fare Options ONWARD B SG-476 DEL — BOM 16 Apr 16:30 - 18:40 Services 6,906 O 87,280 O 8,619 Deal Of The Day Spice Saver Spice Max Oh - 3h: Non Refundable Oh - 3h: Non Refundable Non-Refundable 3h - 4d: INR 4,899 3h - 4d: INR 4,899 4d - 365d: INR 3,899 4d - 365d: INR 3,899 Cancellation From departure time Oh - 3h: Non Changeable Oh - 3h: Non Changeable 3h - 365d: INR 2,999 3h - 365d: INR 2,999 Date Change , Non- Changeable From departure time Preferred: Chargeable Preferred: Chargeable Seat Selection SpiceMax: Chargeable SpiceMax: Chargeable Free @ Checked Bag 15 Kgs 15 Kgs 15 Kgs Hand Bag 7 Kgs 7 Kgs 7 Kgs Yf Meal Chargeable Chargeable Complimentary meal Important: Details are based on information provided by the airline, Fees mentioned apply per traveller and do not include the Yatra service fee. 26,906/adult",,,fare options onward sg 476 del bom 16 apr 16 30 18 40 services 6 906 87 280 8 619 deal of the day spice saver spice max oh 3h non refundable oh 3h non refundable non refundable 3h 4d inr 4 899 3h 4d inr 4 899 4d 365d inr 3 899 4d 365d inr 3 899 cancellation from departure time oh 3h non changeable oh 3h non changeable 3h 365d inr 2 999 3h 365d inr 2 999 date change non changeable from departure time preferred chargeable preferred chargeable seat selection spicemax chargeable spicemax chargeable free checked bag 15 kgs 15 kgs 15 kgs hand bag 7 kgs 7 kgs 7 kgs yf meal chargeable chargeable complimentary meal important details are based on information provided by the airline fees mentioned apply per traveller and do not include the yatra service fee 26 906 adult
yatra_3.png,data\raw\yatra\yatra_3.png,yatra,Real,,"yetve Your Trip Details New Delhi - Mumbai | Non-Stop B SpiceJet Thu, 16 Apr 26 SG-476 16:30 New Delhi (DEL) Indira Gandhi International Airport, T- 1D Selected Fare Details 2h 10m Economy | Deal Of The Day Total Time: 2h 10m Thu, 16 Apr 26 18:40 Mumbai (BOM) Chatrapati Shivaji, T-1 Deal Of The Day Inclusions x Es) Cancellation Non-Refundable Date Change Non- Changeable & ols Seats Meal Preferred: Chargeable Chargeable ur session will expire in Baggage Hand Baggage: 7 Kgs Fare Summary Base Fare (2 Travellers) v Fee & Surcharges v Discounts V Total Amount Your Savings Earn eCash © Promo Codes Enter Coupon Code in/ Signup View Fare Rules 211,410 3,174 (-)%772 13,812 772 250",,,yetve your trip details new delhi mumbai non stop spicejet thu 16 apr 26 sg 476 16 30 new delhi del indira gandhi international airport 1d selected fare details 2h 10m economy deal of the day total time 2h 10m thu 16 apr 26 18 40 mumbai bom chatrapati shivaji 1 deal of the day inclusions es cancellation non refundable date change non changeable ols seats meal preferred chargeable chargeable ur session will expire in baggage hand baggage 7 kgs fare summary base fare 2 travellers fee surcharges discounts total amount your savings earn ecash promo codes enter coupon code in signup view fare rules 211 410 3 174 772 13 812 772 250
yatra_4.png,data\raw\yatra\yatra_4.png,yatra,Real,,"yetre ra oe DIYAAL —~ sabe ms vs is s : aoe, RS Find cheapest a 7 “ Powered by DIYAAI 3% Flights jem Hotels 2 Holidays @ Bus f Trains 3 Cabs @ OneWay O RoundTrip © Multi City Departure From Going To Departure Date V Return Date V Travellers & Class “ ~~ Delhi Mumbai 26 Jul' 26 Suchet 1 Traveller to save extra Gandhi Internati... BOM, Chhatrapati Shivaji Int... Sunday Economy tt O Student © Armed Forces O Senior Citizen Non-Stop Flights ar Fares Extra Baggage Extra Discount Extra Discount 3) Claim your Covid Refund up to 4,200 OFF* on app ‘Use Code: GOYTAPP",,,yetre ra diyaal sabe ms vs is aoe rs find cheapest 7 powered by diyaai 3 flights jem hotels 2 holidays bus trains 3 cabs oneway roundtrip multi city departure from going to departure date return date travellers class delhi mumbai 26 jul 26 suchet 1 traveller to save extra gandhi internati bom chhatrapati shivaji int sunday economy tt student armed forces senior citizen non stop flights ar fares extra baggage extra discount extra discount 3 claim your covid refund up to 4 200 off on app use code goytapp
yatra_5.png,data\raw\yatra\yatra_5.png,yatra,Real,,"Your Trip Details . Fare Summary View Fare Rules New Delhi - Mumbai | Non-Stop Total Time: 2h 15m . Base Fare (1 Traveller) v %4,700 SpiceJet Sun, 26 Jul 26 . Sun, 26 Jul 26 SG-510 04:00 2h 15m 06:15 Fee & Surcharges V 21,537 Indira Gandhi International Airport, T- Chatrapati Shivaji, 1 1D Total Amount 26,070 Your Savings 167 Selected Fare Details Earn eCash © %250 Deal Of The Day Inclusions Y Promo Codes < iy on ol '] Enter Coupon Code Cancellation Date Change Seats Meal Baggage Non-Refundable Non- Changeable Preferred: Chargeable Chargeable Hand Baggage: 7 Kgs SpiceMax: Chargeable Check-in: 15 Kgs Your session will expire in",,,your trip details fare summary view fare rules new delhi mumbai non stop total time 2h 15m base fare 1 traveller 4 700 spicejet sun 26 jul 26 sun 26 jul 26 sg 510 04 00 2h 15m 06 15 fee surcharges 21 537 indira gandhi international airport chatrapati shivaji 1 1d total amount 26 070 your savings 167 selected fare details earn ecash 250 deal of the day inclusions promo codes iy on ol enter coupon code cancellation date change seats meal baggage non refundable non changeable preferred chargeable chargeable hand baggage 7 kgs spicemax chargeable check in 15 kgs your session will expire in
hotels0.png,data\raw\zenhotels\hotels0.png,zenhotels,Real,,"Hotels i 534 Hostels i 10 Apartments i 68 Apartment hotels i 19 Guest houses i 40 Cottages, villas, 8 bungalows i Campings i 0 Glampings i 0 Sanatoriums i 0 Resorts i 2 Boutique hotels i 3 Distance from the city center 30 km ————o Near the metro Facilities and services At the hotel Free Internet 672 Transfer 149 Parking 368 cc. Premier Inn London Euston ook ‘11 Duke's Road, London 2.3km from the center of London 366m from the Euston subway station Standard Quadruple _fS1 No meals Family room for 3 No free cancellation guests af Pay online full double bed and twin beds ook ‘15a Great Suffork Street, London 1.9km from the center of London 307m from the Southwark subway station Standard Family 161 No meals room for 3 guests No free cancellation @@ Pay online We use cookies for content, advertising, and traffic analysis purposes. The data is transferred to our partners. By clicking “Accept” Google's Privacy Policy you agree with the Cookie use policy and WSS Premier Inn London Southwark Tate Modern Excellent 6581 reviews SRenatt %20,549 i for night for 2 adults and 1 child All taxes included We have 2 rooms left Show all room: Excellent 2752 reviews 8.8 eBeunaR 222,818 i for night for 2 adults and 1 child All taxes included pear cen 2ypurny Pei Sea EN » LU Expand Search by moving the . Highgate _ _ Stre map al ay cae ""15,632 7 . _ ~ Hampstead An ~~ Heath . ~ "" partmo Q Enter location } la ~ Hampstead Park x Holloway yptoKe Newington N ""Gospel Oak it Hampstead Kentish Town ~ Belsize Park Cy : Ss South Hampstead Shacklewell _ oa) ‘Camden Town Barnsbury = 1 = gies - Haggerston Park Hoxton ~ King's Cross __. Bethni sGuey Shoreditch Clerkenwell St. John’s Wood Westminster Elephant and yy Castle NW / XK nington Old Kent Road ith Kensington mh Brompton s Camberwellgaiecgham Loughborough : > Bellenden K East Dulwich Herne Hill Nee i 2 Dulwich Villag",,,hotels 534 hostels 10 apartments 68 apartment hotels 19 guest houses 40 cottages villas 8 bungalows campings 0 glampings 0 sanatoriums 0 resorts 2 boutique hotels 3 distance from the city center 30 km near the metro facilities and services at the hotel free internet 672 transfer 149 parking 368 cc premier inn london euston ook 11 duke road london 2 3km from the center of london 366m from the euston subway station standard quadruple fs1 no meals family room for 3 no free cancellation guests af pay online full double bed and twin beds ook 15a great suffork street london 1 9km from the center of london 307m from the southwark subway station standard family 161 no meals room for 3 guests no free cancellation pay online we use cookies for content advertising and traffic analysis purposes the data is transferred to our partners by clicking accept google privacy policy you agree with the cookie use policy and wss premier inn london southwark tate modern excellent 6581 reviews srenatt 20 549 for night for 2 adults and 1 child all taxes included we have 2 rooms left show all room excellent 2752 reviews 8 8 ebeunar 222 818 for night for 2 adults and 1 child all taxes included pear cen 2ypurny pei sea en lu expand search by moving the highgate stre map al ay cae 15 632 7 hampstead an heath partmo enter location la hampstead park holloway yptoke newington gospel oak it hampstead kentish town belsize park cy ss south hampstead shacklewell oa camden town barnsbury 1 gies haggerston park hoxton king cross bethni sguey shoreditch clerkenwell st john wood westminster elephant and castle nw xk nington old kent road ith kensington mh brompton camberwellgaiecgham loughborough bellenden east dulwich herne hill nee 2 dulwich villag
hotels1.png,data\raw\zenhotels\hotels1.png,zenhotels,Real,,"Fresh season, fresh stays — $20 off hotels $500+ in the app Offer valid in the app only zenhotels. Excellent EX trustpilot @ Last rooms available on our site! Book while you still can INR27 782 Room price INR 23,823.77 for 2 adults and 1 child (6 years) for 1 night pm | | ce whe Check-in from 15:00 Premier Inn London Euston Including VAT INR 3,970.63 . 12 Aug 2026 ‘ 1Duke’s Road, London 9 Rate details - Important, please note Standard Quadruple Family room for Check-out until 12:00 . 3 guests 13 Aug 2026 O Nodiscount full double bed and twin beds Apply the promo code {@{ Breakfast +} No free cancellation i at Pay incl. i If canceled, the full reservation price will be now i Payment currency USD charged. Pay now in currency: US dollar Sign in and speed up the booking $ 255.79 = INR 23,823.77 2 Guest's contact info Visa MasterCard. EEE SecureCode. Please fill out all the fields @®thawte_ Dss We use cookies for content, advertising, and traffic analysis purposes. The data is transferred to our partners. By clicking “Accept”, you agree with the Cookie use policy and Google's Privacy Policy Accept only necessary First Name*",,,fresh season fresh stays 20 off hotels 500 in the app offer valid in the app only zenhotels excellent ex trustpilot last rooms available on our site book while you still can inr27 782 room price inr 23 823 77 for 2 adults and 1 child 6 years for 1 night pm ce whe check in from 15 00 premier inn london euston including vat inr 3 970 63 12 aug 2026 1duke road london 9 rate details important please note standard quadruple family room for check out until 12 00 3 guests 13 aug 2026 nodiscount full double bed and twin beds apply the promo code breakfast no free cancellation at pay incl if canceled the full reservation price will be now payment currency usd charged pay now in currency us dollar sign in and speed up the booking 255 79 inr 23 823 77 2 guest contact info visa mastercard eee securecode please fill out all the fields thawte dss we use cookies for content advertising and traffic analysis purposes the data is transferred to our partners by clicking accept you agree with the cookie use policy and google privacy policy accept only necessary first name
zenhotels0.png,data\raw\zenhotels\zenhotels0.png,zenhotels,Real,,"More Member Price fm Double bed i fm Double bed i fm Dou Book 1 No meals included 1 {1 No meals included 1 {Sl Nor ~ this room GI 5 photos and save The booking price is i Free cancellation i Free : non-refundable before April 17* befc Sign in to get special rates — it only Style Double room takes a few minutes a Pay now i @ Paynow i a Pay full double bed 19m? NB Bed type not guaranteed NB Bed type not guaranteed >& Non $2 Private bathroom 2 Non-smoking > Non-smoking eee0eeeee M2 Safe Xe Pets allowed can . . - 38,475 <esce %8,568 i %8,661 i for I night for 2 guests for 1 night for 2 guests for I night for 2 guests +€5 taxes and fees + €5 taxes and fees + €5 taxes and fees F Free Wi-Fi Suitable fe sts with all... More We use cookies for content, advertising, and traffic analysis purposes. The data is transferred to our partners. By clicking “Accept"", you agree with the Cookie use policy and Google's Privacy Policy Accept only necessary G7 photos",,,more member price fm double bed fm double bed fm dou book 1 no meals included 1 1 no meals included 1 sl nor this room gi 5 photos and save the booking price is free cancellation free non refundable before april 17 befc sign in to get special rates it only style double room takes few minutes pay now paynow pay full double bed 19m nb bed type not guaranteed nb bed type not guaranteed non 2 private bathroom 2 non smoking non smoking eee0eeeee m2 safe xe pets allowed can 38 475 esce 8 568 8 661 for night for 2 guests for 1 night for 2 guests for night for 2 guests 5 taxes and fees 5 taxes and fees 5 taxes and fees free wi fi suitable fe sts with all more we use cookies for content advertising and traffic analysis purposes the data is transferred to our partners by clicking accept you agree with the cookie use policy and google privacy policy accept only necessary g7 photos
zenhotels1.png,data\raw\zenhotels\zenhotels1.png,zenhotels,Real,,"Nearest subway station Subway station Hotel chain Accor Hotels Ibis Mercure Azimut Hotels Ibis Styles Show 15 more Friedrichstr. 99, Berlin 369m from the center of Berlin 158m from the Friedrichstrasse subway station {E1 No meals ‘ Free cancellation a Pay online TITANIC Comfort Berlin Mitte ook Elisabeth-Mara-Strasse 4, Berlin 1.3km from the center of Berlin 97m from the Spittelmarkt subway station | Standard Double YS No meals room No free cancellation full double bed at Pay online Sheraton Berlin Grand Hotel Esplanade 9 “ Niedersch@nhancen ~ Ate Search by moving the 4 UTExpand & a %1634 = map Excellent = > _ ws 2972 reviews = ; Reinickendorf Q Enter location Parmer 7 x ‘ Volkspark, \F nN cesundl Meh RehbergeWedding - $74,343 . Ae 7 Gla 214,156 i A . ""Prenzlauer for night for 2 guests Z Berg + €9 taxes and fees Moabit \ Show all room: (9) Hansaviertel + durg ~ = SrA Fri Excellent Tiergarten 2533 reviews fr) © ’ P SONS HR na nersdorf i il =! 215,816 i =1,972 Schoneberg Neukolin for night for 2 guests ° é « y €11 taxes and fees i __Tempeoter Friedenau - Feld oe & Show all room: ° Steglitz a | ' . < Excellent —2km — \ © Contributors OpenStreetMap",,,nearest subway station subway station hotel chain accor hotels ibis mercure azimut hotels ibis styles show 15 more friedrichstr 99 berlin 369m from the center of berlin 158m from the friedrichstrasse subway station e1 no meals free cancellation pay online titanic comfort berlin mitte ook elisabeth mara strasse 4 berlin 1 3km from the center of berlin 97m from the spittelmarkt subway station standard double ys no meals room no free cancellation full double bed at pay online sheraton berlin grand hotel esplanade 9 niedersch nhancen ate search by moving the 4 utexpand 1634 map excellent ws 2972 reviews reinickendorf enter location parmer 7 volkspark nn cesundl meh rehbergewedding 74 343 ae 7 gla 214 156 prenzlauer for night for 2 guests berg 9 taxes and fees moabit show all room 9 hansaviertel durg sra fri excellent tiergarten 2533 reviews fr sons hr na nersdorf il 215 816 1 972 schoneberg neukolin for night for 2 guests 11 taxes and fees tempeoter friedenau feld show all room steglitz excellent 2km contributors openstreetmap
CoralNest-h11.png,data\synthetic\hidden fees\CoralNest-h11.png,Synthetic,Figma,,"17 Seminyak, Ball, Indonesia Sse Available Rooms for Sep 5-9 - 4 Nights Garden Pool Villa 2 King 52 m*- ""¥ Tropical Garden view Ee Es ES ES Rate per night IDR 1.850.000 Poa igh: 0 7.400.000 Select Room Ocean View Suite “= King + Sofa - 68 m""- ""Indian Ocean view ss sss Ss Ss Rate per night “Tosl(righs: IDR 10560.000, Select Room Jungle Treehouse “= Twin / King 0 m= ""Rainforest Canopy view (neied enon poston | [Operairteroom | ( Hanmodk ded | (Nature exafencs | Rate per night IDR 1.420.000 “Tot nighs: IDR 5.680.000, —",hidden fees,,17 seminyak ball indonesia sse available rooms for sep 5 9 4 nights garden pool villa 2 king 52 tropical garden view ee es es es rate per night idr 1 850 000 poa igh 0 7 400 000 select room ocean view suite king sofa 68 indian ocean view ss sss ss ss rate per night tosl righs idr 10560 000 select room jungle treehouse twin king 0 rainforest canopy view neied enon poston operairteroom hanmodk ded nature exafencs rate per night idr 1 420 000 tot nighs idr 5 680 000
CoralNest-h12.png,data\synthetic\hidden fees\CoralNest-h12.png,Synthetic,Figma,,Available Rooms for Sep 5-9 - 4 Nights Garden Pool Villa = King +52 m?. %F Tropical Garden view Private plunge post | | Outdoor shower | | Mini bar || Rain shower Rate per night IDR 1.850.000 “Total (4 nights: IDR 7.400.000 Mandatory Bali Tourism Tax Added Government Tourism Tax (4 nights) IDR 780.000 a levies a mandatory tourism tax (DR 195.000/night on all accommodation. This is separate fom the oom rate and vias not included inthe price shown above. New Total (4 nights) IDR 8.180.000,hidden fees,,available rooms for sep 5 9 4 nights garden pool villa king 52 tropical garden view private plunge post outdoor shower mini bar rain shower rate per night idr 1 850 000 total 4 nights idr 7 400 000 mandatory bali tourism tax added government tourism tax 4 nights idr 780 000 levies mandatory tourism tax dr 195 000 night on all accommodation this is separate fom the oom rate and vias not included inthe price shown above new total 4 nights idr 8 180 000
CoralNest-h13.png,data\synthetic\hidden fees\CoralNest-h13.png,Synthetic,Figma,,(Ocean View Suite King + Sofa 63 m?- % Indian Ocean view ‘Ocean panorama | { Infinity terrace | Butler service Complimentary pa Rate per night IDR 2.640.000 “otal (4 nights}: IDR 10:560.000 Government Tourism Tax (4 nights) IDR 1.112.000 a levies a mandatory tourism tax (DR 278000/night on all accommodation. This is separate fom the oom rate and vias not included inthe price shown above. New Total (4 nights) 1DR 11.672.000,hidden fees,,ocean view suite king sofa 63 indian ocean view ocean panorama infinity terrace butler service complimentary pa rate per night idr 2 640 000 otal 4 nights idr 10 560 000 government tourism tax 4 nights idr 1 112 000 levies mandatory tourism tax dr 278000 night on all accommodation this is separate fom the oom rate and vias not included inthe price shown above new total 4 nights 1dr 11 672 000
CoralNest-h14.png,data\synthetic\hidden fees\CoralNest-h14.png,Synthetic,Figma,,Jungle Treehouse «Twin / King 40 m?. %F Rainforest Canopy view Elevated canopy position | | Open-air bathroom | { Hammock dack | | Nature experiences Rate per night IDR 1.420.000 “Total (nights: IDR 5.680.000 Mandatory Bali Tourism Tax Added Government Tourism Tax (4 nights) 1DR 592.000 a levies a mandatory tourism tax (DR 148.000/night on all acommodation. This is separate fom the oom rate and vias not included inthe price shown above. New Total (4 nights) IDR 6.272.000,hidden fees,,jungle treehouse twin king 40 rainforest canopy view elevated canopy position open air bathroom hammock dack nature experiences rate per night idr 1 420 000 total nights idr 5 680 000 mandatory bali tourism tax added government tourism tax 4 nights 1dr 592 000 levies mandatory tourism tax dr 148 000 night on all acommodation this is separate fom the oom rate and vias not included inthe price shown above new total 4 nights idr 6 272 000
GiltPass-h9.png,data\synthetic\hidden fees\GiltPass-h9.png,Synthetic,Figma,,"SECURING YOUR RESERVATION Complete Payment Al Baraka Palace SELECT PAYMENT METHOD = fi 8 Credit Debit Card Bank Transfer Cryptocumency ‘4, Payment Processing Convenience Fee AED 155 ‘A convenience fee of AED 155 apples when paying via credit/debit card This fee covers payment gateway ‘processing and currency convarson charge. Tis charge faded to your otal and fe non-refundable (Ses anata aa [sre onc ooo0 23 MM/y Ses Facing Site] [ BiterSenies | (Seats) Unausine Taser ‘Suite rate (AED 3,200 x 3) ‘AeD 11400 anes (5% VAT) AED S70 w 0ce2025 v3 0ct2025 2 Adults ere asp 180 Convenience fee (card) AED 155 TOTAL DUE AED 11,555",hidden fees,,securing your reservation complete payment al baraka palace select payment method fi 8 credit debit card bank transfer cryptocumency 4 payment processing convenience fee aed 155 convenience fee of aed 155 apples when paying via credit debit card this fee covers payment gateway processing and currency convarson charge tis charge faded to your otal and fe non refundable ses anata aa sre onc ooo0 23 mm ses facing site bitersenies seats unausine taser suite rate aed 3 200 3 aed 11400 anes 5 vat aed s70 0ce2025 v3 0ct2025 2 adults ere asp 180 convenience fee card aed 155 total due aed 11 555
MetroPlan-h15.png,data\synthetic\hidden fees\MetroPlan-h15.png,Synthetic,Figma,,"MARINA BAY, SINGAPO} Pinnacle Marina Hotel cucenonae sekkiek 9.1 Exceptional ROOM SOARD BASIS Executive Business Suite Breakfast Included CHECKIN cHECK-OU Mon, 18 Aug 2025 15:00 Thu, 21 Aug 2025 - 11:00 = DURATION cuests Pe a > | Nights-1 Room adult Ea Fe ai Payment Summary lapse deta Room rate (SGD 380 3 nights) SGD 1,140.00 Corporate rate discount (~10%) -sGD 114.00 GST & tourism charges Sap 102.60 A MetroPlan Booking Fee Sap 28.50 (One-time non-refundable fe per booking ‘A booking administration fee is charged per reservation to cover platform operations, booking management, and 24/7 traveller assistance ‘This fee is non-refundable and was inchided in your total charge. ‘Total Charged to Card Download Invoice ‘Add to Calendar ‘Submit to Expense System.",hidden fees,,marina bay singapo pinnacle marina hotel cucenonae sekkiek 9 1 exceptional room soard basis executive business suite breakfast included checkin check ou mon 18 aug 2025 15 00 thu 21 aug 2025 11 00 duration cuests pe nights 1 room adult ea fe ai payment summary lapse deta room rate sgd 380 3 nights sgd 1 140 00 corporate rate discount 10 sgd 114 00 gst tourism charges sap 102 60 metroplan booking fee sap 28 50 one time non refundable fe per booking booking administration fee is charged per reservation to cover platform operations booking management and 24 7 traveller assistance this fee is non refundable and was inchided in your total charge total charged to card download invoice add to calendar submit to expense system
NightHaven-h3.png,data\synthetic\hidden fees\NightHaven-h3.png,Synthetic,Figma,,"Kyoto, Japan, 10.000 GD tate scar D tate ascar OD sas esar Bi onsen /Hot Spring Free Grestfact B Swimming Poot GB Airport shutte GB Ryotan DB soutique GB Business Hotel DB Resor 60.000 Hotels Flights Ryokans Deals My Tips mcHecen am oHEcKouT ‘euests a RooMS Fri,22 Aug Mon, 25 Aug 2 Adults -1 Room 148 properties. 9 \)o%o, )2p20. 22.25 aug. 3 nights Sore: Recommended Arashiyama ¥42,800 5:0: _¥ Ses ful rice brakoun Nijo Sakura Hotel ] Nip Caste Die a, tote Pet) [FaSp (Bus Cn} (Gr ¥28,500):. _¥ Ses ful rice brakoun Gion Heritage Inn © Gion Dice ¥33,200).: _¥ Ses ful rice brakoun",hidden fees,,kyoto japan 10 000 gd tate scar tate ascar od sas esar bi onsen hot spring free grestfact swimming poot airport shutte ryotan db soutique business hotel db resor 60 000 hotels flights ryokans deals my tips mchecen am oheckout euests rooms fri 22 aug mon 25 aug 2 adults 1 room 148 properties 9 2p20 22 25 aug 3 nights sore recommended arashiyama 42 800 5 0 ses ful rice brakoun nijo sakura hotel nip caste die tote pet fasp bus cn gr 28 500 ses ful rice brakoun gion heritage inn gion dice 33 200 ses ful rice brakoun
NightHaven-h4.png,data\synthetic\hidden fees\NightHaven-h4.png,Synthetic,Figma,,"Yume Ryokan Arashiyama Arashiyama ‘Onsen Bath | | Garden View | | Kaicel Dinner | | Free Wi-Fi ¥42,800 <3: A Hide fee breakciown u Bip! | Room rate x3 nights 247 reviews",hidden fees,,yume ryokan arashiyama arashiyama onsen bath garden view kaicel dinner free wi fi 42 800 3 hide fee breakciown bip room rate x3 nights 247 reviews
NightHaven-h5.png,data\synthetic\hidden fees\NightHaven-h5.png,Synthetic,Figma,,"Nijo Sakura Hotel 39) 1234 reviews 7 Nijo Castle District Rooftop Pool || FullSpa || Business Center| | Gym ¥28,500)::.: ‘A Hide fee breakdown Room rate x 3 nights 85,500 F Mandatory Resort Fee ¥6,600 Resort fee ¥2.200/night — collected at check-in. Not included in room rate above \ Estimated Total ¥92,100",hidden fees,,nijo sakura hotel 39 1234 reviews 7 nijo castle district rooftop pool fullspa business center gym 28 500 hide fee breakdown room rate 3 nights 85 500 mandatory resort fee 6 600 resort fee 2 200 night collected at check in not included in room rate above estimated total 92 100
NightHaven-h6.png,data\synthetic\hidden fees\NightHaven-h6.png,Synthetic,Figma,,"Gion Heritage Inn jf Gion District ‘Tea Ceremony | { Kimono Rental | { Zen Garden | { Restaurant ¥33,200 0: ‘A Hide fee breakdown",hidden fees,,gion heritage inn jf gion district tea ceremony kimono rental zen garden restaurant 33 200 0 hide fee breakdown
PolarRoute-h10.png,data\synthetic\hidden fees\PolarRoute-h10.png,Synthetic,Figma,,cing cece PRE TODD Booking Summary ‘Review your booking details before config your resenation. ‘Aurora Fjord Lodge 1 Binge Maton! Par Ry and Tm 206225 Man 1S Dee 22S Neha ight Price Breakdown Nighy rat 32400 3) ty pment cout Sra paclage @ pa 3) Susana local charges * ovat 00 ‘st Details 0 orc targa ec pon caren es7200 7200 ve aes0 er 102.250,hidden fees,,cing cece pre todd booking summary review your booking details before config your resenation aurora fjord lodge 1 binge maton par ry and tm 206225 man 1s dee 22s neha ight price breakdown nighy rat 32400 3 ty pment cout sra paclage pa 3 susana local charges ovat 00 st details 0 orc targa ec pon caren es7200 7200 ve aes0 er 102 250
TeraMoss-h8.png,data\synthetic\hidden fees\TeraMoss-h8.png,Synthetic,Figma,,"Villa Serenella 9 Val Orcia Montana Tuscany aly ‘Nested among rling Tuscan hls, Vila Serena isl restored «7th-centary farmhouse fering brenhaing ‘ies over the Val rca valley — a UNESCO Word Heritage Site Wake tothe scent ofcypres nd olive roves, sp Bruna i Montalin on he stone erace, nd unving in your pate ininity poo reloking vineyards. 2 Pate Poot 2 Wine Cote Fre Pasting sept rae tnnatetetcn once pace aoe 1 Oren arden ews ranches om so nepeestae ete apes Property Policies & Charges a From 15.00 (3:00) 2 nights minioum 00 (rfc at chock) Pets nt permite ‘Mandar Ceaing Fee ete cera ip ng et Sc 005 pers cing ge tytn Me acy ‘wall pae ton your age aa ep on ur al mo, sep 202s asap 202s Roomate Sigh) 2m ty boking cunt -< Tear tx (penn) ca vonearteaagieet",hidden fees,,villa serenella 9 val orcia montana tuscany aly nested among rling tuscan hls vila serena isl restored 7th centary farmhouse fering brenhaing ies over the val rca valley unesco word heritage site wake tothe scent ofcypres nd olive roves sp bruna montalin on he stone erace nd unving in your pate ininity poo reloking vineyards 2 pate poot 2 wine cote fre pasting sept rae tnnatetetcn once pace aoe 1 oren arden ews ranches om so nepeestae ete apes property policies charges from 15 00 3 00 2 nights minioum 00 rfc at chock pets nt permite mandar ceaing fee ete cera ip ng et sc 005 pers cing ge tytn me acy wall pae ton your age aa ep on ur al mo sep 202s asap 202s roomate sigh 2m ty boking cunt tear tx penn ca vonearteaagieet
TidalWave-h7.png,data\synthetic\hidden fees\TidalWave-h7.png,Synthetic,Figma,,"tccN ciece-our DURATION Guests Sat, 2 Aug Thu, 7 Aug 5 Nights 2 Adults \@ Overwater King ‘U Snorkelling ‘@ Breakfast v Free Suite incl. In. Cancetation i= Payment Details FULL NAME ON CARD John M. Dawson CARD NUMBER 4242 4242 4242 4242 EXPIRY DATE ‘SECURITY CODE 08 / 2027 | agree to TidalWave's Terms of Service, Privacy Policy, and confirm all details are accurate. Final charges including all applicable fees will be debited as shown. PRICE SUMMARY $3382.49 Total for 5 nights all charges included Room rate (S680 x 5) $3400.00 Early Bird Discount $85.00 Taxes & service charges $4250 Other charges . Platform Infrastructure Fee $24.99 ‘Acne-time fee charged per booking to maintain our booking platform, payment procesing and 24/7 customer support infrastructure Total (USD) $3382.49 {8 256-bit encrypted - No hidden chargest 1 Your Booking Includes Overwater vila with ocean deck Snorkeling gear & marine guide ¥ Daily breakfast for2 guests Airport seaplane transfer (one-way) ¥ 2477 concierge service",hidden fees,,tccn ciece our duration guests sat 2 aug thu 7 aug 5 nights 2 adults overwater king snorkelling breakfast free suite incl in cancetation payment details full name on card john dawson card number 4242 4242 4242 4242 expiry date security code 08 2027 agree to tidalwave terms of service privacy policy and confirm all details are accurate final charges including all applicable fees will be debited as shown price summary 3382 49 total for 5 nights all charges included room rate s680 5 3400 00 early bird discount 85 00 taxes service charges 4250 other charges platform infrastructure fee 24 99 acne time fee charged per booking to maintain our booking platform payment procesing and 24 7 customer support infrastructure total usd 3382 49 8 256 bit encrypted no hidden chargest 1 your booking includes overwater vila with ocean deck snorkeling gear marine guide daily breakfast for2 guests airport seaplane transfer one way 2477 concierge service
VelvetNomad-h16.png,data\synthetic\hidden fees\VelvetNomad-h16.png,Synthetic,Figma,,"@ search » @ Hotei Details » @ select Room » @ customise Stay » (5) Checkout Personalise Your Stay Select any extras to enhance your Barcelona experience. a BE onic nents once Airport Transfer AB) private car — Barcelona Airport Hotel City Bicycle Rental le 2 bikes treme say heets& eee EL BORN - BARCELONA, SPAIN Casa dela Llum Standard Double -3 Nights | [ 2 Adutts 10-13 Oct 2025 - Base rate: €420 +€85 Daily Breakfast for Two Full Catalan breskfact served in- ‘Welcome Wine & Tapas Curated local wine with zeazonal ‘tapas on arrival ‘Sagrada Familia Skip-the-Line Guided tour for 2 10.00 AM entry includes +638 +€72 Base room (3 nights) €420 Total €420.00 Continue to Checkout + Skip Add-ons Secure checkout. Free cancellation on base rate",hidden fees,,search hotei details select room customise stay 5 checkout personalise your stay select any extras to enhance your barcelona experience be onic nents once airport transfer ab private car barcelona airport hotel city bicycle rental le 2 bikes treme say heets eee el born barcelona spain casa dela llum standard double 3 nights 2 adutts 10 13 oct 2025 base rate 420 85 daily breakfast for two full catalan breskfact served in welcome wine tapas curated local wine with zeazonal tapas on arrival sagrada familia skip the line guided tour for 2 10 00 am entry includes 638 72 base room 3 nights 420 total 420 00 continue to checkout skip add ons secure checkout free cancellation on base rate
VelvetNomad-h17.png,data\synthetic\hidden fees\VelvetNomad-h17.png,Synthetic,Figma,,"@ searcn - @ Hotei Detats » @ setect Room » @ customise Stay » (5) Checkout EL BORN - BARCELONA, SPAIN Casa dela Llum Standard Double -3 Nights | [ 2 Adutts 10-13 Oct 2025 - Base rate: €420 Personalise Your Stay Select any extras to enhance your Barcelona experience. a = Rote +€38 Airport Transfer +6655 Welcome Wine & Tapas AB isntecor—tarsona ison Q) Greist Hotel eel +45 City Bicycle Rental ‘Sagrada Familia Skip-the-Line 2 bite for nr stylet & By ices ourfora 1080 AM ety inne ined inte Base room (3 nights) €420 +85 +68 4 Airport Transfer +€65 © Welcome Wine & Tapas +45 4 Gity Bicycle Rental +28 Add-on Processing Fee 1299 | processing fe of €1299 is applied when booting add-on ‘aves. This covers ufiment coordination and third-party Provide charges is non-eundable Total €693.99 Continue to Checkout — Skip Add-ons Secure checkout. Free cancellation on base rate",hidden fees,,searcn hotei detats setect room customise stay 5 checkout el born barcelona spain casa dela llum standard double 3 nights 2 adutts 10 13 oct 2025 base rate 420 personalise your stay select any extras to enhance your barcelona experience rote 38 airport transfer 6655 welcome wine tapas ab isntecor tarsona ison greist hotel eel 45 city bicycle rental sagrada familia skip the line 2 bite for nr stylet by ices ourfora 1080 am ety inne ined inte base room 3 nights 420 85 68 4 airport transfer 65 welcome wine tapas 45 4 gity bicycle rental 28 add on processing fee 1299 processing fe of 1299 is applied when booting add on aves this covers ufiment coordination and third party provide charges is non eundable total 693 99 continue to checkout skip add ons secure checkout free cancellation on base rate
Voyago-h1.png,data\synthetic\hidden fees\Voyago-h1.png,Synthetic,Figma,,"‘A VoyaGo Hotels Flights. Packages —_Experiences INRS ® CHECK-IN CHECK-OUT ROOM & GUESTS Mon, 11 Aug 2025 Fri, 15 Aug 2025 1 Room - 2 Adults —— Deluxe Caldera View Suite . 362,580 King bed - Sea view - Breakfast included - Free cancellation per room / 4 nights ) Guest Information Edit PRICE SUMMARY 7863 «1 For 4 nights - 1 room - incl. all charges Room charges 2756 %189/night x 4 nights ° discount -238 rn Taxes & Mandatory Fees ‘A These charges are mandatory and collected by the property Mandatory Resort Fee cn 28/night x 4 nights City Tourism Tax ep %4,50/night = 4 nights VoyaGo Platform Fee 214.99 ‘One-time service charge",hidden fees,,voyago hotels flights packages experiences inrs check in check out room guests mon 11 aug 2025 fri 15 aug 2025 1 room 2 adults deluxe caldera view suite 362 580 king bed sea view breakfast included free cancellation per room 4 nights guest information edit price summary 7863 1 for 4 nights 1 room incl all charges room charges 2756 189 night 4 nights discount 238 rn taxes mandatory fees these charges are mandatory and collected by the property mandatory resort fee cn 28 night 4 nights city tourism tax ep 4 50 night 4 nights voyago platform fee 214 99 one time service charge
voyago-h2.png,data\synthetic\hidden fees\voyago-h2.png,Synthetic,Figma,,PRICE SUMMARY F863 voi For 4 nights -1 room - incl all charges Room charges 189/night x 4 nights ES ° count applied -338 Taxes & Mandatory Fees “ ‘These charges are mandatory and collected by the property Mandatory Resort Fee 228/night x 4 nights <8 City Tourism Tax 2450/night x 4 nights wD \VoyaGo Platform Fee ane One-time sevice charg Total Amount Payable %863 Inc. all taxes & mandatory fees Confirm & Pay £863 f@ 256-bit SSL encrypted - Secure payment,hidden fees,,price summary f863 voi for 4 nights 1 room incl all charges room charges 189 night 4 nights es count applied 338 taxes mandatory fees these charges are mandatory and collected by the property mandatory resort fee 228 night 4 nights 8 city tourism tax 2450 night 4 nights wd voyago platform fee ane one time sevice charg total amount payable 863 inc all taxes mandatory fees confirm pay 863 256 bit ssl encrypted secure payment
AquaVista-ii3.png,data\synthetic\interface interference\AquaVista-ii3.png,Synthetic,Figma,,"> AquaNista Seechecrts and Vlss Cries My Bokings orig beni otis mentee Coral Bay Resort & Spa ate, alee Tie m5 fon vert agai “tal raid $4,250",interface interference,,aquanista seechecrts and vlss cries my bokings orig beni otis mentee coral bay resort spa ate alee tie m5 fon vert agai tal raid 4 250
AuroraSuites-ii8.png,data\synthetic\interface interference\AuroraSuites-ii8.png,Synthetic,Figma,,"‘Your Details jotmsulle@emadst (25 High foo tin bad tary gamed Sie zanpane ander ye ‘Aurora Rewards Membership oa 2400 re Pits hth cing eer for eights upgrades ache ire, @ foie Rade “too pe @ ecco oes ects mente as me rae pte y ra 4 et 24t es Par ing",interface interference,,your details jotmsulle emadst 25 high foo tin bad tary gamed sie zanpane ander ye aurora rewards membership oa 2400 re pits hth cing eer for eights upgrades ache ire foie rade too pe ecco oes ects mente as me rae pte ra 4 et 24t es par ing
CloudNine-ii5.png,data\synthetic\interface interference\CloudNine-ii5.png,Synthetic,Figma,,@ CloudNine SIN 2 LHR Singapore 7h 30m-Direct London Heathrow 08:45 14a Enhance Your Journey Selected extras are included in your booking total below. Flights Hotels Packages My Trips CloudNine Air-C9 471-18 May 2025 Economy Seat 24F 2 passengers fh Extra Baggage 23kg [Adda checked bag foreach passenger Priority handling ++ Recommended for your route s$6s Premium Meal Selection ‘Choose from 8 restaurant-quality meals-Special dietary options available Popular on long-haul fights S$34 4 Priority Boarding Board frst - Guaranteed overhead bin space Best for families & business s$24 Extras: Baggage S$68 + Meal S$34 + Priority S$24 Total: S$1366 ail Airport Lounge Access S$55,interface interference,,cloudnine sin 2 lhr singapore 7h 30m direct london heathrow 08 45 14a enhance your journey selected extras are included in your booking total below flights hotels packages my trips cloudnine air c9 471 18 may 2025 economy seat 24f 2 passengers fh extra baggage 23kg adda checked bag foreach passenger priority handling recommended for your route 6s premium meal selection choose from 8 restaurant quality meals special dietary options available popular on long haul fights 34 4 priority boarding board frst guaranteed overhead bin space best for families business 24 extras baggage 68 meal 34 priority 24 total 1366 ail airport lounge access 55
HorizonCorp-ii4.png,data\synthetic\interface interference\HorizonCorp-ii4.png,Synthetic,Figma,,"® HorizonCorp rave! {P Dubai, United Arab Emirates Fitters poeeed eke Dita Price per right —====g—— 0 500 G Poot GB spa B om Gi Airport shute © Pettienaly Hotels Fights Cars Packages Business Travel 10 Mar— 15 Mar ‘247 properties in Dubai - 10-15 Mar 2 quests Emirates Jetoleick- 9.610 Exceptional - Downtown Dubai SeaView Bain Gym Fe Can £489 Pool Spa “impeccable service and breathtaking views. This hotel truly redefines liury in ‘28 2 guests, 1 room Grand Palace Hotel Ome en per right incl axes Wij) ovesir— corporate Guest Review i ®Peridian City Hotel Meridian City Hotel tae T8110 Good - Dubai Downtown Business Inn. ‘tx TAN0 Good - Dubai £189 £142 care",interface interference,,horizoncorp rave dubai united arab emirates fitters poeeed eke dita price per right 0 500 poot spa om gi airport shute pettienaly hotels fights cars packages business travel 10 mar 15 mar 247 properties in dubai 10 15 mar 2 quests emirates jetoleick 9 610 exceptional downtown dubai seaview bain gym fe can 489 pool spa impeccable service and breathtaking views this hotel truly redefines liury in 28 2 guests 1 room grand palace hotel ome en per right incl axes wij ovesir corporate guest review peridian city hotel meridian city hotel tae t8110 good dubai downtown business inn tx tan0 good dubai 189 142 care
NordHaven-ii2.png,data\synthetic\interface interference\NordHaven-ii2.png,Synthetic,Figma,,"Search ee . . ‘Select Hotel ‘choose Room Guest nfo Payment Select Your Room Fjord Lodge Tromsa - 2 nights, 2 adults - Check-in 8 Feb. Deluxe Fjord View Suite | Most PoruLAR ‘+ Premium choice - Floor-to-celing ford panorama 40m? Kingbed Fjord view ‘Spa access Breakfast Free wif kr 3,490 Free cancellation - Breakfast included per night ‘Superior Room oO “Garden view Standard amenities, 2m"" Queenbed Garden view Free wit kr 2,190 mos a Standard Room er tas Standard kr 1,490 No breskiast — Fjord Lodge Tromso Joke 4.815 (312 reviews) ‘Tromse City Cente, Norway Checkin Check-out Guests ‘Selected Total (2 nights) 8 Feb 2025 410 Feb 2025 Adults Deluxe Suite",interface interference,,search ee select hotel choose room guest nfo payment select your room fjord lodge tromsa 2 nights 2 adults check in 8 feb deluxe fjord view suite most porular premium choice floor to celing ford panorama 40m kingbed fjord view spa access breakfast free wif kr 3 490 free cancellation breakfast included per night superior room garden view standard amenities 2m queenbed garden view free wit kr 2 190 mos standard room er tas standard kr 1 490 no breskiast fjord lodge tromso joke 4 815 312 reviews tromse city cente norway checkin check out guests selected total 2 nights 8 feb 2025 410 feb 2025 adults deluxe suite
PeakRush.png,data\synthetic\interface interference\PeakRush.png,Synthetic,Figma,,"@ PEAKRUSH Activities Locations Groups _—Gift Vouchers_— Safety Sign In © Queenstown, New Zealand @ 15-08-2026 2guests - + 23 experiences available - Sorted by: Recommended ng fan VIP Adventure Pass | PaicHoice 2 x NZD $599 - Aug 15, 2026 Subtotal NZD $1198.00 Adventure fee NZD $0 4 GST included v VIP Adventure Pass The ultimate Queenstown bucket-list experience Total NZD $1198.00 4.97 (3,241) Full Day Adventure Private (up to 4) Free cancellation > Heli-bungee from 400m altitude > White-water rafting Grade 5 > Skydive 15,000 ft tandem > Canyon swing & zipline combo > Professional GoPro footage included > Gourmet summit picnic",interface interference,,peakrush activities locations groups gift vouchers safety sign in queenstown new zealand 15 08 2026 2guests 23 experiences available sorted by recommended ng fan vip adventure pass paichoice 2 nzd 599 aug 15 2026 subtotal nzd 1198 00 adventure fee nzd 0 4 gst included vip adventure pass the ultimate queenstown bucket list experience total nzd 1198 00 4 97 3 241 full day adventure private up to 4 free cancellation heli bungee from 400m altitude white water rafting grade 5 skydive 15 000 ft tandem canyon swing zipline combo professional gopro footage included gourmet summit picnic
PulseTravel-ii7.png,data\synthetic\interface interference\PulseTravel-ii7.png,Synthetic,Figma,,pot ececton and coco ter -SBSR8885°°. soo Jest | | | TESeseieae . | | | een || @ | eoooe a] eee ‘Bangkok - Economy Class - 25 Jun 2025 Business Extra legroom 34° Prrty boarding - Complimentary headphones -+SS88iseat ‘Comfort Zone Seats — Rows 2-6 Select Your Seat PT-2847 - Amsterdam — ‘Standard |,interface interference,,pot ececton and coco ter sbsr8885 soo jest teseseieae een eoooe eee bangkok economy class 25 jun 2025 business extra legroom 34 prrty boarding complimentary headphones ss88iseat comfort zone seats rows 2 6 select your seat pt 2847 amsterdam standard
SwiftGo1.png,data\synthetic\interface interference\SwiftGo1.png,Synthetic,Figma,,"@ swrico PICKUP 12 Baker Street, London Q SEePae Heathrow Airport T5 S 22.4km © ~38 min AVAILABLE RIDES RECOMMENDED @ Now Luxury Sedan Mercedes E-Class or similar * 2.4k cy 4.95 trips 4 v Premium leather interior v WiFi & phone charger v Complimentary water ¥ Professional £38.50 ETA 3 min Ride Schedule Rentals Business Hi, James @",interface interference,,swrico pickup 12 baker street london seepae heathrow airport t5 22 4km 38 min available rides recommended now luxury sedan mercedes class or similar 2 4k cy 4 95 trips 4 premium leather interior wifi phone charger complimentary water professional 38 50 eta 3 min ride schedule rentals business hi james
SwiftGo2.png,data\synthetic\interface interference\SwiftGo2.png,Synthetic,Figma,,Luxury Sedan im * 4.95 v Premium leather “ere £38.50 v WiFi & phone charger v Complimentary water v Professional chauffeur Executive Ride AB BMWS Series or simil £27.00 Ww 488 Airport Premium uv-7scas £44.00 Book Luxury Sedan >,interface interference,,luxury sedan im 4 95 premium leather ere 38 50 wifi phone charger complimentary water professional chauffeur executive ride ab bmws series or simil 27 00 488 airport premium uv 7scas 44 00 book luxury sedan
TerraLodge-ii6.png,data\synthetic\interface interference\TerraLodge-ii6.png,Synthetic,Figma,,"& TerraLodge Wellness @ Member Login Rainforest Canopy Lodge seiko -9.4/20 Exceptional - Daintree, Queensland Cancellation & Refund Policy Additional Fees & Taxes seeks AUD 420 jaist: | s5% OFF —TODAY ONLY 32Sep 2025 47 Sep 2025 2 Adults",interface interference,,terralodge wellness member login rainforest canopy lodge seiko 9 4 20 exceptional daintree queensland cancellation refund policy additional fees taxes seeks aud 420 jaist s5 off today only 32sep 2025 47 sep 2025 2 adults
TicketNest1.png,data\synthetic\interface interference\TicketNest1.png,Synthetic,Figma,,"@ ticketnest Events Concerts Sports Theatre CONCERT - LIVE MUSIC The Constellation Tour - Meridian Arena, Chicago, IL - Saturday, 20 Sep 2025 & Your VIP seats are held for @9:@1 @ Select Seats Choose Your Seats w BEST EXPERIENCE ONLY 3 LEFT @ FRONT STAGE VIP $349 Rows A-C ee per ticket ¥ Front stage standing ) | V Artist soundcheck access) / Exclusive merch bag ) | ¥ Priority entry Fea? booking fee eee eecce eeccececee ececceoece GOLD CIRCLE @ Popular $189 Signin | Register ONLY 3 VIP SEATS LEFT NOVA REED Meridian Arena - Saturday, 20 Sep 2025 FRONT STAGE VIP $698 Booking fees (2 x $42) +$84 @ FanShield Refund Protect +$18.99 Bl Reserved Parking Pass +$24 Total $824.99",interface interference,,ticketnest events concerts sports theatre concert live music the constellation tour meridian arena chicago il saturday 20 sep 2025 your vip seats are held for 9 1 select seats choose your seats best experience only 3 left front stage vip 349 rows ee per ticket front stage standing artist soundcheck access exclusive merch bag priority entry fea booking fee eee eecce eeccececee ececceoece gold circle popular 189 signin register only 3 vip seats left nova reed meridian arena saturday 20 sep 2025 front stage vip 698 booking fees 2 42 84 fanshield refund protect 18 99 bl reserved parking pass 24 total 824 99
TicketNest2.png,data\synthetic\interface interference\TicketNest2.png,Synthetic,Figma,,"@ ticketnest How Many Tickets? FRONT STAGE VIP Protect Your Experience Ww BEST EXPERIENCE @ FRONT STAGE VIP Rows A-C ¥ Front stage standing ) | V Artist soundcheck access VIP lounge access Events Concerts ‘Exclusive merch bag Sports ¥ Priority entry Theatre ONLY 3 LEFT $349 per ticket +$42 booking fee GOLD CIRCLE @ PopuLaR $189 -2@ AUTO-ADDED Signin | Register NOVA REED Meridian Arena - Saturday, 20 Sep 2025 FRONT STAGE VIP $698 Booking fees (2 x $42) +$84 @ FanShield Refund Protection +$18.99 Bl Reserved Parking Pass +$24 Total $824.99 + Most bookers choose VIP for this artist! Secure 2 FRONT STAGE VIP Tickets — 07:46 Event Details @ Date Saturday, 20 Sep 2025 (@@E@> 1102 peopie booked vir tickets today 7:00 PM * 8:00 PM Meridian Arena, Chicago, IL",interface interference,,ticketnest how many tickets front stage vip protect your experience best experience front stage vip rows front stage standing artist soundcheck access vip lounge access events concerts exclusive merch bag sports priority entry theatre only 3 left 349 per ticket 42 booking fee gold circle popular 189 2 auto added signin register nova reed meridian arena saturday 20 sep 2025 front stage vip 698 booking fees 2 42 84 fanshield refund protection 18 99 bl reserved parking pass 24 total 824 99 most bookers choose vip for this artist secure 2 front stage vip tickets 07 46 event details date saturday 20 sep 2025 1102 peopie booked vir tickets today 7 00 pm 8 00 pm meridian arena chicago il
TicketNest3.png,data\synthetic\interface interference\TicketNest3.png,Synthetic,Figma,,"@ ticketnest How Many Tickets? FRONT STAGE VIP $349 each - max 4 per order Protect Your Experience Pre-selected based on popular choices for this event @e FanShield Refund Protection RECOMMENDED Full refund if you can't attend for any reason 8 8 Reserved Parking Pass LIMITED Guaranteed spot at Meridian Arena North Lot ial Merch Bundle Add-on Events Concerts Sports Theatre - 2 Se AUTO-ADDED +$18.99 +$24 Signin Register meniaian Arena - Saturaay, ZU >ep ZUz> FRONT STAGE VIP $698 2 x $349 Booking fees (2 x $42) +$84 Event Details g FanShield Refund Protection +$18.99 Date Saturday, 20 Sep 2025 Reserved Parking Pass +$24 Doors open 7:00 PM # Show starts Total vaio SB 2ALOD, ‘Chicago, IL + Most bookers choose VIP for this artist! Secure 2 FRONT STAGE VIP Tickets — 07:20 COE® 142 people booked ViP tickets today",interface interference,,ticketnest how many tickets front stage vip 349 each max 4 per order protect your experience pre selected based on popular choices for this event fanshield refund protection recommended full refund if you can attend for any reason 8 8 reserved parking pass limited guaranteed spot at meridian arena north lot ial merch bundle add on events concerts sports theatre 2 se auto added 18 99 24 signin register meniaian arena saturaay zu ep zuz front stage vip 698 2 349 booking fees 2 42 84 event details fanshield refund protection 18 99 date saturday 20 sep 2025 reserved parking pass 24 doors open 7 00 pm show starts total vaio sb 2alod chicago il most bookers choose vip for this artist secure 2 front stage vip tickets 07 20 coe 142 people booked vip tickets today
VelvetJourney-ii1.png,data\synthetic\interface interference\VelvetJourney-ii1.png,Synthetic,Figma,,"s VELVETJOURNEY SECURE YOUR BOOKING Marrakech Palace Royale - Superior Suite - 3 Nights Travel Protection Plus £47 ‘Complete pence of mind for your lary tay an Y Fall cancillation refund Y ‘Medical emergency cover Flight delay compensation Hotel no-show protection Baggage protection £2,000 24/7 concierge support shanks, jundertand the sks and deslne coverage PAYMENT DETAILS akshay barastar Marrakech Palace Royale hee Medina, taratach Superior sue Checkin s4Mar 2025 Checkout 27 Mar2025 Guests ‘2Adalts Duration Nights ‘Room (3 nights) £690 ity tax £8 ‘Travel Protection - Total £708 (8 S968 81 ception Tete nition “Pex mcbation ont 4h before beck in 23-08-2032 J ¢ OBSIDIAN MEMBER",interface interference,,velvetjourney secure your booking marrakech palace royale superior suite 3 nights travel protection plus 47 complete pence of mind for your lary tay an fall cancillation refund medical emergency cover flight delay compensation hotel no show protection baggage protection 2 000 24 7 concierge support shanks jundertand the sks and deslne coverage payment details akshay barastar marrakech palace royale hee medina taratach superior sue checkin s4mar 2025 checkout 27 mar2025 guests 2adalts duration nights room 3 nights 690 ity tax 8 travel protection total 708 8 s968 81 ception tete nition pex mcbation ont 4h before beck in 23 08 2032 obsidian member
VoltixLive.png,data\synthetic\interface interference\VoltixLive.png,Synthetic,Figma,,"@ vornmiuve LIVE Sat 14 Mar 2026 - 8:00 PM - The Meridian Arena, Manchester NOVA ECLIPSE WORLD TOUR 2026 W 4.9 - 12,400 fans attending @ select Tickets @ Selling fast — 2,100 tickets left Choose Your Experience Select the ticket tier that suits you. VIP packages include exclusive backstage access. wy VIP EXPERIENCE * ®&commenneD BEST VALUE - 83% SOLD OUT v Front-row access v Meet & greet backstage v Exclusive merch bundle v Champagne lounge entry v Fast-track entry lane v HD photo with artist £289 per perso Home Events Artists Venues Order Summary VIP Experience x 1 £289 Booking fee £8.90 Total £297.90 the next 8:42 @ Only 12 VIP spots left. Reserve yours in | My Tickets",interface interference,,vornmiuve live sat 14 mar 2026 8 00 pm the meridian arena manchester nova eclipse world tour 2026 4 9 12 400 fans attending select tickets selling fast 2 100 tickets left choose your experience select the ticket tier that suits you vip packages include exclusive backstage access wy vip experience commenned best value 83 sold out front row access meet greet backstage exclusive merch bundle champagne lounge entry fast track entry lane hd photo with artist 289 per perso home events artists venues order summary vip experience 1 289 booking fee 8 90 total 297 90 the next 8 42 only 12 vip spots left reserve yours in my tickets
VoyagoSynthetic.png,data\synthetic\interface interference\VoyagoSynthetic.png,Synthetic,Figma,,"Stays Flights Cars Attractions Sign in @ seach —— @ #ot1 ——— The Azure Grand Resort & Spa Seminyak, Bali, Indonesia - 3,812 reviews - 4.7/5 Excellent Fri, 15 Aug 2025 Mon, 18 Aug 2025 2 adults - 3 nights Step 1— Choose Your Room YOUR BOOKING SUMMARY The Azure Grand Resort & Spa Deluxe Ocean View Suite Deluxe Ocean View Suite $867 © Travel Protection Plus +$34.99 Q Daily Breakfast Buffet +$84.00 ERICSSON) 3 Airport Transfer (Round Trip) +$45.00 Inight Taxes & fees +$38 $867 for 3 nights - incl. taxes Total $1069 # You're saving $300 on this suite! e",interface interference,,stays flights cars attractions sign in seach ot1 the azure grand resort spa seminyak bali indonesia 3 812 reviews 4 7 5 excellent fri 15 aug 2025 mon 18 aug 2025 2 adults 3 nights step 1 choose your room your booking summary the azure grand resort spa deluxe ocean view suite deluxe ocean view suite 867 travel protection plus 34 99 daily breakfast buffet 84 00 ericsson 3 airport transfer round trip 45 00 inight taxes fees 38 867 for 3 nights incl taxes total 1069 you re saving 300 on this suite
VoyagoSynthetic2.png,data\synthetic\interface interference\VoyagoSynthetic2.png,Synthetic,Figma,,"Flights Cars Attractions YOUR BOOKING SUMMARY ic.ro0m. (limited amenities,.no, view) Step 2— Complete Your Stay These extras are included in your booking based on popular choices. Uncheck to remove. @ _ Travel Protection Plus Full trip cancellation & emergency medical coverage Q Daily Breakfast Buffet Lavish international spread for 2 guests, all 3 mornings Airport Transfer (Round Trip) Private air-conditioned vehicle, Ngurah Rai Airport y Couples Spa Package a v Secure checkout Best price guarantee & 24/7 support +$89 The Azure Grand Resort & Spa Deluxe Ocean View Suite $867 © Travel Protection Plus +$34.99 Q Daily Breakfast Buffet +$84.00 ea Airport Transfer (Round Trip) +$45.00 Taxes & fees +$38 Total $1069 # You're saving $300 on this suite! Confirm & Pay — $1069 © 4 people booked this room with the Deluxe Suite in the last 24 hours",interface interference,,flights cars attractions your booking summary ic ro0m limited amenities no view step 2 complete your stay these extras are included in your booking based on popular choices uncheck to remove travel protection plus full trip cancellation emergency medical coverage daily breakfast buffet lavish international spread for 2 guests all 3 mornings airport transfer round trip private air conditioned vehicle ngurah rai airport couples spa package secure checkout best price guarantee 24 7 support 89 the azure grand resort spa deluxe ocean view suite 867 travel protection plus 34 99 daily breakfast buffet 84 00 ea airport transfer round trip 45 00 taxes fees 38 total 1069 you re saving 300 on this suite confirm pay 1069 4 people booked this room with the deluxe suite in the last 24 hours
ZenithFly.png,data\synthetic\interface interference\ZenithFly.png,Synthetic,Figma,,"ht Fare Selection ZS ZenithFiy LHR g fast! Business Select Your Fare + RECOMMENDED % Business First 180° fully-flat bed seat Gourmet multi-course dining Noise-cancelling Bose headphones Lounge access at DEL & LHR Flexible date change, free Smart Plus POPULAR Thu, 14 Aug 2025 =. 23:15, Concert Ticket Selection Direct aisle access Premium Champagne & spirits 2 x 32kg baggage included Priority check-in & boarding ¥ Prior 05:40+1 (next day) fares for this route have increased 3x this week. Lock in now — 11:45 remaining at this price. adult - One-way ONLY 2 SEATS REMAINING %1,84,990 ~ $2249 per person SAVE $750 %89,990 ZF 842 - Boeing 787-9 DEL — LHR - 1 Adult Business First fare %1,84,990 ©® Travel Guard Insurance +22,499 & Seat Selection +2699 Total %2,21,788 # You save %62,460 vs walk-up price! Continue with Business First —",interface interference,,ht fare selection zs zenithfiy lhr fast business select your fare recommended business first 180 fully flat bed seat gourmet multi course dining noise cancelling bose headphones lounge access at del lhr flexible date change free smart plus popular thu 14 aug 2025 23 15 concert ticket selection direct aisle access premium champagne spirits 2 32kg baggage included priority check in boarding prior 05 40 1 next day fares for this route have increased 3x this week lock in now 11 45 remaining at this price adult one way only 2 seats remaining 1 84 990 2249 per person save 750 89 990 zf 842 boeing 787 9 del lhr 1 adult business first fare 1 84 990 travel guard insurance 22 499 seat selection 2699 total 2 21 788 you save 62 460 vs walk up price continue with business first
venueCraft1.png,data\synthetic\interface interference\venueCraft1.png,Synthetic,Figma,,"Find Venues Weddings ual Tours Log In List Your Venue @ Sydney CBD, NSW i] Date: Aug 2026 22 500 guests # Wedding / Gala Available Venues 48 venues in Sydney - August 2026 Sort: Recommended v Check Availability AUGUST 2026 + PREMIUM HALL - DEFAULT SELECTION Hl | 7 12 14 Available Booked The Grand Lumiére Ballroom Venue hire A$12,500 Service fee A$950 <4 — Te ‘ Total A$13,450 Premium Hall - Floor 22 Reserve Grand Lumiere > vy 360° panoramic city views yv Custom lighting & AV system v Private bridal suite vy In-house catering team v Valet & concierge service v Dedicated event coordinator",interface interference,,find venues weddings ual tours log in list your venue sydney cbd nsw date aug 2026 22 500 guests wedding gala available venues 48 venues in sydney august 2026 sort recommended check availability august 2026 premium hall default selection hl 7 12 14 available booked the grand lumi re ballroom venue hire 12 500 service fee 950 4 te total 13 450 premium hall floor 22 reserve grand lumiere vy 360 panoramic city views yv custom lighting av system private bridal suite vy in house catering team valet concierge service dedicated event coordinator
venueCraft2.png,data\synthetic\interface interference\venueCraft2.png,Synthetic,Figma,,"@ Only 2 dates left in August A$12,500 per event - Up to 500 guests POPULAR Sapphire Terrace Rooftop Luxury - 600 guests - # 4.91 v Open-air rooftop v Bar & catering package v DJ booth & da A$8,200 floor View Details Standard venues from A$1,200 UNIQUE The Heritage Suite Historic Venue - 200 gue v Victorian architecture v Stained-glass w v Garden tyard A$6,800 sts: We 4.85 View Details ok kkk ""The Grand Lumiére was absolutely breathtaking. Our 450-guest gala was flawless from start to finish.” @ sPriyaMehta ev Corporate Events Director - 2025",interface interference,,only 2 dates left in august 12 500 per event up to 500 guests popular sapphire terrace rooftop luxury 600 guests 4 91 open air rooftop bar catering package dj booth da 8 200 floor view details standard venues from 1 200 unique the heritage suite historic venue 200 gue victorian architecture stained glass garden tyard 6 800 sts we 4 85 view details ok kkk the grand lumi re was absolutely breathtaking our 450 guest gala was flawless from start to finish spriyamehta ev corporate events director 2025
hs1.png,data\synthetic\misdirection\hs1.png,Synthetic,Figma,,The Mirenza Palace,misdirection,,the mirenza palace
lt0.png,data\synthetic\misdirection\lt0.png,Synthetic,Figma,,"a Playace.co ( (Q)_ Search for house parties, hosts, etc AllCities v ) Host A Party $B: Jul19|Sun © Goregaon, Mumbai The Great Indoors - Where The Party Finds You Cover Charge: 899 @ Filling Up Fast! 22 people trying to get in View Details >> Age 23 - 34 Jul19|Sun © Near HSR Layout, Banga... Gupshup & Giggles - No Filter Houseparty Cover Charge: 999 @ Filling Up Fast! 98 people trying to get in View Details >> © Sector 43, Gurugram & Jul19| Sun Jalwa Junction: Desi AF Sundays Cover Charge: 1099 © Filling Up Fast! 112 people trying to get in View Details >>",misdirection,,playace co search for house parties hosts etc allcities host party jul19 sun goregaon mumbai the great indoors where the party finds you cover charge 899 filling up fast 22 people trying to get in view details age 23 34 jul19 sun near hsr layout banga gupshup giggles no filter houseparty cover charge 999 filling up fast 98 people trying to get in view details sector 43 gurugram jul19 sun jalwa junction desi af sundays cover charge 1099 filling up fast 112 people trying to get in view details
lt1.png,data\synthetic\misdirection\lt1.png,Synthetic,Figma,,&VenueMornk — [enw —~=C*~ «(chemise soaeacy «| [a er] Venue Types v Locality v Budget v More Filters (1) v Best Price Guarantee Enter your Details Hotel Rudra Vilas Hotel Kanha Paradise Inn 45 Rooms Available <1 100 Parking Available [5237 Rooms Available <150 Parking Available send me the updates on 10 Visits in last 30 days 20 Shortlisted last 30 days © 15 Visits in last 30 days whatsapp @ Check July Offers iv) @ Check July Offers @ We will send you an One Time on this number Your details are safe with us. *5 350 2800[5) *5 600 = 80015) spy proceeding ahead you agree to Overall Ratings Capacity Price Per Plate Overall Ratings Capacity Price Per Plate Jerms.of Cookie use & Privacy Policy 1) otet UBMIT Have us call you? Elite Park Inn Riverarch Greenfields Resorts fag 20 Re Available <3 50 Parking Available faa 90 Re Available =<%80 Parking Available [R20 Rooms Available < ‘arking Available [R90 Rooms Available carking Available OFFER VALID TILL 10 Shortisted last 30 days © 20 Visits in last 30 days 15 Shortlisted last 20 days heck July Offers [\) @ Check July Offers ’.),misdirection,,venuemornk enw chemise soaeacy er venue types locality budget more filters 1 best price guarantee enter your details hotel rudra vilas hotel kanha paradise inn 45 rooms available 1 100 parking available 5237 rooms available 150 parking available send me the updates on 10 visits in last 30 days 20 shortlisted last 30 days 15 visits in last 30 days whatsapp check july offers iv check july offers we will send you an one time on this number your details are safe with us 5 350 2800 5 5 600 80015 spy proceeding ahead you agree to overall ratings capacity price per plate overall ratings capacity price per plate jerms of cookie use privacy policy 1 otet ubmit have us call you elite park inn riverarch greenfields resorts fag 20 re available 3 50 parking available faa 90 re available 80 parking available r20 rooms available arking available r90 rooms available carking available offer valid till 10 shortisted last 30 days 20 visits in last 30 days 15 shortlisted last 20 days heck july offers check july offers
lt2.png,data\synthetic\misdirection\lt2.png,Synthetic,Figma,,"Are you sure you want to leave this page? You might miss out on savings worth upto =1,00,000 @& Close Request Continue Request",misdirection,,are you sure you want to leave this page you might miss out on savings worth upto 1 00 000 close request continue request
lt3.png,data\synthetic\misdirection\lt3.png,Synthetic,Figma,,". CALLUS CURRENCY Tribal Sand +254115115247 KES Sandbox | Kilifi Villa Info Check-in / Check-out Dates 07-19-2026 To 07-20-2026 EDIT | 9 P.O Box 188, Kilifi, Coast, Kenya —ShowMap —__ CHOOSE YOUR RETREAT YOUR ITINERARY AL Sort +14 Filters (Have a PROMO Code? View By SUITES Sandbox xes 59,950.00 Rates Inclusive of Tax Per Night Hurry! 1 Left BOOK ANOTHER PROPERTY VIEW v",misdirection,,callus currency tribal sand 254115115247 kes sandbox kilifi villa info check in check out dates 07 19 2026 to 07 20 2026 edit 9 box 188 kilifi coast kenya showmap choose your retreat your itinerary al sort 14 filters have promo code view by suites sandbox xes 59 950 00 rates inclusive of tax per night hurry 1 left book another property view
lt4.png,data\synthetic\misdirection\lt4.png,Synthetic,Figma,,Call Weddingz Banquet Company Serviced Radhekrishna The Grand Banquet C3) +91-2249422852 | @® Hurry UP! This Venue Is In High Demand See Discounted Price Select event date and number of total guests to see weddingz prices “ileal Guests Check live availability coh We have live availability for this venue Event Date le] Non Vegetarian 2250 | Venue Tour | Book a Weddingz Managed Venue for (©) Great Event Guaranteed One Stop Shop Q@ 100% Transparency,misdirection,,call weddingz banquet company serviced radhekrishna the grand banquet c3 91 2249422852 hurry up this venue is in high demand see discounted price select event date and number of total guests to see weddingz prices ileal guests check live availability coh we have live availability for this venue event date le non vegetarian 2250 venue tour book weddingz managed venue for great event guaranteed one stop shop 100 transparency
lt5.png,data\synthetic\misdirection\lt5.png,Synthetic,Figma,,Wait Didn't find the wedding venue of your dreams? Let our venue experts help you! +91 + Send me the banquet details on © Whatsapp Reserve My Deal,misdirection,,wait didn find the wedding venue of your dreams let our venue experts help you 91 send me the banquet details on whatsapp reserve my deal
lt6.png,data\synthetic\misdirection\lt6.png,Synthetic,Figma,,"APPLY PRICE AVAILABILITY 24hr Lead Time Anytime Delivery Evening Only Seasonal Range Morning Only SHOP BY CATEGORY All products Pooja Flowers Bangle Garland Dindu Flower Strings Loose Flowers Pooja Fruits Pooja Leaves Pooja Plants AGAR BATTH - PACKET Oa ime Delivery %10.00 ASTER BLUE STRING -120CM LENGTH 3 24hr Lead Time %239.40 ARECA CATECHU FLOWER (PAKKU FLOWER) - 1 BUNCH 5 24hr Lead Time %1,692.90 ASTER LAVENDER FLOWER - 250GMS 3 24hr Lead Time 108.30 ASH GOURD -1 PIECE 3 24hr Lead Time %228.00 ASTER LAVENDER MIX STRING - 120CM 3 24hr Lead Time %279.30 ASSORTED POOJA LOOSE FLOWERS - - = ASTER MAROON WITH PINK, WHITE & GREEN BORDER GARLAND - 1.5FT %393.30 ©",misdirection,,apply price availability 24hr lead time anytime delivery evening only seasonal range morning only shop by category all products pooja flowers bangle garland dindu flower strings loose flowers pooja fruits pooja leaves pooja plants agar batth packet oa ime delivery 10 00 aster blue string 120cm length 3 24hr lead time 239 40 areca catechu flower pakku flower 1 bunch 5 24hr lead time 1 692 90 aster lavender flower 250gms 3 24hr lead time 108 30 ash gourd 1 piece 3 24hr lead time 228 00 aster lavender mix string 120cm 3 24hr lead time 279 30 assorted pooja loose flowers aster maroon with pink white green border garland 1 5ft 393 30
lt7.png,data\synthetic\misdirection\lt7.png,Synthetic,Figma,,"Enjoy 20 shipping with our free delivery time slots Fas; & fn | a Q Sending good luck plants or more & (os) 7 @ cS) PETALS My Reminders INR Corporate Cart HiGuest More Birthday » Occasions v Anniversary ~ Flowers v Cakes » Personalised Plants v Balloon n Services v Chocolates v Lifestyle v Hatke v LUXE v Hampers v International v Home / Flowers / Bloomscape Basket Bloomscape Basket FREE DELIVERY §% 2,349 =2649 nx0f © Ordered 55+ times in Past Month Choose Delivery Preference © Delivery Location wa IND v _ Enter pincode, locality, etc Offers Available",misdirection,,enjoy 20 shipping with our free delivery time slots fas fn sending good luck plants or more os 7 cs petals my reminders inr corporate cart higuest more birthday occasions anniversary flowers cakes personalised plants balloon services chocolates lifestyle hatke luxe hampers international home flowers bloomscape basket bloomscape basket free delivery 2 349 2649 nx0f ordered 55 times in past month choose delivery preference delivery location wa ind enter pincode locality etc offers available
lt8.png,data\synthetic\misdirection\lt8.png,Synthetic,Figma,,"asee KLM Royal Dutch Airlines = India-EN Ag Login € Back Outbound flight Air Europa Express + AIRFRANCE 7 +1 day Economy Business 17:10 2 transfers 11:50 LCG 18h40 ARN INR 89,677 v INR 104,942 v Air Europa Express + AIRFRANCE 7 +1 day Economy Business 17:10 2 transfers 11:50 LCG 18h40 ARN 3 seats left INR 71,900 v INR 79,492 v Air Europa Express + AIRFRANCE / +1airline +1 day Economy Business 17:10 2 transfers 12:50 LCG 19h40 ARN INR 95,235 v INR 120,104 v Details",misdirection,,asee klm royal dutch airlines india en ag login back outbound flight air europa express airfrance 7 1 day economy business 17 10 2 transfers 11 50 lcg 18h40 arn inr 89 677 inr 104 942 air europa express airfrance 7 1 day economy business 17 10 2 transfers 11 50 lcg 18h40 arn 3 seats left inr 71 900 inr 79 492 air europa express airfrance 1airline 1 day economy business 17 10 2 transfers 12 50 lcg 19h40 arn inr 95 235 inr 120 104 details
rnd1.png,data\synthetic\misdirection\rnd1.png,Synthetic,Figma,,"| Novotel Paris Les Halles «*** [3 © Paris City Center, Paris - Show on map ~ Subway Access Location 9. 31 people are looking right now ocation 9.3 Booked 27 times in the last 6 hours | Great Value Today © OKIE) Price for 2 Nights Double Room & €436 In high demand - only 7 rooms left on our site! Risk Free: You can cancel ater, so lock in this great price today! FREE cancellation See our last avi",misdirection,,novotel paris les halles 3 paris city center paris show on map subway access location 9 31 people are looking right now ocation 9 3 booked 27 times in the last 6 hours great value today okie price for 2 nights double room 436 in high demand only 7 rooms left on our site risk free you can cancel ater so lock in this great price today free cancellation see our last avi
rnd10.PNG,data\synthetic\misdirection\rnd10.PNG,Synthetic,Figma,,Sign in to get the Best price guarantee Save up to €270 on accommodation. Prime & exclusive promo codes await with just a two-step sign in Continue with Google Continue with emai Dismiss discounts,misdirection,,sign in to get the best price guarantee save up to 270 on accommodation prime exclusive promo codes await with just two step sign in continue with google continue with emai dismiss discounts
rnd11.PNG,data\synthetic\misdirection\rnd11.PNG,Synthetic,Figma,,"do 2001 | @ 241 | & 2auests Map area @| Wheretostay v | Price V Freebies V | Amenities V | Hotel class V —Reviewscore V Property type V. Sallfiters@ V || + Smart Filters v 3 How payments to us affect ranking ightly total - Including all taxes + fees V ‘3016 results | Sort by Recommended V : Foret Domaniale de usseinvle . Montmorency ona de MN} 88 HOTEL Paris 17 <2 Compare ) 348 less than usual Parechates Batignolles CB ver 9008 007%) eee © ""Rétopolt ae panete seaingexe % 8,596 Bove ogoda © sok rest ‘Argentepil 7 Expedia beni B&B HOTEL Paris Porte +2 Compare 11% fess than vsval Nanterre: eanast oe or #10276 des Lilas Arc de Trionmpmenegy’ € 2 | ¢ 22,920 P a 2 £28,890 Toth aroncizcement, Pas 220319 | Hoiteu BD ver 500010925) ex . ® anon 20597 Booking.com 10,929 pT wsso [7 z 16,875 [ % 10,276 eau PTT de ones . en725 @ Book direct iw aepeca ena a",misdirection,,do 2001 241 2auests map area wheretostay price freebies amenities hotel class reviewscore property type sallfiters smart filters 3 how payments to us affect ranking ightly total including all taxes fees 3016 results sort by recommended foret domaniale de usseinvle montmorency ona de mn 88 hotel paris 17 2 compare 348 less than usual parechates batignolles cb ver 9008 007 eee topolt ae panete seaingexe 8 596 bove ogoda sok rest argentepil 7 expedia beni hotel paris porte 2 compare 11 fess than vsval nanterre eanast or 10276 des lilas arc de trionmpmenegy 2 22 920 2 28 890 toth aroncizcement pas 220319 hoiteu bd ver 500010925 ex anon 20597 booking com 10 929 pt wsso 7 16 875 10 276 eau ptt de ones en725 book direct iw aepeca ena
rnd2.PNG,data\synthetic\misdirection\rnd2.PNG,Synthetic,Figma,,"Himachal Pradesh Tour Andaman ‘5 Nights © Days: 2 Nighis 4 Days: incision 20% Irowion. 18% ‘Nights Poet Blair ni Pa 2 Nights Havelock o Rs. 32,999/pp Rs. 25,000/pp Hong Kong Mesmeris Hora Kong 3 Nigh, © Daye Hs, All Inclusive We. Hors Kone off Rs. 19,599/pp be Tashkent “Teshkent Extravaganza Nights, 4Days All Inclusive Tashkent Rs. 37,590/pp",misdirection,,himachal pradesh tour andaman 5 nights days 2 nighis 4 days incision 20 irowion 18 nights poet blair ni pa 2 nights havelock rs 32 999 pp rs 25 000 pp hong kong mesmeris hora kong 3 nigh daye hs all inclusive we hors kone off rs 19 599 pp be tashkent teshkent extravaganza nights 4days all inclusive tashkent rs 37 590 pp
rnd3.PNG,data\synthetic\misdirection\rnd3.PNG,Synthetic,Figma,,"| “3,735 choices 4 4 —— Guest rating: 8¢ Excellent Distance to center Inside city center (630) <2kmtocenter (817) 2-5kmtocenter (965) 5-10km to-center (630) >t kmto center (689) Neighborhood Sukhumvit (637) a Ratchada (464) Don Mueang International Airport ase) Location highlights Nightife 2198) 1, = The Quarter Hualamphong by UHG (SHA Plus+) eH -O China Town, Bangkok. 0.4 km to center Breakfast Fitnesscenter +4 I Popular! Last booked é hours ago oft: Couple Bryan tar Hotel Deal - Today only! Limited offer on unlimited luxury. Carlton Hotel Bangkok Sukhumvit (SHA Extra Plus) eA HC ICC Sukhumvit, Bangkok -0.3kmto Breakfast Airport pick-up “8 Parking I Popular! Last booked & hours ago Q Text searc! Excellent. [27 onestet 4 MEGA SALE 5AM B730 + FREE CANCELLATION Selectroom > 9.6 Exceptional - staff are so friendly” Exceptional Ca am + MEGA SALE 16,845 B2,126 72,Very good “Great location and the hotel itself is ok:",misdirection,,3 735 choices 4 4 guest rating 8 excellent distance to center inside city center 630 2kmtocenter 817 2 5kmtocenter 965 5 10km to center 630 kmto center 689 neighborhood sukhumvit 637 ratchada 464 don mueang international airport ase location highlights nightife 2198 1 the quarter hualamphong by uhg sha plus eh china town bangkok 0 4 km to center breakfast fitnesscenter 4 popular last booked hours ago oft couple bryan tar hotel deal today only limited offer on unlimited luxury carlton hotel bangkok sukhumvit sha extra plus ea hc icc sukhumvit bangkok 0 3kmto breakfast airport pick up 8 parking popular last booked hours ago text searc excellent 27 onestet 4 mega sale 5am b730 free cancellation selectroom 9 6 exceptional staff are so friendly exceptional ca am mega sale 16 845 b2 126 72 very good great location and the hotel itself is ok
rnd5.PNG,data\synthetic\misdirection\rnd5.PNG,Synthetic,Figma,,"Where to? Q& New York, NY Neighborhoods Times Square - Theatre District Empire State Building Area Chelsea Area Show 31 more v Property Name Q_ Eg:Hilton a) (68) (60) Check-in - Check-out 07/13/2026 - 07/14/2026 (1 night) 9 Rooms & Guests = 1Room, 2 Adults Deals For You || expressdeals | Close to MetLife Stadium || Free Parking | Free Breakfast Luxury Business Friendly Top Booked Sheraton New York Times Square Hotel promoted © Times Square - Theatre District V Free Internet Access, Pets Allowed, Fitness Center, Res... Amenities v Pay Later Available \ SS) Ss SS) SS CED 2.435 Reviews 4-Star Hotel Luxury Business Friendly New York Hilton © Central Park South Top Booked ICOWN Promoted V Free Internet Access, Pets Allowed, Fitness Center, Res... Amenities v Pay Later Available We only have a few rooms left at 226214 ¥AB 1.607 Reviews 4-Star Hotel Y | Update Search Luxury )| Pay Later || Pr 323,736 Total: 231,401 Includes taxes & fees Choose your room 326,214 Total: 234,793 Includes taxes & fees Choose your room",misdirection,,where to new york ny neighborhoods times square theatre district empire state building area chelsea area show 31 more property name eg hilton 68 60 check in check out 07 13 2026 07 14 2026 1 night 9 rooms guests 1room 2 adults deals for you expressdeals close to metlife stadium free parking free breakfast luxury business friendly top booked sheraton new york times square hotel promoted times square theatre district free internet access pets allowed fitness center res amenities pay later available ss ss ss ss ced 2 435 reviews 4 star hotel luxury business friendly new york hilton central park south top booked icown promoted free internet access pets allowed fitness center res amenities pay later available we only have few rooms left at 226214 ab 1 607 reviews 4 star hotel update search luxury pay later pr 323 736 total 231 401 includes taxes fees choose your room 326 214 total 234 793 includes taxes fees choose your room
rnd6.PNG,data\synthetic\misdirection\rnd6.PNG,Synthetic,Figma,,"© Liphook, England, United Kingdom Filters O Pleasant: 6 or more 2 Star rating tw 2m 3m 4% 5& Control your privacy Adopt ur website uses cookies to improve navigation. We use cookies to share analytics, advertising data, user data, and ad personalization data with Google. Policy - Cookie Policy - Terms of use ‘My options ‘Show all Hotel facilities v 2 properti 16 Jul & 1room - 2 adults &> 4 Sorted by: Recommended ~ Champneys Forest Mere kkk © Liphook + 1.8 km from city centre BBB 000 4140 reviews £531 @wiFi Lindoor poot ££ Outdoor pool £177 / night (3 nights) /AT included See availability Old Thorns Golf Resort and Spa Hampshire by Accor kkk © Liphook + 2.5 km from city centre 73 Good 3183 reviews £366 #wi-ri Lindoor poot @) car park £122 / night (3 nights) /AT included See availability",misdirection,,liphook england united kingdom filters pleasant 6 or more 2 star rating tw 2m 3m 4 5 control your privacy adopt ur website uses cookies to improve navigation we use cookies to share analytics advertising data user data and ad personalization data with google policy cookie policy terms of use my options show all hotel facilities 2 properti 16 jul 1room 2 adults 4 sorted by recommended champneys forest mere kkk liphook 1 8 km from city centre bbb 000 4140 reviews 531 wifi lindoor poot outdoor pool 177 night 3 nights at included see availability old thorns golf resort and spa hampshire by accor kkk liphook 2 5 km from city centre 73 good 3183 reviews 366 wi ri lindoor poot car park 122 night 3 nights at included see availability
rnd7.PNG,data\synthetic\misdirection\rnd7.PNG,Synthetic,Figma,,,misdirection,,
rnd8.PNG,data\synthetic\misdirection\rnd8.PNG,Synthetic,Figma,,"opodo = Flights Hotels. Flight +Hotel_ Cars Hotels > France > Paris Best price guarantee go Paris Hotels: Book a room save upto €270 on hotels wth ust wo- Choose your dates to check current prices and hotel deals 4 ation yeck-in k-out Tue, 14 July 2026 9 Wed, 15 July 202¢ 312.601 reviews on Y& Trustpilot v7 uli |. Ah hte",misdirection,,opodo flights hotels flight hotel cars hotels france paris best price guarantee go paris hotels book room save upto 270 on hotels wth ust wo choose your dates to check current prices and hotel deals 4 ation yeck in out tue 14 july 2026 9 wed 15 july 202 312 601 reviews on trustpilot v7 uli ah hte
rnd9.PNG,data\synthetic\misdirection\rnd9.PNG,Synthetic,Figma,,"Facilities [| Free WiFi 1504 | Elevator 1342 Show all7 Vv [| COVID-19 prevention measures 916 (_] Bar or Restaurant 867 [| Pets allowed 628 Show alll4 Vv Accommodation type [| Hotel 1446 ~] Other 128 |_| Apartment 37 ~] Hostel 19 [| Guest house 8 Free cancellation available © Book with peace of mind J g kik 20th Arrondissement, Paris - 5.00 km from city centre =. @ Change plans anytime esee 56 Includes taxes and charges @ WELCOME applied Show details ™) Pavillon Opéra Lafayette *** Paris City Center, Paris -2.87 km from city centre (@ summer Sole e105 € 68 Includes taxes and charges @ WELCOME applied Price without discount €105",misdirection,,facilities free wifi 1504 elevator 1342 show all7 covid 19 prevention measures 916 bar or restaurant 867 pets allowed 628 show alll4 accommodation type hotel 1446 other 128 apartment 37 hostel 19 guest house 8 free cancellation available book with peace of mind kik 20th arrondissement paris 5 00 km from city centre change plans anytime esee 56 includes taxes and charges welcome applied show details pavillon op ra lafayette paris city center paris 2 87 km from city centre summer sole e105 68 includes taxes and charges welcome applied price without discount 105
tripora1.png,data\synthetic\misdirection\tripora1.png,Synthetic,Figma,,"ripora > 6 restaurants available 2 guests Friday 14 F fry “18:00 ‘ff EDITOR'S PICK. FRENCH | # MIGHELIN F Maison Lumiére A Timeless Parisian Eiperience Sok IKH 49 (312 reviews) Sakura Omakase Chef-curated omakase for the discerning palate 48 vapaness Tomorrow, 730 PM Indian Moder British Mediterranean Modem & sophisticated The Coral Room Covent Garden, London Seasonal menus celebrating the finest British produce 48 Modern British ¥ Today, 6:30PM Top Rated Spice Garden Notting Mill London spices, warm hospitality, vibrant 48 indian Tonight, 7:45 PM",misdirection,,ripora 6 restaurants available 2 guests friday 14 fry 18 00 ff editor pick french mighelin maison lumi re timeless parisian eiperience sok ikh 49 312 reviews sakura omakase chef curated omakase for the discerning palate 48 vapaness tomorrow 730 pm indian moder british mediterranean modem sophisticated the coral room covent garden london seasonal menus celebrating the finest british produce 48 modern british today 6 30pm top rated spice garden notting mill london spices warm hospitality vibrant 48 indian tonight 7 45 pm
tripora2.png,data\synthetic\misdirection\tripora2.png,Synthetic,Figma,,"> Fighes restore body, mind, and spirit. (a MassAce £185 Himalayan Stone Journey "" ‘Worm volcanic stonoa and aromatic os unlock deep tension a our ‘thorapists guide you into profound stitness Deeprmcl ret Improved creation Complete reaction x i FACIAL £220 Luminescence Facial Gold-infused serums and oxygen therapy restore your skin to its most luminous state. Reserve your glow. Instant radlance Orephyaton Aas-agng ft ony £165 Royal Hammam ‘An ancient Ottoman tradition eleveted with rose water, black soap, and the ‘inost exfoliating kosa glove Totseroeton —Skinsoftening Ral eanting MassAce £145 Nordic Forest Escape Pin resin eucalyptus and birch leat ext forest as tension mets away ransport you toa Nordic ‘Srest reduction Mitchel! Mental ay —. \Ne Book Your Experience MASSAGE Himalayan Stone Journey Private sult with heated floors and cureted soundacepes YOUR THERAPIST SELECT DATE 18-02-2025 AVAILABLE TIMES “001800 00 7901800 ENHANCEMENTS Champagne & Macarons +28 D) Roce Potal Bath Ritual +035 [) Aromatherapy Enhancoment +8 © Hot stone Upgrade +025 Himalayan Stone Joumey e185, Total £185 Select a Time Slot",misdirection,,fighes restore body mind and spirit massace 185 himalayan stone journey worm volcanic stonoa and aromatic os unlock deep tension our thorapists guide you into profound stitness deeprmcl ret improved creation complete reaction facial 220 luminescence facial gold infused serums and oxygen therapy restore your skin to its most luminous state reserve your glow instant radlance orephyaton aas agng ft ony 165 royal hammam an ancient ottoman tradition eleveted with rose water black soap and the inost exfoliating kosa glove totseroeton skinsoftening ral eanting massace 145 nordic forest escape pin resin eucalyptus and birch leat ext forest as tension mets away ransport you toa nordic srest reduction mitchel mental ay ne book your experience massage himalayan stone journey private sult with heated floors and cureted soundacepes your therapist select date 18 02 2025 available times 001800 00 7901800 enhancements champagne macarons 28 roce potal bath ritual 035 aromatherapy enhancoment 8 hot stone upgrade 025 himalayan stone joumey e185 total 185 select time slot
velo0.png,data\synthetic\misdirection\velo0.png,Synthetic,Figma,,"© Pickup 437 Madison Ave, Midtown @ DESTINATION JFK International Airport — Terminal 4 CHOOSE YOUR RIDE Recommended Premium top Pick Luxury sedans — Mercedes, BMW, Au O26 8 Upto 4 4.9 (2.4K trips) © Professional chauffeur Y Complimentary water @ Wi-Fi onboard $38.90 Est. fare @ Fight tacking @ Economy Standard co Premium - Est. arrival 3:42 PM $38.90 Comfort Newer vehicles, extra legroom @29min 24 % 47 XL ‘SUVs & minivans, up to 6 seats @34min 6 % 46 $12.40",misdirection,,pickup 437 madison ave midtown destination jfk international airport terminal 4 choose your ride recommended premium top pick luxury sedans mercedes bmw au o26 8 upto 4 4 9 2 4k trips professional chauffeur complimentary water wi fi onboard 38 90 est fare fight tacking economy standard co premium est arrival 3 42 pm 38 90 comfort newer vehicles extra legroom 29min 24 47 xl suvs minivans up to 6 seats 34min 6 46 12 40
velo1.png,data\synthetic\misdirection\velo1.png,Synthetic,Figma,,"Ride Booking Aurora Collective @ Madison Square Garden, New York Sat, Aug 16, 2025 - 8:00 PM SELECT TICKETS Best Experience VIP Experience | tinies $299 Pit - Rows A~C - Unrestricted stage access @ Pitaccess GY Mect&grest Y Exclusivemerch pack — Premium bar access © Dedicated entrance Commemorative lanyard (-) General Admission Sinsina General floor - Same event access Quantity VIP Experience x 2 - 2+ $598 Premium $149 Floor A-C- Rows 12 Reserved seating Drink voucher ‘Standard $89 Floor D-H - Rows 12-30 Reserved seating $49 per ticket",misdirection,,ride booking aurora collective madison square garden new york sat aug 16 2025 8 00 pm select tickets best experience vip experience tinies 299 pit rows unrestricted stage access pitaccess gy mect grest exclusivemerch pack premium bar access dedicated entrance commemorative lanyard general admission sinsina general floor same event access quantity vip experience 2 2 598 premium 149 floor rows 12 reserved seating drink voucher standard 89 floor rows 12 30 reserved seating 49 per ticket
velo2.png,data\synthetic\misdirection\velo2.png,Synthetic,Figma,,"@ ver Ride Booking Event Tickets Healthcare [ saion | Lumiére Studio ok tk 48 (3,120) - © West Village, New York CHOOSE YOUR SERVICE Luxury Makeover Package Full transformation - hair, skin, styling & finish 25 hrs ek ke te 4.9 (1,204) © Keratin treatment @ Balayage colour @ Luxuryfacial @ Nail art % Champagne & styling session ‘Afternoon Tue, Jul 29 Blowout, trim & scalp massage Isabelle Marchand 448 75 min ~~ @ Today's availabilty Hair Spa Deep conditioning & repair treatment =m) GE G2) Ga @ | cic rans 447 60 min Facial Haircut Cleansing, exfoliation & moisturising - 5 min $78 Wash, cut & basic blow-dry - 30 min 7200 (330) $35 Luxury Makeover Package - Lumiére Studio $349",misdirection,,ver ride booking event tickets healthcare saion lumi re studio ok tk 48 3 120 west village new york choose your service luxury makeover package full transformation hair skin styling finish 25 hrs ek ke te 4 9 1 204 keratin treatment balayage colour luxuryfacial nail art champagne styling session afternoon tue jul 29 blowout trim scalp massage isabelle marchand 448 75 min today availabilty hair spa deep conditioning repair treatment ge g2 ga cic rans 447 60 min facial haircut cleansing exfoliation moisturising 5 min 78 wash cut basic blow dry 30 min 7200 330 35 luxury makeover package lumi re studio 349
velo3.png,data\synthetic\misdirection\velo3.png,Synthetic,Figma,,"© New York, NY Cardiology Available Today in-person AVAILABLE SPECIALISTS — 4 FOUND Dr. Sarah Williams $220 Dr. Marcus Chen $350 e Interventional Cardiologist Senior Interventional Cardiologist per visit ek dk ee 4.9 (2,841) ek dk He 47 (831) 1B yrs experience - NYU Langone Medical Center 10:15 430 ‘MBBS, MD, FACC © Priority scheduling @ Same-day reports, Pansat © Dedicated careteam — Valet parking & Cardiac Electrophysiologist “ ee kk te 4.6 (514) GED 00 00m) | asm ° =a) (Ga $75 Dr. Marcus Chen - Top Specialist Confirm Appointment $350 / consuitation",misdirection,,new york ny cardiology available today in person available specialists 4 found dr sarah williams 220 dr marcus chen 350 interventional cardiologist senior interventional cardiologist per visit ek dk ee 4 9 2 841 ek dk he 47 831 1b yrs experience nyu langone medical center 10 15 430 mbbs md facc priority scheduling same day reports pansat dedicated careteam valet parking cardiac electrophysiologist ee kk te 4 6 514 ged 00 00m asm ga 75 dr marcus chen top specialist confirm appointment 350 consuitation
voyaj_01.png,data\synthetic\misdirection\voyaj_01.png,Synthetic,Figma,,"GD voya) toms Hotes cans nestaurants Experiences L | x 4] Pay a x Flights Hotels cabs Restaurants ‘Spa Wellness Movies Event Venues Concerts ‘Salons HANDPICKED FOR YOU Today's Best Deals View alt deals — ‘Aria Grand Bali Resort Delhi Dubai ‘Zambar — Coastal kitchen ‘Seminyak, Ball Indio - Non-stop - 3n 50m AKC, Mumbai khkhh: 48 ‘ehhh 45 (892) hth 47",misdirection,,gd voya toms hotes cans nestaurants experiences 4 pay flights hotels cabs restaurants spa wellness movies event venues concerts salons handpicked for you today best deals view alt deals aria grand bali resort delhi dubai zambar coastal kitchen seminyak ball indio non stop 3n 50m akc mumbai khkhh 48 ehhh 45 892 hth 47
voyaj_02.png,data\synthetic\misdirection\voyaj_02.png,Synthetic,Figma,,"Voyaj Flights Hotels Cabs Restaurants Experiences ‘Seminyak, Ball Indio - Non-stop = 3n 50m ‘BKC, Mumbai pereeyy taka 45 beean a7 38,499 oo» 311,299 21,499 — by stiles ‘Ananda Day Spa — Signature Ritual ‘Arijit Singh Live — World Tour Koramangala, Bengaluru DY Pat Stadium, Mumbai -14 Sep deka 49 tea 49 22,799 33,299 213,499 v0» ‘TRENDING NOW Popular Destinations Fine Dining from #1899)",misdirection,,voyaj flights hotels cabs restaurants experiences seminyak ball indio non stop 3n 50m bkc mumbai pereeyy taka 45 beean a7 38 499 311 299 21 499 by stiles ananda day spa signature ritual arijit singh live world tour koramangala bengaluru dy pat stadium mumbai 14 sep deka 49 tea 49 22 799 33 299 213 499 v0 trending now popular destinations fine dining from 1899
voyaj_03.png,data\synthetic\misdirection\voyaj_03.png,Synthetic,Figma,,Find Your Perfect Flight Round Trip One Way London (LHR) Dubai (DxB) 14-02-2025 © 21-02-2025 4 fights found FILTERS. London — Dubai 14 Feb eer Duration Departure @ AllAidines O British Airways © Emirates British Airways 06:15 7h ism 17:30 £489 © Singapore Air © Qatar Airways 2igincuded \ 4seatsiot Bl Fedble datos Flight detais ¥ “ve Brasres ) Eniates 6h 40m £612 Nonstop 1 stop 1 2+Stops (8 20%p locked Taste EL lel cates ah tie 3 Carry-on only Checked bag © 2rbags Lufthansa 11:30 6h 45m 1 20kg included 2seatsleft El Flexible dates Flight detais ¥,misdirection,,find your perfect flight round trip one way london lhr dubai dxb 14 02 2025 21 02 2025 4 fights found filters london dubai 14 feb eer duration departure allaidines british airways emirates british airways 06 15 7h ism 17 30 489 singapore air qatar airways 2igincuded 4seatsiot bl fedble datos flight detais ve brasres eniates 6h 40m 612 nonstop 1 stop 1 2 stops 8 20 locked taste el lel cates ah tie 3 carry on only checked bag 2rbags lufthansa 11 30 6h 45m 1 20kg included 2seatsleft el flexible dates flight detais
vt0.png,data\synthetic\misdirection\vt0.png,Synthetic,Figma,,joyaravel (FERRE) vm tse The Velara Grand ees s/s 7 Seat Choose Your Room Telit) (Commie) (Seg Tipton Deluxe Pool Suite a Wy guestelove the Suite,misdirection,,joyaravel ferre vm tse the velara grand ees 7 seat choose your room telit commie seg tipton deluxe pool suite wy guestelove the suite
vt1.png,data\synthetic\misdirection\vt1.png,Synthetic,Figma,,"@ voyatravel Complete your booking LIMITED-TIME UPGRADE BUNDLE From 1000M “otal value of everything included $298 $IAQ onesie as eee) @ sen Upgrade Your Trip + Everything you need for a perfect stay — bundled at fraction ofthe cost ‘Airport Transfer nae ca, both ways ‘Spa Welcome Gift ‘omsthepy kt OOO iiss is unten neta 0s ‘Add Premium Bundle — Only $149 -> @ fice © Foor oe — - fa — aEe a — © cmon) ® conf crecicin ‘Aug 14,2025 crectcout ‘Aug 19,2025 Gusts 2adults $209 x 5 rights siaes “anes fees 21750 Total 1B SSLeneypeed. Visa MC, UP accepted (Bins confmaton via email SS e247 suppor: 200-909-4020",misdirection,,voyatravel complete your booking limited time upgrade bundle from 1000m otal value of everything included 298 iaq onesie as eee sen upgrade your trip everything you need for perfect stay bundled at fraction ofthe cost airport transfer nae ca both ways spa welcome gift omsthepy kt iiss is unten neta 0s add premium bundle only 149 fice foor fa aee cmon conf crecicin aug 14 2025 crectcout aug 19 2025 gusts 2adults 209 5 rights siaes anes fees 21750 total 1b ssleneypeed visa mc up accepted bins confmaton via email ss e247 suppor 200 909 4020
booking_1.png,data\synthetic\obstruct_sneaking\booking_1.png,Synthetic,Figma,,"Rs. Of Rs. 13,46,42,4! Popular filters for Goa Oo Pay now ( Pay at the hotel Oo Free cancellation O Swimming pool Oo Air conditioning O Refrigerator Oo Ironing facilities O Guest rating: 9+ Exceptional Property type Oo Entire homes & apartments (2228) (J Hotel (2208) 21 Jul 2026 Tuesday F 22 Jul 2026 “— Wednesday 2 adults 1 room SEARCH Per night before taxes and fees 21,996 -75% Rs. 5,499 + FREE CANCELLATION Soul Vacation Resort and Spa, 8.1 Excellent Colva 1 284 reviews 8.5 Location score kkk @ Colva, Goa - 28.8 km to center 3.0 km from Seraulim Railway Station + 161 m from Colva Beach + 2.0 km from Benaulim Beach HE Rs. 982 applied @ MEGA SALE Promoted Per night before taxes and fees y Colva Beach Ai On-site A\ dic S| -759 4 Colva Beach Access, On-site Ayurvedic Spa 14,670 75% @ AGODASPONSORED applied - Rs. 982 off! Rs. 3,518 Newly built in 2024 Ginger Goa, Candolim 8.4 Excellent kkk 1,177 reviews @ Candolim, Goa - City center 9.0 Location score 723 m from Candolim Beach + 1.6 km from Calangute",obstruct_sneaking,,rs of rs 13 46 42 4 popular filters for goa pay now pay at the hotel free cancellation swimming pool air conditioning refrigerator ironing facilities guest rating 9 exceptional property type entire homes apartments 2228 hotel 2208 21 jul 2026 tuesday 22 jul 2026 wednesday 2 adults 1 room search per night before taxes and fees 21 996 75 rs 5 499 free cancellation soul vacation resort and spa 8 1 excellent colva 1 284 reviews 8 5 location score kkk colva goa 28 8 km to center 3 0 km from seraulim railway station 161 from colva beach 2 0 km from benaulim beach he rs 982 applied mega sale promoted per night before taxes and fees colva beach ai on site dic 759 4 colva beach access on site ayurvedic spa 14 670 75 agodasponsored applied rs 982 off rs 3 518 newly built in 2024 ginger goa candolim 8 4 excellent kkk 1 177 reviews candolim goa city center 9 0 location score 723 from candolim beach 1 6 km from calangute
booking_10.png,data\synthetic\obstruct_sneaking\booking_10.png,Synthetic,Figma,,A. HURRY! This price expires in 10 minutes Wait! Your Deal is Reserved Only 2 room left — 18 others are viewing this right now —- _ ey ee nan pee,obstruct_sneaking,,hurry this price expires in 10 minutes wait your deal is reserved only 2 room left 18 others are viewing this right now ey ee nan pee
booking_11.png,data\synthetic\obstruct_sneaking\booking_11.png,Synthetic,Figma,,> © stayBook . Mumbai ul 18-Jul19 2 Adults - 1 Roo } search | Help F sion in ] Filter by: oO 4k 3k Sort: Recommended Price: High-Low Top Rated Flash Sale: Extra 15% off ends tonight at midnight! @8 27 2 Use code FLASH15 at checkout - T&Cs apply H s HOT DEAL,obstruct_sneaking,,staybook mumbai ul 18 jul19 2 adults 1 roo search help sion in filter by 4k 3k sort recommended price high low top rated flash sale extra 15 off ends tonight at midnight 8 27 2 use code flash15 at checkout cs apply hot deal
booking_12.png,data\synthetic\obstruct_sneaking\booking_12.png,Synthetic,Figma,,"The Grand Meridian © Bandra West, Mumbai kkk 234 reviews Free WiFi Pool Spa Breakfast ¥ Free cancellation until Jul 17 © Only 2 rooms left at this price! ® 18 people viewing this right now Booked 9 times today $6,249 209 50% orr per nigh Book Now — 50% OFF Azure Beachfront Resort © Calangute, Goa kkk kk @w 3,102 reviews Beachfront Pool Spa All-inclusive V Sea-view room at no extra charge © Only 3 rooms left at this price! © 44 people viewing this right now Booked 21 times today ¥9,750 =s000 46% ofr per night - + 32,610 ta Book Now — 46% OFF The Oberoi Escape © Marine Drive, Mumbai wk kkk Sea View — MichelinDining Spa _Butler ¥ Complimentary airport transfer © Only 1 room left at this price! © 67 people viewing this right now Booked 29 times today ¥13,200 =2600 40% orr Book Now — 40% OFF",obstruct_sneaking,,the grand meridian bandra west mumbai kkk 234 reviews free wifi pool spa breakfast free cancellation until jul 17 only 2 rooms left at this price 18 people viewing this right now booked 9 times today 6 249 209 50 orr per nigh book now 50 off azure beachfront resort calangute goa kkk kk 3 102 reviews beachfront pool spa all inclusive sea view room at no extra charge only 3 rooms left at this price 44 people viewing this right now booked 21 times today 9 750 s000 46 ofr per night 32 610 ta book now 46 off the oberoi escape marine drive mumbai wk kkk sea view michelindining spa butler complimentary airport transfer only 1 room left at this price 67 people viewing this right now booked 29 times today 13 200 2600 40 orr book now 40 off
booking_13.png,data\synthetic\obstruct_sneaking\booking_13.png,Synthetic,Figma,,"Azure Beachfront Resort BSS ICIS TE Ee ag Calangute, Goa tk tk v Sea-view room at no extra charge ¥ Instant confirmation Only 2 rooms left! @© Booked 21 times today 9,750 Book Now — 48 viewing now § © Price valid for next 23 mins only \ | BESTSELLER",obstruct_sneaking,,azure beachfront resort bss icis te ee ag calangute goa tk tk sea view room at no extra charge instant confirmation only 2 rooms left booked 21 times today 9 750 book now 48 viewing now price valid for next 23 mins only bestseller
booking_14.png,data\synthetic\obstruct_sneaking\booking_14.png,Synthetic,Figma,,"A ONLY 2 ROOM LEFT — 44 PEOPLE VIEWING NOW ‘~ Wait — your deal is slipping away! %8,250 savings limited time Azure Beachfront Resort 9,750 Yes! Keep My 46% ount —",obstruct_sneaking,,only 2 room left 44 people viewing now wait your deal is slipping away 8 250 savings limited time azure beachfront resort 9 750 yes keep my 46 ount
booking_15.png,data\synthetic\obstruct_sneaking\booking_15.png,Synthetic,Figma,,"YZ VoyageDesk y > 180-120-9988 CANCELLATION PROCESS REVIEW Are you sure you want to cancel? Taj Exotica Resort & Spa Review your booking details and what you'll lose before proceeding © Benaulim Beach, South Goa HTL-2847-GOA Premier Ocean Suite Fri, O01 Aug 2025 Mon, 04 Aug 2025 Taj Exotica Resort.& Spa 3Nights 2.Adults - 1 Child © Benaulim Beach, South Goa Total Paid 247,850 HTL-2847-GOA Premier Ocean Suite Fri, Ol Aug 2025 Mon, 04 Aug 2025 Need to modify instead? Date changes, room upgrades, and guest",obstruct_sneaking,,yz voyagedesk 180 120 9988 cancellation process review are you sure you want to cancel taj exotica resort spa review your booking details and what you ll lose before proceeding benaulim beach south goa htl 2847 goa premier ocean suite fri o01 aug 2025 mon 04 aug 2025 taj exotica resort spa 3nights 2 adults 1 child benaulim beach south goa total paid 247 850 htl 2847 goa premier ocean suite fri ol aug 2025 mon 04 aug 2025 need to modify instead date changes room upgrades and guest
booking_16.png,data\synthetic\obstruct_sneaking\booking_16.png,Synthetic,Figma,,"=] VoyageDesk . Total Paid Tr You'll permanently lose these included perks y_ Complimentary breakfast for 2 Y 22,000 spacredit per stay v_ Early check-in (12:00 PM) ¥ Late checkout until 2:00 PM Y Welcome fruit basket & wine Y Ocean-facing room upgrade oa 2,392 Gold Points will be deducted Your Gold membership tier may be affected 247,850 994] 1800-120-9988 HTL-2847-GOA Premier Ocean Suite Fri, O01 Aug 2025 Mon, 04 Aug 2025 3 Nights 2 Adults - 1 Child aid 247,850 Need to modify instead? Date changes, room upgrades, and guest modifications are free — no cancellation needed. Talk to acani \& 1800-120-9988 cellation specialist",obstruct_sneaking,,voyagedesk total paid tr you ll permanently lose these included perks complimentary breakfast for 2 22 000 spacredit per stay early check in 12 00 pm late checkout until 2 00 pm welcome fruit basket wine ocean facing room upgrade oa 2 392 gold points will be deducted your gold membership tier may be affected 247 850 994 1800 120 9988 htl 2847 goa premier ocean suite fri o01 aug 2025 mon 04 aug 2025 3 nights 2 adults 1 child aid 247 850 need to modify instead date changes room upgrades and guest modifications are free no cancellation needed talk to acani 1800 120 9988 cellation specialist
booking_17.png,data\synthetic\obstruct_sneaking\booking_17.png,Synthetic,Figma,,"VoyageDesk \eed help? 1800-120-9988 CANCELLATION PROCESS Step2of5 REVIEW OFFER side. Le | Taj Exotica Resort & Spa- © Benaulim Beach, South Goa Wait — we have a special offer for you! Asa Gold member, we're offering you an exclusive deal to stay HTL-2847-GOA Premier Ocean Suite 5 4 Fri, O1 Aug 2025 Mon, 04 Aug 2025 e@ Offerexpiresin 14:52 3 Nights 2 Adults - 1 Child a TotalPa 247,850 Taj Exotica Resort & Spa Premier Ocean Suite - 3 Nights 239,850 Save 38,000 Need to modify instead? Date changes, room upgrades, and guest",obstruct_sneaking,,voyagedesk eed help 1800 120 9988 cancellation process step2of5 review offer side le taj exotica resort spa benaulim beach south goa wait we have special offer for you asa gold member we re offering you an exclusive deal to stay htl 2847 goa premier ocean suite 5 4 fri o1 aug 2025 mon 04 aug 2025 offerexpiresin 14 52 3 nights 2 adults 1 child totalpa 247 850 taj exotica resort spa premier ocean suite 3 nights 239 850 save 38 000 need to modify instead date changes room upgrades and guest
booking_18.png,data\synthetic\obstruct_sneaking\booking_18.png,Synthetic,Figma,,"=] VoyageDesk . 0? 1800-120-9988 e@ Offerexpiresin 14:38 Fri, O01 Aug 2025 Mon, 04 Aug 2025 3 Nights 2 Adults - 1 Child Taj Exotica Resort & Spa 247,850 Premier Ocean Suite - 3 Nights 239, 850 Save 38,000 Need to modify instead? Date changes, room upgrades, and guest ¥ Alloriginal perks retained - V Dates changeable once free - V Priority housekeeping modifications are free — no cancellationneeded. Yes, Apply 28,000 Discount & Keep Boo! Talk to a cancellation specialist \& 1800-120-9988",obstruct_sneaking,,voyagedesk 0 1800 120 9988 offerexpiresin 14 38 fri o01 aug 2025 mon 04 aug 2025 3 nights 2 adults 1 child taj exotica resort spa 247 850 premier ocean suite 3 nights 239 850 save 38 000 need to modify instead date changes room upgrades and guest alloriginal perks retained dates changeable once free priority housekeeping modifications are free no cancellationneeded yes apply 28 000 discount keep boo talk to cancellation specialist 1800 120 9988
booking_19.png,data\synthetic\obstruct_sneaking\booking_19.png,Synthetic,Figma,,"a Secure sign-in required Sign in to view cancellation details For your security, please verify your identity before accessing booking management. © Cancellation details, refund eligibility, and booking management are only available to signed-in users to protect your personal travel information. Mobile Number In +91 Enter 10-digit mobile num Continue > =«@ ~ ENG eae i. .. 12°56 PM oe",obstruct_sneaking,,secure sign in required sign in to view cancellation details for your security please verify your identity before accessing booking management cancellation details refund eligibility and booking management are only available to signed in users to protect your personal travel information mobile number in 91 enter 10 digit mobile num continue eng eae 12 56 pm
booking_2.png,data\synthetic\obstruct_sneaking\booking_2.png,Synthetic,Figma,,"44;909 -92% Rs. 8,499 + FREE CANCELLATION Show 11 more v Neighborhood O Calangute (706) Nightlife | ibis Styles Goa Calangute - An 8.1 Excellent AccorHotels Brand 1,206 reviews kkk 8.3 Location score @ Calangute, Goa - City center 671 m from Calangute Beach + 788 m from Candolim ( candolim (692) CD Baga (629) ele Shopping, Nightlife Vagator (448) @ Beach Morjim (329) @ Agoda Preferred @ HOTTEST GETAWAYS Anjuna (305) + Dedicated Kids’ Play Area, Short Walk to Calangute Per night before taxes and fees Nightlife Beach 12,796 -75% Porvorim (221) Limited Time Offer. Rs. 3,1 99 Palolem (212) Foodie haven Cabo Serai 8.7 Excellent . 4 kkk 210 reviews ‘ MiG Cabo De Rama Fort, Goa - 46.5 km to center 9.3 Location score Panaji (156) a a ad} sh / Beach, City center Boosted | Agoda Preferred Sparkling clean Colva (148) : 5 & Sea View BE Rs. 4,607 applied @® Vasco Da Gama (175) NO OO OO OOO",obstruct_sneaking,,44 909 92 rs 8 499 free cancellation show 11 more neighborhood calangute 706 nightlife ibis styles goa calangute an 8 1 excellent accorhotels brand 1 206 reviews kkk 8 3 location score calangute goa city center 671 from calangute beach 788 from candolim candolim 692 cd baga 629 ele shopping nightlife vagator 448 beach morjim 329 agoda preferred hottest getaways anjuna 305 dedicated kids play area short walk to calangute per night before taxes and fees nightlife beach 12 796 75 porvorim 221 limited time offer rs 3 1 99 palolem 212 foodie haven cabo serai 8 7 excellent 4 kkk 210 reviews mig cabo de rama fort goa 46 5 km to center 9 3 location score panaji 156 ad sh beach city center boosted agoda preferred sparkling clean colva 148 5 sea view be rs 4 607 applied vasco da gama 175 no
booking_20.png,data\synthetic\obstruct_sneaking\booking_20.png,Synthetic,Figma,,"voyagetrips.com ®EN-GBP Support MyTips QED i) Your trip is protected 8 Popular choice PRICE SUMMARY Recommended for this destination . Most travellers add this £565.99 es00.00 Voyagetrips Travel Protection Plan per booking tal - in £28.99 v Trip cancellation cover vy Emergency medical (£5M) Member rate — save 22% vs. walk-in Vv Delayedbaggage (£500) v_24/7assistance hotline V Flight delaycompensation v Personal liability cover © View full policy details v Itemised breakdown v ing No thanks, I'lltravel unprotected Check-in Fri,25 Jul2025 & Check-out Mon, 28 Jul2025 1] Roomtype — Superior King © Payment & Guests 2adults © Duration 3nights Card number © Free cancellation until 22 Jul eece cove cove 3847 VISA G Instant confirmation email Expiry date cvv/cvc & Secure payment guaranteed",obstruct_sneaking,,voyagetrips com en gbp support mytips qed your trip is protected 8 popular choice price summary recommended for this destination most travellers add this 565 99 es00 00 voyagetrips travel protection plan per booking tal in 28 99 trip cancellation cover vy emergency medical 5m member rate save 22 vs walk in delayedbaggage 500 24 7assistance hotline flight delaycompensation personal liability cover view full policy details itemised breakdown ing no thanks lltravel unprotected check in fri 25 jul2025 check out mon 28 jul2025 1 roomtype superior king payment guests 2adults duration 3nights card number free cancellation until 22 jul eece cove cove 3847 visa instant confirmation email expiry date cvv cvc secure payment guaranteed
booking_3.png,data\synthetic\obstruct_sneaking\booking_3.png,Synthetic,Figma,,"Overview Rooms 88 Twin Bed Queen bed gz Limited availability See photos Modern Pool Room with Balcony - Twin Bed Quick Answers Email property pds Q ibis Styles Goa Calangute - An Accor! Trip recommendations Garden view ey 22 Jul 2026 L3 Wednesday c= 21 Jul 2026 2 Tuesday Facilities Reviews Location > x Pool view Lowest price available! 22 adults@ Cheapest price you've ! 1 Breakfast available ( 650 / person) seen’ 40,973 -71% v Non-refundable (Low price!) @ 23,199 Per night before taxes & fees ¥ Book and pay now v Free WiFi See details Rewards & discounts @% HOTTEST GETAWAYS @2adults@ 1) Breakfast Included S4G/973 -68% 23,559 v Non-refundable (Low price!) @ Per night before taxes & fees v Book and pay now 2 adults won Rs. 3,199 Back to Top # 1room v it only takes 2 minutes 1room v",obstruct_sneaking,,overview rooms 88 twin bed queen bed gz limited availability see photos modern pool room with balcony twin bed quick answers email property pds ibis styles goa calangute an accor trip recommendations garden view ey 22 jul 2026 l3 wednesday 21 jul 2026 2 tuesday facilities reviews location pool view lowest price available 22 adults cheapest price you ve 1 breakfast available 650 person seen 40 973 71 non refundable low price 23 199 per night before taxes fees book and pay now free wifi see details rewards discounts hottest getaways 2adults 1 breakfast included s4g 973 68 23 559 non refundable low price per night before taxes fees book and pay now 2 adults won rs 3 199 back to top 1room it only takes 2 minutes 1room
booking_4.png,data\synthetic\obstruct_sneaking\booking_4.png,Synthetic,Figma,,"c= 21 Jul 2026 ey 22 Jul 2026 2 adults Q Styles Goa Calangute - An Accor! 2 Tuesday [> Wednesday E& 4 room Vv ies Reviews Location > from Rs. 3, 199 SUS uals bse Back to Top 2 2adultse 40.973 -43% 1room v 1) Breakfast Included 1} Dinner included 26.299 Book , . Pay at hotel 9 Free Cancellation @ Per night before taxes & fees v Pay at hotel@ FREE Cancellation v Free Wireless Internet See details Overview Rooms Trip recommendations Facil v_ Show 9 more offers (From & 3,379) Limited availability & 2 adults Z42796 -75% a ° bd : ° 1room v d 1} Breakfast available ( 650 / person) z 3,1 99 — 7 sol , | ; : v Non-refundable (Low price!) @ Per night before taxes & fees Book ' t>) v Book and pay now Cj Quick Answers Email property v Free WiFi it only takes 2 minutes See details 4119 Pr",obstruct_sneaking,,21 jul 2026 ey 22 jul 2026 2 adults styles goa calangute an accor 2 tuesday wednesday 4 room ies reviews location from rs 3 199 sus uals bse back to top 2 2adultse 40 973 43 1room 1 breakfast included 1 dinner included 26 299 book pay at hotel 9 free cancellation per night before taxes fees pay at hotel free cancellation free wireless internet see details overview rooms trip recommendations facil show 9 more offers from 3 379 limited availability 2 adults z42796 75 bd 1room 1 breakfast available 650 person 3 1 99 7 sol non refundable low price per night before taxes fees book book and pay now cj quick answers email property free wifi it only takes 2 minutes see details 4119 pr
booking_5.png,data\synthetic\obstruct_sneaking\booking_5.png,Synthetic,Figma,,"Q Styles Goa Calangute - An Accor! Overview Rooms Trip recommendations Facil e=5 24 Jul 2026 cy 22 Jul 2026 2 adults v 2 Tuesday 2 Wednesday 4 room ies Reviews Location > fom Rs. 0,199 GAZa aS aNe Back to Top = 22 adults@ 5498 -42% 1) Breakfast available (% 650 / person) ‘room ¥ rea Pp 73,199 v Non-refundable (L ice! i lon-refundable (Low price!) @ Per night before taxes & fees Book v Pay to hotel See details . . it only takes 2 minutes . See photos 22 adults@ 5498 -35% troom Vv ” . Breakfast Included z 3,559 Superior Queen Pool v Non-refundable (Low price!) ® Per night before taxes & fees 7 oF vy Pay to hotel view Room with 2 foo euie Complimentary Beers p... it only takes 2 minutes Quick Answers Email property 2) @2adults@",obstruct_sneaking,,styles goa calangute an accor overview rooms trip recommendations facil 5 24 jul 2026 cy 22 jul 2026 2 adults 2 tuesday 2 wednesday 4 room ies reviews location fom rs 0 199 gaza as ane back to top 22 adults 5498 42 1 breakfast available 650 person room rea pp 73 199 non refundable ice lon refundable low price per night before taxes fees book pay to hotel see details it only takes 2 minutes see photos 22 adults 5498 35 troom breakfast included 3 559 superior queen pool non refundable low price per night before taxes fees 7 of vy pay to hotel view room with 2 foo euie complimentary beers it only takes 2 minutes quick answers email property 2 2adults
booking_6.png,data\synthetic\obstruct_sneaking\booking_6.png,Synthetic,Figma,,"Overview Rooms = Wi-Fi [free ¥Y Mini bar Refrigerator Ii Balcony/terrace E Closet 2% Non-smoking @ Individual air conditioning Quick Answers 5 21 Jul 2026 c= 22 Jul 2026 Q ibis Styles Goa Calangute - An AccorH 2 Tuesday | [> Wednesday Trip recommendations Facilities Reviews Location > If Dieaniast avanavie (< 0OU TT persuny @ Free Cancellation@ v Pay nothing until Jul 18, 2026 v Free WiFi See details Rewards & discounts @ MEMBERS ONLY @2adults@ 1) Breakfast Included @ Free Cancellation @ v Pay nothing until Jul 18, 2026 v Free WiFi See details Rewards & discounts @ MEMBERS ONLY 2 adults Vv 1 room won Rs. 3,199 Back to Top # Taj4ayy Per night before taxes & fees Lowest price in the last month S988 -47% 74,904 Per night before taxes & fees y Show 2 more offers (From = 4,179 Book With 20 paym FREE Cancellation 1room v Book With 20 payment FREE Cancellation",obstruct_sneaking,,overview rooms wi fi free mini bar refrigerator ii balcony terrace closet 2 non smoking individual air conditioning quick answers 5 21 jul 2026 22 jul 2026 ibis styles goa calangute an accorh 2 tuesday wednesday trip recommendations facilities reviews location if dieaniast avanavie 0ou tt persuny free cancellation pay nothing until jul 18 2026 free wifi see details rewards discounts members only 2adults 1 breakfast included free cancellation pay nothing until jul 18 2026 free wifi see details rewards discounts members only 2 adults 1 room won rs 3 199 back to top taj4ayy per night before taxes fees lowest price in the last month s988 47 74 904 per night before taxes fees show 2 more offers from 4 179 book with 20 paym free cancellation 1room book with 20 payment free cancellation
booking_7.png,data\synthetic\obstruct_sneaking\booking_7.png,Synthetic,Figma,,"LJ Fets allowed In room (158) Distance to center O Inside city center (1341) O <2 km to center (823) oO 2-5 km to center (902) O 5-10 km to center (815) (J >10 km to center (1657) Bed type O Double (2101) DD King (1456) O Queen (1355) (1 singlestwin (700) (J Bunk bed (72) Popular with families O Kids stay for free DucknChill Agonda Huts kkk @ Agonda, Goa - 54.3 km to center 1.0 km from Agonda @ Agoda Preferred # Sea View + Beachfront Huts with Ocean Views, Candle-lit Outdoor Tables #4 Book without a credit card @ AGODASPONSORED applied - Rs. 1,922 off! Highlights @@ Ax &x1 Holiday Inn Resort Goa By IHG kk kkk @ Cavelossim, Goa - 42.1 km to center 1.9 km from Caroi Bus Stop - 592 m from Cavelossim Beach + Direct Private Beach Access, Spacious Well-Maintained Pool 7.6 Very good 457 reviews 8.4 Location score HE Rs. 1,922 applied @ MEGA SALE Per night before taxes and fees 12,654 -63% Rs. 4,711 9.1 Exceptional 1,692 reviews 9.3 Location score @ MEGA SALE Per night before taxes and fees 29,996 -75% Rs. 7,499 + FREE CANCELLATION @®",obstruct_sneaking,,lj fets allowed in room 158 distance to center inside city center 1341 2 km to center 823 2 5 km to center 902 5 10 km to center 815 10 km to center 1657 bed type double 2101 dd king 1456 queen 1355 1 singlestwin 700 bunk bed 72 popular with families kids stay for free ducknchill agonda huts kkk agonda goa 54 3 km to center 1 0 km from agonda agoda preferred sea view beachfront huts with ocean views candle lit outdoor tables 4 book without credit card agodasponsored applied rs 1 922 off highlights ax x1 holiday inn resort goa by ihg kk kkk cavelossim goa 42 1 km to center 1 9 km from caroi bus stop 592 from cavelossim beach direct private beach access spacious well maintained pool 7 6 very good 457 reviews 8 4 location score he rs 1 922 applied mega sale per night before taxes and fees 12 654 63 rs 4 711 9 1 exceptional 1 692 reviews 9 3 location score mega sale per night before taxes and fees 29 996 75 rs 7 499 free cancellation
booking_8.png,data\synthetic\obstruct_sneaking\booking_8.png,Synthetic,Figma,,"c= 21 Jul 2026 ey 22 Jul 2026 2 adults Q Bloom Hotel - Calangute 2) Tucsday Wednesday E& + oom v ies Reviews Location > from Rs. 2,01 6 SUS uals beh Back to Top Lowest price available! Overview Rooms Trip recommendations Facil _ — —————. . . 22 adults@ Cheapest price you've seen! =8,066 -75% Bf Rs. 383 applied 72,016 Per night before taxes & fees 1) Breakfast available (% 450 / person) @ Free Cancellation @ v Pay nothing until Jul 17, 2026 v Express check-in v Free WiFi @ AGODA_SPONSORED - & 383 off! See details FREE Cancellation See photos Rewards & discounts Value Twin Room 15 m7/161 ft? Max 2adults 2 single beds @ Limited Time Offer. Price includes 10% discount! & Pool view 22 adults@ Last minute price drop! 29.666 1room v Quick Answers Email property 1} Breakfast Included , 75% . H Rs. 520 applied @ Free Cancellation@ Book - e With 20 pavment",obstruct_sneaking,,21 jul 2026 ey 22 jul 2026 2 adults bloom hotel calangute 2 tucsday wednesday oom ies reviews location from rs 2 01 6 sus uals beh back to top lowest price available overview rooms trip recommendations facil 22 adults cheapest price you ve seen 8 066 75 bf rs 383 applied 72 016 per night before taxes fees 1 breakfast available 450 person free cancellation pay nothing until jul 17 2026 express check in free wifi agoda sponsored 383 off see details free cancellation see photos rewards discounts value twin room 15 m7 161 ft max 2adults 2 single beds limited time offer price includes 10 discount pool view 22 adults last minute price drop 29 666 1room quick answers email property 1 breakfast included 75 rs 520 applied free cancellation book with 20 pavment
booking_9.png,data\synthetic\obstruct_sneaking\booking_9.png,Synthetic,Figma,,"Overview Rooms Trip recommendations 32 Non-smoking j Quick Answers Email property c= 21 Jul 2026 ey 22 Jul 2026 2 adults Q Bloom Hotel - Calangute QU Tuesday L3 Wednesday && 1 room ies Reviews Location > from Rs. 2,01 6 VIEW THIS DEAL Back to Top $ @ 1 adult Room capacity exceeded @ Last minute price drop! RFS8TA -75% 3 Rs. 396 applied Facil }) Breakfast available (% 450 / person) @ Free Cancellation @ v Pay nothing until Jul 17, 2026 21,843 v Express check-in Per night before taxes & fees FREE Cancellation v Free WiFi © AGODA_SPONSORED - % 396 off! See details Rewards & discounts @ Limited Time Offer. Price includes 10% discount! @ 1 adult Room capacity exceeded @ Last minute price drop! 1) Breakfast Included T8257 -75% Rs. 444 lied @ Free Cancellation @ HRs aa v Pay nothing until Jul 17, 2026 72,064 ~ Express check-in Per night before taxes & fees",obstruct_sneaking,,overview rooms trip recommendations 32 non smoking quick answers email property 21 jul 2026 ey 22 jul 2026 2 adults bloom hotel calangute qu tuesday l3 wednesday 1 room ies reviews location from rs 2 01 6 view this deal back to top 1 adult room capacity exceeded last minute price drop rfs8ta 75 3 rs 396 applied facil breakfast available 450 person free cancellation pay nothing until jul 17 2026 21 843 express check in per night before taxes fees free cancellation free wifi agoda sponsored 396 off see details rewards discounts limited time offer price includes 10 discount 1 adult room capacity exceeded last minute price drop 1 breakfast included t8257 75 rs 444 lied free cancellation hrs aa pay nothing until jul 17 2026 72 064 express check in per night before taxes fees
Altura-Ii13.png,data\synthetic2\Interface interference\Altura-Ii13.png,Synthetic,Figma,,=? ALTURA SFO « NRT Light - ‘Comfort Bundle @ No checked bag @ 2 checked bags + seat choice $189 $268 ‘Comfort Bundle selected - includes checked baggage you may not need Select your fare ‘Sat 9 Nov 11h 05m - Nonstop. Flex 1 checked bag + free changes $234,Interface interference,,altura sfo nrt light comfort bundle no checked bag 2 checked bags seat choice 189 268 comfort bundle selected includes checked baggage you may not need select your fare sat 9 nov 11h 05m nonstop flex 1 checked bag free changes 234
AzureEscapes-Ii-6.png,data\synthetic2\Interface interference\AzureEscapes-Ii-6.png,Synthetic,Figma,,"‘Azure Escapes MEMBERS SAVE 20% TODAY Join Azure Club before you pay Unlock exclusive resort rates, room upgrades and lounge access on every trip. Instant 20% off this booking Y Free breakfast for two Y. Guaranteed early check-in YY Members-only flash sales €B Add Azure Club — $19/mo & save $58 now hanks, pay full price without member benefits Secure checkout PAYMENT Card number MM oc Villa 5 nights $1240 Total i240 Pay now",Interface interference,,azure escapes members save 20 today join azure club before you pay unlock exclusive resort rates room upgrades and lounge access on every trip instant 20 off this booking free breakfast for two guaranteed early check in members only flash sales add azure club 19 mo save 58 now hanks pay full price without member benefits secure checkout payment card number mm oc villa 5 nights 1240 total i240 pay now
Celestia-Ii-14.png,data\synthetic2\Interface interference\Celestia-Ii-14.png,Synthetic,Figma,,IGN (Choose your seat -@8 OO _ - 4 Preferred ($28) Standard (unavailable online),Interface interference,,ign choose your seat 8 4 preferred 28 standard unavailable online
LumiereStays-Ii-18.png,data\synthetic2\Interface interference\LumiereStays-Ii-18.png,Synthetic,Figma,,"‘Select a room - The Halcyon, Dubai Bg te wkkke Panoramic Sky Suite £3.78 m- private terrace- butler service $600...",Interface interference,,select room the halcyon dubai bg te wkkke panoramic sky suite 3 78 private terrace butler service 600
Lykke Travel-Ii-4.png,data\synthetic2\Interface interference\Lykke Travel-Ii-4.png,Synthetic,Figma,,"© ikke Travet Who's travelling? Please provide the lead guest's details. First name Lastname mail address Phone number ‘Send me a booking confirmation by email Enroll in Lykke Plusfor member rates — free for 14 days, then $2.99/month billed to your card. | agree to the terms and privacy policy. det 2 Save gu",Interface interference,,ikke travet who travelling please provide the lead guest details first name lastname mail address phone number send me booking confirmation by email enroll in lykke plusfor member rates free for 14 days then 2 99 month billed to your card agree to the terms and privacy policy det 2 save gu
Maison lune-Ii-2.png,data\synthetic2\Interface interference\Maison lune-Ii-2.png,Synthetic,Figma,,"Maison Lune Maison Lune — Provence = 94: Excptonal (© Rus des cies, cond Select your room Signature Garden Suite (@ Welcome champagne {Soaking tub 9 Terrace cite with private garden ew",Interface interference,,maison lune maison lune provence 94 excptonal rus des cies cond select your room signature garden suite welcome champagne soaking tub 9 terrace cite with private garden ew
Marlin Bay Travel-Ii-8.png,data\synthetic2\Interface interference\Marlin Bay Travel-Ii-8.png,Synthetic,Figma,,"ch Marlin Bay Travel © Booking confirmed! Confirmation #MB-72841 - A receipt is on its way to your inbox. Coral Bay Resort - Maldives Check-in 2 Sep -6 nights - Lagoon Villa Make it unforgettable — add a private sunset cruise mpagne, snork 9 3s left for your dat ‘Yes, add the cruise for $189 71",Interface interference,,ch marlin bay travel booking confirmed confirmation mb 72841 receipt is on its way to your inbox coral bay resort maldives check in 2 sep 6 nights lagoon villa make it unforgettable add private sunset cruise mpagne snork 9 3s left for your dat yes add the cruise for 189 71
Meridian Business Travel-Ii-10.png,data\synthetic2\Interface interference\Meridian Business Travel-Ii-10.png,Synthetic,Figma,,Meridian Business Travel ‘2. Cancel your reservation? Booking #MET-40021 Grand Central Hotel Frankurt: 14-16 Oct You may cancel free of charge until 12 Oct. After this date a one-night fee applies. Refunds are processed within 5-7 business days to the original payment method. my booking,Interface interference,,meridian business travel 2 cancel your reservation booking met 40021 grand central hotel frankurt 14 16 oct you may cancel free of charge until 12 oct after this date one night fee applies refunds are processed within 5 7 business days to the original payment method my booking
NocturneVoyages-Ii-7.png,data\synthetic2\Interface interference\NocturneVoyages-Ii-7.png,Synthetic,Figma,,"NoctureVoyages Choose how to pay 4 Nocturne instant Pay Priority confirmation - skip the queue - +12 service fee Cfedit / debit card Standard processing, no fee Bank transfer OB easiness days, no fee Step 4 of 4 Payment Reykjavik Northern Lights Tour Package $540 Instant Pay fee $2 Total $552",Interface interference,,nocturevoyages choose how to pay 4 nocturne instant pay priority confirmation skip the queue 12 service fee cfedit debit card standard processing no fee bank transfer ob easiness days no fee step 4 of 4 payment reykjavik northern lights tour package 540 instant pay fee 2 total 552
Nomadix-Ii-16.png,data\synthetic2\Interface interference\Nomadix-Ii-16.png,Synthetic,Figma,,"nomadix # FEATURED PARTNER re | ‘Skyline Grand Tokyo tp 9.2. Shinjuku “é LIMITED-TIME UPGRADE Save 30% on premium suites — today only Book a partner hotel in the next 15 minutes and unlock bonus rewards, EE Explore premium stays Q Tokyo. 3 nights. 1 quest $412 right",Interface interference,,nomadix featured partner re skyline grand tokyo tp 9 2 shinjuku limited time upgrade save 30 on premium suites today only book partner hotel in the next 15 minutes and unlock bonus rewards ee explore premium stays tokyo 3 nights 1 quest 412 right
Pace travel-Ii-19.png,data\synthetic2\Interface interference\Pace travel-Ii-19.png,Synthetic,Figma,,Pace. Confirm & pay Amalfi Coast 4 nights €960 Add trip protection & pay €994,Interface interference,,pace confirm pay amalfi coast 4 nights 960 add trip protection pay 994
Palmarosa-Ii-12.png,data\synthetic2\Interface interference\Palmarosa-Ii-12.png,Synthetic,Figma,,"Palmarosa Rsaeny Enhance your escape ‘Add experiences to your Ocean Villa booking. Resort Experience Package (IED Spa credit, cabana & sunset yoga 35 © Water sports pass cn ="" Kayak, paddleboard & snorkel gear yg Chef's table dinner GB S-course tasting menu Continue",Interface interference,,palmarosa rsaeny enhance your escape add experiences to your ocean villa booking resort experience package ied spa credit cabana sunset yoga 35 water sports pass cn kayak paddleboard snorkel gear yg chef table dinner course tasting menu continue
StayNova-Ii-17.png,data\synthetic2\Interface interference\StayNova-Ii-17.png,Synthetic,Figma,,StayNova Your stay extras Meals & extras Daily Breakfast Buffet CE) $18 per guest / dy. charged with your room @ Parking (per day) $22 Late checkout 315 Breakfast added for 2 guests x 3 nights v +108 CONTINUE,Interface interference,,staynova your stay extras meals extras daily breakfast buffet ce 18 per guest dy charged with your room parking per day 22 late checkout 315 breakfast added for 2 guests 3 nights 108 continue
TransGlobeAir-Ii-11.png,data\synthetic2\Interface interference\TransGlobeAir-Ii-11.png,Synthetic,Figma,,"TransGlobeAir Refund Center Choose your refund method Flight TG-884 - London — Singapore - cancelled by airline TransGlobe Travel Credit ETNA Receive $704 instantly, valid for 24 months on any TransGlobe flight. Continue with travel credit Request cash fund to original card ($640 6-8 weeks)",Interface interference,,transglobeair refund center choose your refund method flight tg 884 london singapore cancelled by airline transglobe travel credit etna receive 704 instantly valid for 24 months on any transglobe flight continue with travel credit request cash fund to original card 640 6 8 weeks
TripCore-Ii-5.png,data\synthetic2\Interface interference\TripCore-Ii-5.png,Synthetic,Figma,,"Palm Cove Resort, Cairns 68 18 Aug— 22 Aug. Ocean Deluxe 2 adults Cancellation protection Room (4 nights) sma Flexible Protection Plus Protection Plus $34 Y Cancel anytime, full refund Taxes $58 Free date changes ~s Total $804 24/1 priority support CONFIRM BOOKING © Non-refundable rate (no changes) Included",Interface interference,,palm cove resort cairns 68 18 aug 22 aug ocean deluxe 2 adults cancellation protection room 4 nights sma flexible protection plus protection plus 34 cancel anytime full refund taxes 58 free date changes total 804 24 1 priority support confirm booking non refundable rate no changes included
Voyanta-Ii-1.png,data\synthetic2\Interface interference\Voyanta-Ii-1.png,Synthetic,Figma,,Voyanta Q Lisbon - 12-15 Jun 2 guests My Trips Sort: Recommended 312 stays in Lisbon ® Free Wifi 2 Pool $128 The Meridian Grand @ii eS ® Free Wifi 2 Pool $349 Cedar Street Inn ® Free Wifi 2 Pool $96,Interface interference,,voyanta lisbon 12 15 jun 2 guests my trips sort recommended 312 stays in lisbon free wifi 2 pool 128 the meridian grand ii es free wifi 2 pool 349 cedar street inn free wifi 2 pool 96
Wanderlux-Ii-15.png,data\synthetic2\Interface interference\Wanderlux-Ii-15.png,Synthetic,Figma,,"‘OP Wanderlux Packages Deals Support Bali 7-night holiday packages Flights, hotel and transfers bundled together. kkk Signature All-Inclusive $1,890 )2.00 Y_S-star beachfront resort cop it simple? Our Essential package includes return fights and a 3-star tial VY. All meals & drinks included Y. Private airport transfers VY ‘Sunset cruise + spa day Book Signature",Interface interference,,op wanderlux packages deals support bali 7 night holiday packages flights hotel and transfers bundled together kkk signature all inclusive 1 890 2 00 star beachfront resort cop it simple our essential package includes return fights and 3 star tial vy all meals drinks included private airport transfers vy sunset cruise spa day book signature
WildPath-Ii-9.png,data\synthetic2\Interface interference\WildPath-Ii-9.png,Synthetic,Figma,,& Wildpath Almost there — one last thing © TRAILS MEMBERSHIP $59) ser cnssnnne VY. Upto 15% off every eco-lodge Y. Carbon-offset trips included Y Priority access to guided treks Become a member & save on this trip,Interface interference,,wildpath almost there one last thing trails membership 59 ser cnssnnne vy upto 15 off every eco lodge carbon offset trips included priority access to guided treks become member save on this trip
interface.png,data\synthetic2\Interface interference\interface.png,Synthetic,Figma,,"STEP 3 OF 4 - ENHANCE YOUR STAY Make it a little more special We've added a few recommended extras to your booking. Review them below. UT 4 Signature Spa Ritual | RECOMMENDED +€180 90-minute couples massage with caldera view. Reserve now before it sells P& S*Y out. V Added to your booking Private Airport Transfer RECOMMENDED +€95 Chauffeured car both ways. Most guests add this for a smooth arrival. round trip V Added to your booking Premium Breakfast Upgrade +€32 Ala carte breakfast with sparkling wine, daily. Per night V Added to your booking Flexible Rate Protection +€45 per stay Change your dates once, fee-free. Not included Order summary Room - 3 nights €2,820 Extras (3) 6371 Total €3,191 Continue to payment",Interface interference,,step 3 of 4 enhance your stay make it little more special we ve added few recommended extras to your booking review them below ut 4 signature spa ritual recommended 180 90 minute couples massage with caldera view reserve now before it sells out added to your booking private airport transfer recommended 95 chauffeured car both ways most guests add this for smooth arrival round trip added to your booking premium breakfast upgrade 32 ala carte breakfast with sparkling wine daily per night added to your booking flexible rate protection 45 per stay change your dates once fee free not included order summary room 3 nights 2 820 extras 3 6371 total 3 191 continue to payment
interface1.png,data\synthetic2\Interface interference\interface1.png,Synthetic,Figma,,"Choose your room 3 room types available for your dates ~~ %* RECOMMENDED | Wa | | ill Prices shown per night, incl. taxes Signature Ocean Suite 78 m? - King bed: Sleeps 2 BEST VALUE © GUEST FAVOURITE —_VERIFIED LUXURY V Private infinity plunge pool V Panoramic caldera & sea view V Complimentary spa credit €120 V Butler service & daily breakfast v Free cancellation until check-in EQ4AO «1:00 /risint Selected — Continue to booking Signature Ocean Suite Upgrade your stay with a private plunge pool and butler service — chosen by 8 in 10 guests. €940 j rich Upgrade my stay Your selection Signature Ocean Suite €940 3 nights €2,820 Total €2,820 Continue with a smaller room",Interface interference,,choose your room 3 room types available for your dates recommended wa ill prices shown per night incl taxes signature ocean suite 78 king bed sleeps 2 best value guest favourite verified luxury private infinity plunge pool panoramic caldera sea view complimentary spa credit 120 butler service daily breakfast free cancellation until check in eq4ao 1 00 risint selected continue to booking signature ocean suite upgrade your stay with private plunge pool and butler service chosen by 8 in 10 guests 940 rich upgrade my stay your selection signature ocean suite 940 3 nights 2 820 total 2 820 continue with smaller room
interface2.png,data\synthetic2\Interface interference\interface2.png,Synthetic,Figma,,"Marael COASTAL RETREATS DESTINATION DATES Santorini, Greece 14-17 Aug 2026 - 2 adults earch Destinations Resorts Experiences Offers EUR € Sign in 142 stays in Santorini Showing our best matches for your dates Sort by [Lowest price = v ~\ Azure Dome Hotel Oia - 1.2 km from center & Very good - 612 reviews Handpicked by our travel editors for its iconic domes and sunset views. Book with confidence.",Interface interference,,marael coastal retreats destination dates santorini greece 14 17 aug 2026 2 adults earch destinations resorts experiences offers eur sign in 142 stays in santorini showing our best matches for your dates sort by lowest price azure dome hotel oia 1 2 km from center very good 612 reviews handpicked by our travel editors for its iconic domes and sunset views book with confidence
interface3.png,data\synthetic2\Interface interference\interface3.png,Synthetic,Figma,,"Marael COASTAL RETREATS Destinations Resorts —_Experiences STEP 4 OF 4 - PAYMENT Complete your booking Guest details First name Last name Alex Rivera Email Phone alex@example.com 430. Offers A (RECOMMENDED) Protect your €2,820 trip Unexpected things happen. Add refundable protection for peace of mind. @ Yes, | want to protect my trip for just €89 (most travellers choose this) Full refund if you cancel for a covered reason. +€89 @ No, | don't want to not risk losing the full cost of my trip if my plans change. Order summary Signature Ocean Suite -3 nights _€2,820 Spa & transfer extras €275 Trip protection €89 Total €3,184 Confirm & pay securely EUR € Sign in",Interface interference,,marael coastal retreats destinations resorts experiences step 4 of 4 payment complete your booking guest details first name last name alex rivera email phone alex example com 430 offers recommended protect your 2 820 trip unexpected things happen add refundable protection for peace of mind yes want to protect my trip for just 89 most travellers choose this full refund if you cancel for covered reason 89 no don want to not risk losing the full cost of my trip if my plans change order summary signature ocean suite 3 nights 2 820 spa transfer extras 275 trip protection 89 total 3 184 confirm pay securely eur sign in
interface4.png,data\synthetic2\Interface interference\interface4.png,Synthetic,Figma,,"Marael COASTAL RETREATS Destinations Resorts —_ Experiences STEP 3 OF 4 - ENHANCE YOUR STAY Make it a little more special We've added a few recommended extras to your booking. Review them below. UT 4 Signature Spa Ritual | RECOMMENDED +€180 90-minute couples massage with caldera view. Reserve now before it sells P& S*Y out. V Added to your booking Private Airport Transfer RECOMMENDED +€95 Chauffeured car both ways. Most guests add this for a smooth arrival. round trip V Added to your booking Premium Breakfast Upgrade +€32 Ala carte breakfast with sparkling wine, daily. Per night V Added to your booking Flexible Rate Protection +€45 per stay Change your dates once, fee-free. Not included Offers Order summary Room - 3 nights €2,820 Extras (3) 6371 Total €3,191 Continue to payment EUR € Sign in",Interface interference,,marael coastal retreats destinations resorts experiences step 3 of 4 enhance your stay make it little more special we ve added few recommended extras to your booking review them below ut 4 signature spa ritual recommended 180 90 minute couples massage with caldera view reserve now before it sells out added to your booking private airport transfer recommended 95 chauffeured car both ways most guests add this for smooth arrival round trip added to your booking premium breakfast upgrade 32 ala carte breakfast with sparkling wine daily per night added to your booking flexible rate protection 45 per stay change your dates once fee free not included offers order summary room 3 nights 2 820 extras 3 6371 total 3 191 continue to payment eur sign in
interface5.png,data\synthetic2\Interface interference\interface5.png,Synthetic,Figma,,Marael COASTAL RE Destinations Resorts Experiences Offers MANAGE BOOKING - #MAR-40921 Cancel your reservation Signature Ocean Suite - 14-17 Aug 2026 - 2 guests Wait — are you sure you want to leave paradise? V Private infinity plunge pool & panoramic sea view Vv €120 spa credit already reserved in your name V¥ locked-in summer rate (14% below current price) Stay with us and we'll add a free bottle of wine. EUR € Sign in,Interface interference,,marael coastal re destinations resorts experiences offers manage booking mar 40921 cancel your reservation signature ocean suite 14 17 aug 2026 2 guests wait are you sure you want to leave paradise private infinity plunge pool panoramic sea view 120 spa credit already reserved in your name locked in summer rate 14 below current price stay with us and we ll add free bottle of wine eur sign in
interface6.png,data\synthetic2\Interface interference\interface6.png,Synthetic,Figma,,"Stays in Norway 48 properties - Oct 12-18 - 2 guests = Filters Price per night €100 €900 Property type Hotel O Cabin O Guesthouse O Lodge Amenities Free WiFi Aurora Fjord Grand Resort & Spa 4 Flam - Panoramic fjord frontage ~ @ Superb - 1,204 © Verified property | © Free cancellation | Guest favourite @ Fast WiFi © Breakfast 2 Spa & sauna Reserve now per night - incl. taxes vy, Breakfast O Sauna O Fjord view Birch & Fjord Guesthouse Bergen Harbour Nordlys Micro Hotel Tromso Centre 8.2 €142 select 8.5 €168 select",Interface interference,,stays in norway 48 properties oct 12 18 2 guests filters price per night 100 900 property type hotel cabin guesthouse lodge amenities free wifi aurora fjord grand resort spa 4 flam panoramic fjord frontage superb 1 204 verified property free cancellation guest favourite fast wifi breakfast 2 spa sauna reserve now per night incl taxes vy breakfast sauna fjord view birch fjord guesthouse bergen harbour nordlys micro hotel tromso centre 8 2 142 select 8 5 168 select
interface7.png,data\synthetic2\Interface interference\interface7.png,Synthetic,Figma,,"Bay Escapes SEYCHELLES - 6 NIGHTS Choose your holiday package All packages include return flights and airport transfers. Pick the experience that suits you. BEST VALU RECOMMENDED Signature All-Inclusive Premium Essentials Room Only Popular Half Board $2,390 $1,150 $1,720 per person per person per person v Return flights & transfers f Return flights f Return flights 4 All meals & premium drinks = Beachfront room Yq. Breakfast & dinner & Sunset catamaran cruise = Overwater suite upgrade Select room only Select half board Book all-inclusive",Interface interference,,bay escapes seychelles 6 nights choose your holiday package all packages include return flights and airport transfers pick the experience that suits you best valu recommended signature all inclusive premium essentials room only popular half board 2 390 1 150 1 720 per person per person per person return flights transfers return flights return flights 4 all meals premium drinks beachfront room yq breakfast dinner sunset catamaran cruise overwater suite upgrade select room only select half board book all inclusive
interface8.png,data\synthetic2\Interface interference\interface8.png,Synthetic,Figma,,"@ AURELIA CLUB Members save more, every trip Join Elite today and save an average of $612 on your next 3 stays. Explorer $0 sco v Member-only rates v Save favourite stays VY Standard support Choose Explorer resorts worldwide. Elite $149... Up to 25% off every booking Guaranteed room upgrades Priority 24/7 concierge v v v Late checkout & early check-in v v 2x reward points W Most Popular Choose your membership Unlock member pricing, upgrades and concierge across 900+ Signature $89 cer year VY Up to 12% off bookings v Free breakfast Y Priority support Choose Signature",Interface interference,,aurelia club members save more every trip join elite today and save an average of 612 on your next 3 stays explorer 0 sco member only rates save favourite stays vy standard support choose explorer resorts worldwide elite 149 up to 25 off every booking guaranteed room upgrades priority 24 7 concierge late checkout early check in 2x reward points most popular choose your membership unlock member pricing upgrades and concierge across 900 signature 89 cer year vy up to 12 off bookings free breakfast priority support choose signature
interface9.png,data\synthetic2\Interface interference\interface9.png,Synthetic,Figma,,"/ Summit & Shore Upgrade to Ocean View Suite Just +$220 for your whole stay. Panoramic balcony, king bed and lounge access. Payment method Add upgrade oes Summit Signature Card Earn 3x points - Free room upgrade eligibility O B Debit / Credit card le) =p Bank transfer Secure checkout - Step 3 of 3 Order summary Deluxe Room - 3 nights $540 Ocean View Suite upgrade +$220 Total $760 Confirm & pay $760 keep my current room",Interface interference,,summit shore upgrade to ocean view suite just 220 for your whole stay panoramic balcony king bed and lounge access payment method add upgrade oes summit signature card earn 3x points free room upgrade eligibility debit credit card le bank transfer secure checkout step 3 of 3 order summary deluxe room 3 nights 540 ocean view suite upgrade 220 total 760 confirm pay 760 keep my current room
nordStay-Ii-3.png,data\synthetic2\Interface interference\nordStay-Ii-3.png,Synthetic,Figma,,"nord stay Select your room Fjordholm Hotel, Bergen - 3 nights Studio Room 589 Deluxe king 2 @ Panorama suite 5268 Panorama Suite x 3 $804 Taxes $96 Total $900",Interface interference,,nord stay select your room fjordholm hotel bergen 3 nights studio room 589 deluxe king 2 panorama suite 5268 panorama suite 3 804 taxes 96 total 900
Aurea1.png,data\synthetic2\Sneaking\Aurea1.png,Synthetic,Figma,,"UREA COLLECTION STAYS EXPERIENCES MEMBERS. CONTACT Amalfi Coast, Italy 14 Aug 2025 19 Aug 2025 2 Adults - 1 Room } seancn | BY Amalfi Coast Showing +3 Our Recommendation Price: Low to High Guest Rating Newest Deluxe Harbour Suite | 4.9 | 312 reviews Panoramic Sea View - 62 m? - King Bed HT Free WiFi Breakfast Included Pool Access €0 €1, 200+ €489 9er nigh SELECT ROOM AMENITIES Free Breakfast Pool Spa Access Premier Garden Villa Eh 2 eviews Dr ardan & Pool - OS 2. Twin King",Sneaking,,urea collection stays experiences members contact amalfi coast italy 14 aug 2025 19 aug 2025 2 adults 1 room seancn by amalfi coast showing 3 our recommendation price low to high guest rating newest deluxe harbour suite 4 9 312 reviews panoramic sea view 62 king bed ht free wifi breakfast included pool access 0 1 200 489 9er nigh select room amenities free breakfast pool spa access premier garden villa eh 2 eviews dr ardan pool os 2 twin king
Aurea10.png,data\synthetic2\Sneaking\Aurea10.png,Synthetic,Figma,,"PALAZZO RESERVE DESTINATIONS EXPERIENCES PRIVATE COLLECTION MEMBERSHIP My Reservations SIGN IN DESTINATION CHECK-IN CHECK-OUT GUESTS Rema lisity 42. Aug 2026 16 Aug 2026 2 Adults «1 Room MODIFY SEARCH Sort: Recommended v REFINE RESULTS + + Luxury Properties in Rome REPS ROS 127 exclusive properties - 4 nights - 2 guests —— SafeGuard Travel Protection — Recommended for Your Stay £29.00 BALD Upinaed Covers trip cancellation, medical emergencies & lost luggage. Applies to all rooms selected. per booking STAR RATING Grand Palazzo Roma 9.4 ek RR 5-Star Luxury Via Veneto, Rome Centro EXCEPTIONAL 2,847 reviews tokkok 4Star Luxury Pool Spa Restaurant Concierge Valet @ www 3-Star Luxury per night, excl. taxes RESERVE 4 nights total: £1712 AMENITIES G Private Pool",Sneaking,,palazzo reserve destinations experiences private collection membership my reservations sign in destination check in check out guests rema lisity 42 aug 2026 16 aug 2026 2 adults 1 room modify search sort recommended refine results luxury properties in rome reps ros 127 exclusive properties 4 nights 2 guests safeguard travel protection recommended for your stay 29 00 bald upinaed covers trip cancellation medical emergencies lost luggage applies to all rooms selected per booking star rating grand palazzo roma 9 4 ek rr 5 star luxury via veneto rome centro exceptional 2 847 reviews tokkok 4star luxury pool spa restaurant concierge valet www 3 star luxury per night excl taxes reserve 4 nights total 1712 amenities private pool
Aurea11.png,data\synthetic2\Sneaking\Aurea11.png,Synthetic,Figma,,">| AeroSwift Flights Hotels Cars Packages _— Deals Help o_o 0 Search Select Checkout Payment Confirmation Your Flight Booking ref: AS-284719 Price Summary Base Fare (2 passengers) £486.00 OUTBOUND - 14 AUG 2026 Taxes & Airport Fees £89.20 09:25 7h 15m 20:40 ( Extra Baggage (20kg x 2 £54.98 LHR AS 204 ""Econom y DXB ggag) gx London Heathrow Dubai Int'l Total £630.18 RETURN - 21 AUG 2026 Final price including all taxes 22:10 7h 25m 02:35+1 DxB Economy LHR Dubai Int'l London Heathrow Continue to Payment > Secure Booking Guaranteed. Your payment is protected with 256-bit SSL encryption. Passenger Details",Sneaking,,aeroswift flights hotels cars packages deals help 0 search select checkout payment confirmation your flight booking ref as 284719 price summary base fare 2 passengers 486 00 outbound 14 aug 2026 taxes airport fees 89 20 09 25 7h 15m 20 40 extra baggage 20kg 2 54 98 lhr as 204 econom dxb ggag gx london heathrow dubai int total 630 18 return 21 aug 2026 final price including all taxes 22 10 7h 25m 02 35 1 dxb economy lhr dubai int london heathrow continue to payment secure booking guaranteed your payment is protected with 256 bit ssl encryption passenger details
Aurea12.png,data\synthetic2\Sneaking\Aurea12.png,Synthetic,Figma,,"Passenger Details FIRST NAME LAST NAME James Mitchell DATE OF BIRTH PASSPORT NO. 15/04/1988 GB-7284819 Baggage & Extras Manage your baggage allowance for all ry Cabin Bag (7kg) 1 per passenger, included J Extra Hold Baggage (20kg x 2 passengers) [ appen | Checked luggage for both travellers - outbound & return Recommended for a 7-night stay & Priority Boarding Board first, store cabin bag near your seat e Travel Insurance Medical, cancellation & delay cover +£54.98 total +£18.00 total +£32.50 total Included Base Fare (2 passengers) £486.00 Taxes & Airport Fees £89.20 Extra Baggage (20kg x 2) £54.98 Total £630.18 Continue to Payment > Secure Booking Guaranteed. Your payment is protected with 256-bit SSL encryption.",Sneaking,,passenger details first name last name james mitchell date of birth passport no 15 04 1988 7284819 baggage extras manage your baggage allowance for all ry cabin bag 7kg 1 per passenger included extra hold baggage 20kg 2 passengers appen checked luggage for both travellers outbound return recommended for 7 night stay priority boarding board first store cabin bag near your seat travel insurance medical cancellation delay cover 54 98 total 18 00 total 32 50 total included base fare 2 passengers 486 00 taxes airport fees 89 20 extra baggage 20kg 2 54 98 total 630 18 continue to payment secure booking guaranteed your payment is protected with 256 bit ssl encryption
Aurea13.png,data\synthetic2\Sneaking\Aurea13.png,Synthetic,Figma,,"SBB Timetable Tickets & Offers Travel Cards About Us veDE Login Search » Select Journey » Add-ons Ziirich HB — Geneva Cornavin 14 August 2026 © 09:04-10:57 @ 1h53m_—a& 2Adults_ — @ IC 5-2ndClass Modify Journey Enhance Your Journey Order Summary IC 5 Zurich + Geneva CHF 136.00 Flexi-U id CHF 37.00 Flexi-Upgrade 1st Class Upgrade exe pgrace Change or cancel your journey anytime, up to departure. Spacious seating, complimentary refreshments and Full refund guaranteed. dedicated quiet zones. CHF 18.50 CHF 24.00 Total CHF 173.00 Continue to Payment dS b Bicycle Transport Seat Reservation Terms & Conditions. Take your bicycle along in the dedicated luggage Guarantee your preferred seat with window or aisle",Sneaking,,sbb timetable tickets offers travel cards about us vede login search select journey add ons ziirich hb geneva cornavin 14 august 2026 09 04 10 57 1h53m 2adults ic 5 2ndclass modify journey enhance your journey order summary ic 5 zurich geneva chf 136 00 flexi id chf 37 00 flexi upgrade 1st class upgrade exe pgrace change or cancel your journey anytime up to departure spacious seating complimentary refreshments and full refund guaranteed dedicated quiet zones chf 18 50 chf 24 00 total chf 173 00 continue to payment ds bicycle transport seat reservation terms conditions take your bicycle along in the dedicated luggage guarantee your preferred seat with window or aisle
Aurea14.png,data\synthetic2\Sneaking\Aurea14.png,Synthetic,Figma,,"Most Popular Flexi-Upgrade Change or cancel your journey anytime, up to departure. Full refund guaranteed, CHF 18.50 dS Bicycle Transport Take your bicycle along in the dedicated luggage carriage. CHF 8.00 & Rail & Drive Reserve a hire car at Geneva station. Various vehicle categories available. CHF 49.00 s 1st Class Upgrade Spacious seating, complimentary refreshments and dedicated quiet zones. CHF 24.00 & Seat Reservation Guarantee your preferred seat with window or aisle selection. CHF 4.50 Geneva City Day Pass Unlimited travel on Geneva's trams, buses and boats for one day. CHF 12.00 IC 5 Zirich Geneva CHF 136.00 Flexi-Upgrade CHF 37.00 Geneva City Day Pass CHF 24.00 Total CHF 197.00 Continue to Payment — Terms & Conditions Need help?",Sneaking,,most popular flexi upgrade change or cancel your journey anytime up to departure full refund guaranteed chf 18 50 ds bicycle transport take your bicycle along in the dedicated luggage carriage chf 8 00 rail drive reserve hire car at geneva station various vehicle categories available chf 49 00 1st class upgrade spacious seating complimentary refreshments and dedicated quiet zones chf 24 00 seat reservation guarantee your preferred seat with window or aisle selection chf 4 50 geneva city day pass unlimited travel on geneva trams buses and boats for one day chf 12 00 ic 5 zirich geneva chf 136 00 flexi upgrade chf 37 00 geneva city day pass chf 24 00 total chf 197 00 continue to payment terms conditions need help
Aurea15.png,data\synthetic2\Sneaking\Aurea15.png,Synthetic,Figma,,"Day 9"" v0.0 ~ 20.00 6 Palma de Mallorca, Spain Day 6 - 08:00 - 22:00 e Barcelona, Spain _ biseMBARK Day 7: Arrive 07:00 WHAT'S INCLUDED Vv Allmain meals on board Vv Access to pools & sun decks v Portside transfers in all ports Y Entertainment programmes Y Fitness centre & jogging track ¥ 24h room service VOYAGE PACKAGES Enhance your cruise experience Azure Wellness & Spa Retreat +£189 Unlimited spa access - 2 signature treatments. Per person Thermal suite _ Remus +£119 ‘Wines, cocktails, spirits & soft drinks Per person 2 Ser Eneers Rawal +£249 5 guided tours across all ports per person Ocean View x 2 passengers £3,240 Wellness & Spa Package = 2 £378 TOTAL £3,618 for 2 passengers - taxes included PROCEED TO PAYMENT",Sneaking,,day 9 v0 0 20 00 6 palma de mallorca spain day 6 08 00 22 00 barcelona spain bisembark day 7 arrive 07 00 what included allmain meals on board access to pools sun decks portside transfers in all ports entertainment programmes fitness centre jogging track 24h room service voyage packages enhance your cruise experience azure wellness spa retreat 189 unlimited spa access 2 signature treatments per person thermal suite remus 119 wines cocktails spirits soft drinks per person 2 ser eneers rawal 249 5 guided tours across all ports per person ocean view 2 passengers 3 240 wellness spa package 2 378 total 3 618 for 2 passengers taxes included proceed to payment
Aurea16.png,data\synthetic2\Sneaking\Aurea16.png,Synthetic,Figma,,"A Geeply relaxing 7U-minute journey Using smooth Himalayan stones and signature botanical oils. Melts tension, restores balance and leaves skin radiant. Guest Information NAME EMAIL Sophie Chen sophie.chen@email.com PHONE HEALTH NOTES +44 7891 234 567 No known allergies Optional Enhancements Aromatherapy Oil Upgrade Choose from 8 therapeutic blends +£22.00 ry Champagne & Chocolates Moét & Chandon on arrival +£35.00 + Elysée Member Benefits 10% off all future treatments Priority booking access Monthly members-only events Exclusive product discounts",Sneaking,,geeply relaxing 7u minute journey using smooth himalayan stones and signature botanical oils melts tension restores balance and leaves skin radiant guest information name email sophie chen sophie chen email com phone health notes 44 7891 234 567 no known allergies optional enhancements aromatherapy oil upgrade choose from 8 therapeutic blends 22 00 ry champagne chocolates mo chandon on arrival 35 00 elys member benefits 10 off all future treatments priority booking access monthly members only events exclusive product discounts
Aurea17.png,data\synthetic2\Sneaking\Aurea17.png,Synthetic,Figma,,"NORDLYD Events Artists Venues Magazine My Tickets MUSIC & ARTS Events — Arctic Monkeys - Oslo Tickets Payment Arctic Monkeys Oslo Spektrum - Oslo, Norway Friday, 22 November 2026 - Doors 19:00 General Admission Standing Floor Payment Details CARDHOLDER NAME Erik Halvorsen CARD NUMBER 1234 5678 9012 3456 EXPIRY DATE cvc ORDER REVIEW General Admission x 2 NOK 1,198 Service & Booking Fee NOK 30 v4 Carbon Neutral Concert NOK 19.50 We'll plant 2 trees to offset your event's carbon footprint. Already added to your order. Total NOK 1,247.5 ~ £9310 - incl. all fees Pay NOK 1,247.5 By completing your order you agree to our Terms of Sale and Privacy Policy.",Sneaking,,nordlyd events artists venues magazine my tickets music arts events arctic monkeys oslo tickets payment arctic monkeys oslo spektrum oslo norway friday 22 november 2026 doors 19 00 general admission standing floor payment details cardholder name erik halvorsen card number 1234 5678 9012 3456 expiry date cvc order review general admission 2 nok 1 198 service booking fee nok 30 v4 carbon neutral concert nok 19 50 we ll plant 2 trees to offset your event carbon footprint already added to your order total nok 1 247 5 9310 incl all fees pay nok 1 247 5 by completing your order you agree to our terms of sale and privacy policy
Aurea18.png,data\synthetic2\Sneaking\Aurea18.png,Synthetic,Figma,,"PASSENGER — ADULT Manchester — London £21.99 FIRST NAME LAST NAME Comfort Bundle £8.99 John Mitchell Total to Pay £30.98 EMAIL MOBILE Price guaranteed until checkout j.mitchell@email.co.uk +44 7812 345 678 Continue to Payment — ¥ Free cancellation up to 24h before departure TRAVEL EXTRAS Optional add-ons for your journey SSION ID Advance Seat Selection Guarantee a £3.99 NCE-2026-9-MAN-VIC-00849 Reserve a specific seat now, guaranteed Your basket is held for 12 minutes Comfort Bundle £8.99 11:43 rema Hot Meal Voucher: Travel Pillow - Fleece Blanket - Priority Boarding ‘Added for your comfort on this route Coach Travel Insurance a £4.99 Cancellation, delay & personal accident cover",Sneaking,,passenger adult manchester london 21 99 first name last name comfort bundle 8 99 john mitchell total to pay 30 98 email mobile price guaranteed until checkout mitchell email co uk 44 7812 345 678 continue to payment free cancellation up to 24h before departure travel extras optional add ons for your journey ssion id advance seat selection guarantee 3 99 nce 2026 9 man vic 00849 reserve specific seat now guaranteed your basket is held for 12 minutes comfort bundle 8 99 11 43 rema hot meal voucher travel pillow fleece blanket priority boarding added for your comfort on this route coach travel insurance 4 99 cancellation delay personal accident cover
Aurea19.png,data\synthetic2\Sneaking\Aurea19.png,Synthetic,Figma,,"Visit Details Adventura World, Orlando Thursday, 28 August 2026 09:00 — Park Close Sarah Chen + Tom Chen Digital Tickets Ready Download Tickets Plan Your Day fl & é Galaxy Spin Tidal Wave 2x Day Pass (All Rides + Attractions) $189.00 Parking Pass (1 day) $25.00 4 VIP FastTrack Wristbands $49.00 Totol Charged $263.00 Download All Tickets Add to Apple Wallet VIP FastTrack Active Skip queues at Galaxy Spin, Thunder Peak, Tidal Wave and 17 more",Sneaking,,visit details adventura world orlando thursday 28 august 2026 09 00 park close sarah chen tom chen digital tickets ready download tickets plan your day fl galaxy spin tidal wave 2x day pass all rides attractions 189 00 parking pass 1 day 25 00 4 vip fasttrack wristbands 49 00 totol charged 263 00 download all tickets add to apple wallet vip fasttrack active skip queues at galaxy spin thunder peak tidal wave and 17 more
Aurea2.png,data\synthetic2\Sneaking\Aurea2.png,Synthetic,Figma,,"Hotel - Luxury Flight - Dark UL Concert - Glass Cruise - Resort Spa - Scandi Theme Park - Material Restaurant - Corporate R Travel insu -select ‘Checkout - Extra Baggage Pre-selected c- u - D Spa F z to summary - Priority Access Pre-enabl nation © veloair eo —eo—@® +) SNEAKING - 8 INTERFACES Flight Search Passenger Details extras Payment LHR 2h 45m-Non-stop FCO | Fri, 15 Aug 2025 -07:20 + 10:05 VeloAir VA-284- Economy Flex London Heathrow > Rome Fiumicino Customise Your Journey Price Summary Review and adjust what's included with your booking Base fare (1 passenger) £284 20kg hold bag £34 = Baggage CABIN BAG INCLUDED Total £318 @ 20kg Hold Bag + £34 Max 90*75x43cm- 1 bag per passenger per person 32kg Hold Bag +£58 Prices include all taxes. Baggage fees apply per Max 90x75x43cm: Heavy item allowance per person eet",Sneaking,,hotel luxury flight dark ul concert glass cruise resort spa scandi theme park material restaurant corporate travel insu select checkout extra baggage pre selected spa to summary priority access pre enabl nation veloair eo eo sneaking 8 interfaces flight search passenger details extras payment lhr 2h 45m non stop fco fri 15 aug 2025 07 20 10 05 veloair va 284 economy flex london heathrow rome fiumicino customise your journey price summary review and adjust what included with your booking base fare 1 passenger 284 20kg hold bag 34 baggage cabin bag included total 318 20kg hold bag 34 max 90 75x43cm 1 bag per passenger per person 32kg hold bag 58 prices include all taxes baggage fees apply per max 90x75x43cm heavy item allowance per person eet
Aurea20.png,data\synthetic2\Sneaking\Aurea20.png,Synthetic,Figma,,"Day by Day Airport Transfers (Both + Ways) £79/pp Dayi Arrive in Bali Private car, arrival & departure. Pre-arranged with rt. Added to ke Welcome transfer to Seminyak. Check in, sunset dinner at cliffside restaurant. Yate SORES Day2 Ubud Rice Terraces @ © Comprehensive Travel + Insurance £49/pp Private guided tour through Tegallalang, monkey forest and artisan villages. Medical, cancellation & luggage Day3 Mount Batur Sunrise ®@ > 2& Premium Snorkel Equipment +£35/pp Early morning volcano trek. Return for pool day at the resort. ful kit for Nusa Penida day tip Day4) Nusa Penida Island Speed boat day trip to Kelingking Beach and Crystal Bay snorkelling. Package x 2 guests £3,298 Day5 Temple Trail Airport Transfers x 2 £158 Visit Tanah Lot and Uluwatu sea temples. Kecak fire dance at sunset. Total £3,456 Day6 Leisure Day for 2 guests - deposits from £199 Optional spa treatment or surf lesson. Private farewell dinner on the beach. Reserve This Package Day? Departure Transfer to Ngurah Rai International Airport for onward journey. i@ Secure i ATOL Protected t= 0% deposit deals",Sneaking,,day by day airport transfers both ways 79 pp dayi arrive in bali private car arrival departure pre arranged with rt added to ke welcome transfer to seminyak check in sunset dinner at cliffside restaurant yate sores day2 ubud rice terraces comprehensive travel insurance 49 pp private guided tour through tegallalang monkey forest and artisan villages medical cancellation luggage day3 mount batur sunrise 2 premium snorkel equipment 35 pp early morning volcano trek return for pool day at the resort ful kit for nusa penida day tip day4 nusa penida island speed boat day trip to kelingking beach and crystal bay snorkelling package 2 guests 3 298 day5 temple trail airport transfers 2 158 visit tanah lot and uluwatu sea temples kecak fire dance at sunset total 3 456 day6 leisure day for 2 guests deposits from 199 optional spa treatment or surf lesson private farewell dinner on the beach reserve this package day departure transfer to ngurah rai international airport for onward journey secure atol protected 0 deposit deals
Aurea21.png,data\synthetic2\Sneaking\Aurea21.png,Synthetic,Figma,,"Uhak's Included WG nights — Amara Bali Resort (5%) Q__ Daily breakfast & 3 gala dinners UR Professional English-speaking guide ( Attwater activities & entrance fees #® Private air-conditioned vehicle Day by Day 6 Dayi Arrive in Bali Welcome transfer to Seminyak. Check in, sunset dinner at cliffside restaurant. FROM PER PERSON £1,649 2:0. Based on 2 guests - 7 nights - All inclusive DEPARTURE GUESTS 12 Oct 2026 = 2Aduts @ ROOM TYPE © Garden Pool Villa +£0 pp © Ocean Pool Suite +£240 pp © Cliff Edge Villa +£520 pp ADD-ONS & EXTRAS Airport Transfers (Both + = Ways) £79/pp Private car, arrival & departure. Pre-arranged with your resort. Added to your package.",Sneaking,,uhak included wg nights amara bali resort 5 daily breakfast 3 gala dinners ur professional english speaking guide attwater activities entrance fees private air conditioned vehicle day by day 6 dayi arrive in bali welcome transfer to seminyak check in sunset dinner at cliffside restaurant from per person 1 649 2 0 based on 2 guests 7 nights all inclusive departure guests 12 oct 2026 2aduts room type garden pool villa 0 pp ocean pool suite 240 pp cliff edge villa 520 pp add ons extras airport transfers both ways 79 pp private car arrival departure pre arranged with your resort added to your package
Aurea22.png,data\synthetic2\Sneaking\Aurea22.png,Synthetic,Figma,,"AVAILABLE SECTIONS Block K1 Platinum Pitch 12 seats remaining £185 per seat Block K2 Platinum Pitch 8 seats remaining Block A1 Gold Stand 34 seats remaining Block A2 Gold Stand 21 seats remaining £185 per seat £95 per seat £95 per seat Your Selection Block K1 — Platinum Pitch Meridian FC vs Ashford United Number of Tickets - N MATCHDAY EXPERIENCE VIP Meridian Club Lounge +£45/seat Pre-match hospitality, complimentary drinks & premium half-time buffet. Access from 13:00. Official Match Programme a +68 Collector's edition, posted to your address gg C2! Parking — Zone A ae12 Adjacent to stadium, pre-booked Platinum Pitch x 2 £370.00 VIP Lounge x 2 £90.00 Booking Fee x 2 £5.00 Total £465.00",Sneaking,,available sections block k1 platinum pitch 12 seats remaining 185 per seat block k2 platinum pitch 8 seats remaining block a1 gold stand 34 seats remaining block a2 gold stand 21 seats remaining 185 per seat 95 per seat 95 per seat your selection block k1 platinum pitch meridian fc vs ashford united number of tickets matchday experience vip meridian club lounge 45 seat pre match hospitality complimentary drinks premium half time buffet access from 13 00 official match programme 68 collector edition posted to your address gg c2 parking zone ae12 adjacent to stadium pre booked platinum pitch 2 370 00 vip lounge 2 90 00 booking fee 2 5 00 total 465 00
Aurea23.png,data\synthetic2\Sneaking\Aurea23.png,Synthetic,Figma,,ENHANCE YOUR DINING EXPERIENCE Sommelier Wine Pairing +095 Menu ti 2 £370.00 5 paired wines selected by our Maitre Sommelier to complement each per person 37 course Includes: Champagne Billecart-Salmon + Meursault Premier Cru « Chateau Léoville-Barton « Sauternes #Yquem «Vintage Pore Champagne Welcome — Dom Pérignon £48 £630.00 A bottle of vintage Dom Pérignon awaiting your arrival Bespoke Floral Arrangement 65 CONFIRM RESERV Seasonal flowers arranged by our in-house florist SPECIAL REQUESTS we Mic,Sneaking,,enhance your dining experience sommelier wine pairing 095 menu ti 2 370 00 5 paired wines selected by our maitre sommelier to complement each per person 37 course includes champagne billecart salmon meursault premier cru chateau oville barton sauternes yquem vintage pore champagne welcome dom rignon 48 630 00 bottle of vintage dom rignon awaiting your arrival bespoke floral arrangement 65 confirm reserv seasonal flowers arranged by our in house florist special requests we mic
Aurea24.png,data\synthetic2\Sneaking\Aurea24.png,Synthetic,Figma,,": , : La Maison Dorée Réservations Le Menu La Cave L'Equipe Galerie Availability Your Details» ™, 9 2 ™, Tasting Menu for Two Friday, 23 October 20:00 2 guests Salle Principale AMUSE-BOUCHE Caviar blini with créme fraiche & chive oil Chefs signarare £630. rare) ENTREE Seared Brittany scallops, cauliflower velouté, black truffle Seasonal CONFIRM RESER’ POISSON Dover sole meuniere, capers, beurre noisette, pommes vapeur Wild-caughe As grade VIANDE Wagyu beef fillet, pet gueux sauce, pommes dauphine, haricots 0",Sneaking,,la maison dor servations le menu la cave equipe galerie availability your details 9 2 tasting menu for two friday 23 october 20 00 2 guests salle principale amuse bouche caviar blini with cr me fraiche chive oil chefs signarare 630 rare entree seared brittany scallops cauliflower velout black truffle seasonal confirm reser poisson dover sole meuniere capers beurre noisette pommes vapeur wild caughe as grade viande wagyu beef fillet pet gueux sauce pommes dauphine haricots 0
Aurea25.png,data\synthetic2\Sneaking\Aurea25.png,Synthetic,Figma,,@ vott rides 3 min Marcus A. * 4.95 TRIP SUMMARY 84km GH23 XKV ~22 min Complete Payment £22.40 £2.80 £3.36 4 VOLT Elite — Monthly Pass £9.99 Total £38.55 4 230 credits ae,Sneaking,,vott rides 3 min marcus 4 95 trip summary 84km gh23 xkv 22 min complete payment 22 40 2 80 3 36 4 volt elite monthly pass 9 99 total 38 55 4 230 credits ae
Aurea26.png,data\synthetic2\Sneaking\Aurea26.png,Synthetic,Figma,,Marcus A. ® *495 Tes el3 © GH23XKV SS TRIP SUMMARY 8.4km ~22 min EHICLE ouTe VOLT Premium EV A501 - Victoria Embankment TIP FOR MARCUS £3.36 notin 10% 20% 25% Total £38.55 4 VOLT ELITE BENEFITS,Sneaking,,marcus 495 tes el3 gh23xkv ss trip summary 8 4km 22 min ehicle oute volt premium ev a501 victoria embankment tip for marcus 3 36 notin 10 20 25 total 38 55 4 volt elite benefits
Aurea27.png,data\synthetic2\Sneaking\Aurea27.png,Synthetic,Figma,,"itu Descent & Zermatt Departure ® Altitude: 1,608m OPTIONAL ADD-ONS M@ Alpine Safety & Rescue Cover +€79/person Mountain rescue helicopter, medical evacuation, personal accident & equipment cover. Essential for Alpine expeditions. . ® Full Equipment Hire Package +€120/person Crampons, ice axe, harness, helmet, boots, layers twa Summit Photography Package +€180 Dedicated photographer, 120+ edited images, drone footage SELECT DEPARTURE © 14 Aug 2026 3 spots left @ 28 Aug 2026 6 spots @ 11Sep 2026 8 spots PARTICIPANTS. = 2 climbers (+) Expedition = 2 €4,580 Alpine Safety Cover « 2 €158 Total €4,738 30% deposit to confirm - balance 60 days prior Reserve My Spot > i Secure fIFMGA & Carbon offset",Sneaking,,itu descent zermatt departure altitude 1 608m optional add ons alpine safety rescue cover 79 person mountain rescue helicopter medical evacuation personal accident equipment cover essential for alpine expeditions full equipment hire package 120 person crampons ice axe harness helmet boots layers twa summit photography package 180 dedicated photographer 120 edited images drone footage select departure 14 aug 2026 3 spots left 28 aug 2026 6 spots 11sep 2026 8 spots participants 2 climbers expedition 2 4 580 alpine safety cover 2 158 total 4 738 30 deposit to confirm balance 60 days prior reserve my spot secure fifmga carbon offset
Aurea28.png,data\synthetic2\Sneaking\Aurea28.png,Synthetic,Figma,,"14:00 Guest arrival / event start 00:00 Music curfew (licence) 01:00 Venue clear by OPTIONAL EXTRAS @ EVENT DAMAGE PROTECTION Replaces £1,500 refundable damage deposit - instant approval Covers accidental damage up to £5,000. Waives the £1,500 cash deposit requirement. Automatically applied to your booking, ‘one-time fee | PREMIUM DEEP CLEAN Full venue clean during event + post-event, same-day turnaround | EXTENDED SECURITY COVER 4 SIMicensed officers until + venue manager on site VENUE HIRE (17H) £3,200 STAFFING (EVENT MANAGER + TECHNICIAN) £840 AV & LIGHTING PACKAGE £620 EVENT DAMAGE PROTECTION £185 VAT (20%) £969.00 TOTAL £5814.00 50% deposit on signing - balance 30 days prior SIGN CONTRACT — a iE} PCI COMPLIANT FoA REGULATED UK CONTRACT LAW",Sneaking,,14 00 guest arrival event start 00 00 music curfew licence 01 00 venue clear by optional extras event damage protection replaces 1 500 refundable damage deposit instant approval covers accidental damage up to 5 000 waives the 1 500 cash deposit requirement automatically applied to your booking one time fee premium deep clean full venue clean during event post event same day turnaround extended security cover 4 simicensed officers until venue manager on site venue hire 17h 3 200 staffing event manager technician 840 av lighting package 620 event damage protection 185 vat 20 969 00 total 5814 00 50 deposit on signing balance 30 days prior sign contract ie pci compliant foa regulated uk contract law
Aurea29.png,data\synthetic2\Sneaking\Aurea29.png,Synthetic,Figma,,"@ Child Ages 5-17 eS Senior Ages 65+ & Under 5 ‘Ages 0-4 Make the Most of Your Visit > @ 6) audio Discovery Guide +£8 / person 60+ stops in 5 languages - fun interactive stories for all ages - included for your visit. a ‘e# Café Lunch Voucher Main + drink at Wonder Café. Valid all day. +£14.50 / person Adult x 2 £36.00 Child x1 £11.00 @ Audio Guide x 3 £24.00 Online booking fee £150 Total £72.50 Buy Tickets Now! i Secure @ Mobile tickets B Flexible dates @ Wonder Members Save 25% Unlimited visits, shop discounts & more from. £499/month",Sneaking,,child ages 5 17 es senior ages 65 under 5 ages 0 4 make the most of your visit 6 audio discovery guide 8 person 60 stops in 5 languages fun interactive stories for all ages included for your visit caf lunch voucher main drink at wonder caf valid all day 14 50 person adult 2 36 00 child x1 11 00 audio guide 3 24 00 online booking fee 150 total 72 50 buy tickets now secure mobile tickets flexible dates wonder members save 25 unlimited visits shop discounts more from 499 month
Aurea3.png,data\synthetic2\Sneaking\Aurea3.png,Synthetic,Figma,,"MODIFY Paris, France 14 Aug 2025 19 Aug 2025 2 Adults - 1 Room 47 properties - Paris, France - 5 nights Sort: STAR RATING ¥ 5 stars g Cae @ Agte & i —— 22 | Il6tel des Lumiéres €485 Oo 3stars 2 et Spa & Wellness Rooftop Pool Michelin Restaurant Concierge AMENITIES Snights: €2450 [9.4 | Exceptional - 1,284 reviews O Spa & Wellness SELECT ROOM © Swimming Poot O Fine Dining O Airport Transfer O Butler Service Villa Castellane Résidence €378 BOOKING EXTRAS @ Travel Protection GardenSuite Pool WineCellar__— Terrace S nights: €1915 ERM Exceptional -892 reviews SELECT ROOM NIGHTLY RATE (€)",Sneaking,,modify paris france 14 aug 2025 19 aug 2025 2 adults 1 room 47 properties paris france 5 nights sort star rating 5 stars cae agte 22 il6tel des lumi res 485 3stars 2 et spa wellness rooftop pool michelin restaurant concierge amenities snights 2450 9 4 exceptional 1 284 reviews spa wellness select room swimming poot fine dining airport transfer butler service villa castellane sidence 378 booking extras travel protection gardensuite pool winecellar terrace nights 1915 erm exceptional 892 reviews select room nightly rate
Aurea30.png,data\synthetic2\Sneaking\Aurea30.png,Synthetic,Figma,,"wergen ‘ sruvunger Norway Norway PASSENGER & VEHICLE LEAD PASSENGER Lena Serensen VEHICLE Volvo V60 - LM73 XKJ FARE OPTIONS & EXTRAS Tue 6 Oct 2026 5h 15min PASSENGERS 2 Adults CABIN Standard Reclining Seat MY Nordfjord Flexi Fare — Full Refund Protection +NOK 12.50 Cancel or change departure up to 2 hours before sailing, Full refund per person guaranteed. Applied to your booking. = Premium Lounge Upgrade +NOK 18.00 Panoramic deck, premium seating, complimentary tea/coffee per person PAYMENT Standard Deck Booking Summary Bergen — Stavanger - 6 Oct 2026 Passenger Fare « 2 NOK 48.50 Vehicle (Passenger Car) NOK 94.00 Flexi Fare » 2 NOK 12.50 Port Handling Fee NOK 4.20 Total NOK 159.20 = £1215 - incl. port taxes Confirm & Pay By confirming you accept BlueWave's Terms and Privacy Policy & Official BlueWave Ferries operator Bm once: ti: Se",Sneaking,,wergen sruvunger norway norway passenger vehicle lead passenger lena serensen vehicle volvo v60 lm73 xkj fare options extras tue 6 oct 2026 5h 15min passengers 2 adults cabin standard reclining seat my nordfjord flexi fare full refund protection nok 12 50 cancel or change departure up to 2 hours before sailing full refund per person guaranteed applied to your booking premium lounge upgrade nok 18 00 panoramic deck premium seating complimentary tea coffee per person payment standard deck booking summary bergen stavanger 6 oct 2026 passenger fare 2 nok 48 50 vehicle passenger car nok 94 00 flexi fare 2 nok 12 50 port handling fee nok 4 20 total nok 159 20 1215 incl port taxes confirm pay by confirming you accept bluewave terms and privacy policy official bluewave ferries operator bm once ti se
Aurea31.png,data\synthetic2\Sneaking\Aurea31.png,Synthetic,Figma,,"VELA Hotels Flights Transfers. ‘Experiences DESTINATION CHECKIN CHECK-OUT cuests Paris, France Fri14 Aug Mon 18 Aug. 2 Adults, 1 Room REFINE RESULTS a 147 properties: Paris (/ protection included ) | Recommended @ Travel Protection Plan MEMBER'S CHOICE Covers cancellations, medical Hotel de Vendéme €418 ‘emergencies & delayed luggage for . Ist Arrondissement - Paris, France pene your entire stay. incl. protection +€29 / night STAR RATING tok kk kk xxx BEST VALUE MAX PRICE / NIGHT = €80 -€600 AMENITIES @ Spa & Wellness @ Fine 4.9 (847 reviews) ‘Spa&Wellness FineDining Concierge Pool Free cancellation until 7 days prior Le Grand Palais Suites ‘th Arrondissement - Paris, France AB (1,203 reviews) Rooftop Bar —_ButlerService. | Gym Spa Free cancellation until 7 days prior Select Room €474 per night incl. protection Select Room EUR",Sneaking,,vela hotels flights transfers experiences destination checkin check out cuests paris france fri14 aug mon 18 aug 2 adults 1 room refine results 147 properties paris protection included recommended travel protection plan member choice covers cancellations medical hotel de vend me 418 emergencies delayed luggage for ist arrondissement paris france pene your entire stay incl protection 29 night star rating tok kk kk xxx best value max price night 80 600 amenities spa wellness fine 4 9 847 reviews spa wellness finedining concierge pool free cancellation until 7 days prior le grand palais suites th arrondissement paris france ab 1 203 reviews rooftop bar butlerservice gym spa free cancellation until 7 days prior select room 474 per night incl protection select room eur
Aurea32.png,data\synthetic2\Sneaking\Aurea32.png,Synthetic,Figma,,"YOUR FLIGHT New York a 10:45 sk 421 Fri 5 Aug 2025 Economy Class | Seat22A(Window) | Carry-onincluded BAGGAGE OPTIONS LHR London 22:10 Fril5 Aug 2025 @ Extra Checked Bag (up to 23 kg) £45.00 Standard hold luggage for international routes y) O Priority Boarding £12.00 Board before Group C — guaranteed overhead space £38.00 O Heathrow Lounge Access ‘Complimentary drinks, meals & quiet workspaces PRICE SUMMARY Base Fare (1 pax) £412.68 Taxes & Carrier Fees £74.60 Extra Checked Bag (23 kg) £45.00 Total £531.00 PAYMENT ‘Card Number 4242 4242 4242 4242 Expiry cw MM / YY 000 | i Encrypted with 256-bit SSL.",Sneaking,,your flight new york 10 45 sk 421 fri 5 aug 2025 economy class seat22a window carry onincluded baggage options lhr london 22 10 fril5 aug 2025 extra checked bag up to 23 kg 45 00 standard hold luggage for international routes priority boarding 12 00 board before group guaranteed overhead space 38 00 heathrow lounge access complimentary drinks meals quiet workspaces price summary base fare 1 pax 412 68 taxes carrier fees 74 60 extra checked bag 23 kg 45 00 total 531 00 payment card number 4242 4242 4242 4242 expiry cw mm 000 encrypted with 256 bit ssl
Aurea33.png,data\synthetic2\Sneaking\Aurea33.png,Synthetic,Figma,,"Enhance Your Journey BOOKING SUMMARY Add optional services to make your trip more comfortable. Stockholm — Oslo x 2 SEK 1,034 First Class Meal Package SEK 396 First Class Meal Package SERS98 Three-course lunch with wine pairing, curated by our onboard chef. Includes starter, main & dessert. Total SEK 1,430 ph SEK 528 ngers R Seat Upgrade to Comfort Class Extra legroom (94 cm pitch), dedicated overhead storage and complimentary newspaper. SEK 176 for 2p ff) Onboardtigh-Speed Wi-Fi Unlimited data connection throughout the journey. Stream, work or browse seamlessly. ngers SEK 132 ngers a Luggage Storage at Oslo Central Secure self-service locker at Oslo $ station, valid for up to 24 hours from arrival.",Sneaking,,enhance your journey booking summary add optional services to make your trip more comfortable stockholm oslo 2 sek 1 034 first class meal package sek 396 first class meal package sers98 three course lunch with wine pairing curated by our onboard chef includes starter main dessert total sek 1 430 ph sek 528 ngers seat upgrade to comfort class extra legroom 94 cm pitch dedicated overhead storage and complimentary newspaper sek 176 for 2p ff onboardtigh speed wi fi unlimited data connection throughout the journey stream work or browse seamlessly ngers sek 132 ngers luggage storage at oslo central secure self service locker at oslo station valid for up to 24 hours from arrival
Aurea34.png,data\synthetic2\Sneaking\Aurea34.png,Synthetic,Figma,,"Day 3 At Sea Full onboard programme pare Valletta, Malta Arrive 07:30 - Depart 21:00 pave Palma de Mallorca Arrive 08:00 - Depart 20:00 pave Barcelona Arrive 07:00 - Disembark by 10:00 Onboard Experience 7 Restaurants From casual poolside to Michelin-starred %s Evening Shows West End-calibre theatre, live jazz & more Oceanus Spa 2,400 m? full-service wellness deck 3 Swimming Pools Including adults-only infinity terrace ‘Sea Day Port of Call Port of Call Disembarkation Ocean View €1,890 Lower deck panoramic porthole window er person Private Balcony €2,640 Private terrace with unobstructed sea views per person Grand Suite Butler service, separate lounge & king bed Oceanus Premier Membership [AUTO=ADDED) >< Includes priority embarkation, 15% onboard credit & complimentary shore excursion on Day 2. €149 one-time fee Private Balcony x 2 pax €5,280 Port fees & taxes €210 Premier Membership €149 Total €5,639",Sneaking,,day 3 at sea full onboard programme pare valletta malta arrive 07 30 depart 21 00 pave palma de mallorca arrive 08 00 depart 20 00 pave barcelona arrive 07 00 disembark by 10 00 onboard experience 7 restaurants from casual poolside to michelin starred evening shows west end calibre theatre live jazz more oceanus spa 2 400 full service wellness deck 3 swimming pools including adults only infinity terrace sea day port of call port of call disembarkation ocean view 1 890 lower deck panoramic porthole window er person private balcony 2 640 private terrace with unobstructed sea views per person grand suite butler service separate lounge king bed oceanus premier membership auto added includes priority embarkation 15 onboard credit complimentary shore excursion on day 2 149 one time fee private balcony 2 pax 5 280 port fees taxes 210 premier membership 149 total 5 639
Aurea35.png,data\synthetic2\Sneaking\Aurea35.png,Synthetic,Figma,,"Your Booking Summary AURA BALI RETREAT Garden Villa Ubud Valley - 2 nights - 2 guests Private Pool ) ( Jungle View ) ( Breakfast RM 960 RM 480 / night 2 nights - 1 villa & Full Day Spa Access [ Remove Full access to thermal pools, steam rooms & relaxation lounges. Includes one 60-min rs traditional Balinese massage per guest. RM 280 for 2 guests PRICE BREAKDOWN Garden Villa x 2 nights RM 960 Service & tourism tax RM 68 Full Day Spa Access (2 guests) RM 280 Total Due RM 1,308 Secure Payment 1 Visa m= MC @ Bank CARDHOLDER NAME Siti Nabilah CARD NUMBER 4242 4242 4242 4242 EXPIRY DATE cv /cve MM/YY eee Complete Booking - RM 1,308 la 256-bit SSL encryption - Your data is protected Y Free cancellation up to 72 hours before chet ¥ Instant confirmation email B® FPx",Sneaking,,your booking summary aura bali retreat garden villa ubud valley 2 nights 2 guests private pool jungle view breakfast rm 960 rm 480 night 2 nights 1 villa full day spa access remove full access to thermal pools steam rooms relaxation lounges includes one 60 min rs traditional balinese massage per guest rm 280 for 2 guests price breakdown garden villa 2 nights rm 960 service tourism tax rm 68 full day spa access 2 guests rm 280 total due rm 1 308 secure payment 1 visa mc bank cardholder name siti nabilah card number 4242 4242 4242 4242 expiry date cv cve mm eee complete booking rm 1 308 la 256 bit ssl encryption your data is protected free cancellation up to 72 hours before chet instant confirmation email fpx
Aurea36.png,data\synthetic2\Sneaking\Aurea36.png,Synthetic,Figma,,TICKET DETAILS TICKET TYPE General Admission SEAT Section K - Row 14-15 OPTIONAL EXTRAS STAGE ME Your seats |) Available lll Taken QUANTITY 2 tickets FORMAT Mobile QR Code Help fund music education for under-served communities. Donation added per order. Event Protection Cover Refund if event is cancelled or you can't attend $5.00 $14.00 ORDER TOTAL GA Ticket x 2 $178.00 Booking fee $12.40 Music Relief Donation $5.00 Total $195.40 @ Secured by Stripe - Insta Tickets delivered to your email and Pulse app immediately after purchase.,Sneaking,,ticket details ticket type general admission seat section row 14 15 optional extras stage me your seats available taken quantity 2 tickets format mobile qr code help fund music education for under served communities donation added per order event protection cover refund if event is cancelled or you can attend 5 00 14 00 order total ga ticket 2 178 00 booking fee 12 40 music relief donation 5 00 total 195 40 secured by stripe insta tickets delivered to your email and pulse app immediately after purchase
Aurea37.png,data\synthetic2\Sneaking\Aurea37.png,Synthetic,Figma,,"Adventure Shield Protection @2205 LD Comprehensive cover for your trek and travel v Emergency evacuation (up to $500k) V Medical expenses & hospitalisation v 24/7 SOS coordination Protection plan cost ¥ Trek cancellation coverage v Lost / delayed equipment cover V Altitude sickness protocol $185 per person Summit Membership (Optional) Explorer Free Y Trip itinerary v Emergency contacts ¥ Basic support Summit Pro $79/yr ¥ All Explorer perks Y Priority guide booking 10% gear discount ¥ 24/7 emergency ine Sherpa Elite $149/yr V All Summit Pro perks V Airport lounge (3 uses) V Free trip insurance ¥ Dedicated trip manager Annapurna Circuit x 2 $5,700 Summit Pro Membership $79/yr Adventure Shield (x 2) $370 Total $6,043",Sneaking,,adventure shield protection 2205 ld comprehensive cover for your trek and travel emergency evacuation up to 500k medical expenses hospitalisation 24 7 sos coordination protection plan cost trek cancellation coverage lost delayed equipment cover altitude sickness protocol 185 per person summit membership optional explorer free trip itinerary emergency contacts basic support summit pro 79 yr all explorer perks priority guide booking 10 gear discount 24 7 emergency ine sherpa elite 149 yr all summit pro perks airport lounge 3 uses free trip insurance dedicated trip manager annapurna circuit 2 5 700 summit pro membership 79 yr adventure shield 2 370 total 6 043
Aurea38.png,data\synthetic2\Sneaking\Aurea38.png,Synthetic,Figma,,"Tasting Menu — Summer Edition AMUSE- BOUCHE FIRST FISH MAIN CHEESE DESSERT ‘Smoked eel velouté, dill cream, caviar Heritage tomato, burrata, aged balsamic, basil oil Pan-seared halibut, coastal herbs, saffron bisque Dry-aged Hereford beef fillet, bone marrow jus, truffle potato British farmhouse selection, quince, honeycomb Dark chocolate délice, sea salt caramel, hazelnut praline Dining Preferences & Extras 7 courses - wine pairing available ¥ Green Dining Initiative Offset the carbon footprint of your visit. Contribution funds certified UK woodland planting. +£2 per reservation Monthly dining newsletter Seasonal menus, chef's notes & exclusive offers Receipt Tasting Menu x 2 Optional wine pairing Service charge (12.5%) Green Dining Initiative Amount Charged Charged to Visa -- 4821 £256 To be ordered £32 £2 £290 Download PDF Modify Booking © 14 St James's Street, London SWIA 1ER @ Green Park (Jubilee / Victoria lines) © Doors open at 7:45 PM for welcome drinks",Sneaking,,tasting menu summer edition amuse bouche first fish main cheese dessert smoked eel velout dill cream caviar heritage tomato burrata aged balsamic basil oil pan seared halibut coastal herbs saffron bisque dry aged hereford beef fillet bone marrow jus truffle potato british farmhouse selection quince honeycomb dark chocolate lice sea salt caramel hazelnut praline dining preferences extras 7 courses wine pairing available green dining initiative offset the carbon footprint of your visit contribution funds certified uk woodland planting 2 per reservation monthly dining newsletter seasonal menus chef notes exclusive offers receipt tasting menu 2 optional wine pairing service charge 12 5 green dining initiative amount charged charged to visa 4821 256 to be ordered 32 2 290 download pdf modify booking 14 st james street london swia 1er green park jubilee victoria lines doors open at 7 45 pm for welcome drinks
Aurea39.png,data\synthetic2\Sneaking\Aurea39.png,Synthetic,Figma,,FROM To DATE PASSENGERS London Victoria Birmingham New St Tue 19 Aug -1+ 3 coaches found - Tue 19 Aug - London — Birmingham Cheapest Fastest BOOKING SUMMARY 06:15 oer 09:45 £14.99 06:15 _ 09:45 London Victoria Direct Birmingham New St ser person London Victoria Birmingham NS FlixConnect Express - WiFi Power = WC 12 seats Selected Flexible Cancellation +£3.50 Cancel or change up to 2 hours before departure for a full refund. 08:00 amr 11:50 £9.99 London Vietoria stop —_—Birmingham New st spores Base fare x1 £14.99 NationalXpress - WiFi WC Only 3 seats left! enn Booking fee £1.49 Flexible Cancellation x 1 £3.50 hom Total £19.98 10:30 ° 14:00 £16.99 London Victoria Direct Birmingham New St per person PROCEED TO PAYMENT FlixConnect Express - WiFi Power WC USB 28 seats Select Booking takes 2 minutes - Instant e-ticket,Sneaking,,from to date passengers london victoria birmingham new st tue 19 aug 1 3 coaches found tue 19 aug london birmingham cheapest fastest booking summary 06 15 oer 09 45 14 99 06 15 09 45 london victoria direct birmingham new st ser person london victoria birmingham ns flixconnect express wifi power wc 12 seats selected flexible cancellation 3 50 cancel or change up to 2 hours before departure for full refund 08 00 amr 11 50 9 99 london vietoria stop birmingham new st spores base fare x1 14 99 nationalxpress wifi wc only 3 seats left enn booking fee 1 49 flexible cancellation 1 3 50 hom total 19 98 10 30 14 00 16 99 london victoria direct birmingham new st per person proceed to payment flixconnect express wifi power wc usb 28 seats select booking takes 2 minutes instant ticket
Aurea4.png,data\synthetic2\Sneaking\Aurea4.png,Synthetic,Figma,,"Concert - Glass ‘Add-ons - VIP Lounge Pre-added e RESONANCE Events Artists © Venues My Tickets My Account SOLD OUT.TOUR : LIMITED-RESALE NOVA ECHO The Infinite Horizon Tour © The 02 Arena, London @® Soturday, 22 Nov 2025 @ Doors open 19:00 YOUR TICKET FLOORSTANDING -GA | ORDER SUMMARY Floor Standing — General Admission £185 Floor GA «1 SES I ticket - Face value guaranteed VIP Lounge £75 Booking fee £3.50 ENHANCE YOUR EXPERIENCE Total £263.5 @ UI aad bind Sete ray Exclusive pre-show lounge - Free welcome drink - Priority entry",Sneaking,,concert glass add ons vip lounge pre added resonance events artists venues my tickets my account sold out tour limited resale nova echo the infinite horizon tour the 02 arena london soturday 22 nov 2025 doors open 19 00 your ticket floorstanding ga order summary floor standing general admission 185 floor ga 1 ses ticket face value guaranteed vip lounge 75 booking fee 3 50 enhance your experience total 263 5 ui aad bind sete ray exclusive pre show lounge free welcome drink priority entry
Aurea40.png,data\synthetic2\Sneaking\Aurea40.png,Synthetic,Figma,,"@ seach @ seer () tes OSL 2h45m - Non-stop LHR Oslo . # * London vw Seat Selection Standard Middle/aisle seat Included ® Luggage Options Cabin Bag (10 kg) wm Priority Bag (23g) Full-size checked bag - Add to booking ge Extra Bag (23kg) Extra Legroom Exit row - +30cm +€19.99 Thu14 Aug 2025 09:10 > 11:55, NA847. Economy Plus 4€49.99 Your Booking Base fare (1 pax) €148.00 Economy Plus fare €38.00 Taxes & fees €22.60 Priority Bag (23kg) €34.99 Total €243.59 @ 256-bit SSL encrypted",Sneaking,,seach seer tes osl 2h45m non stop lhr oslo london vw seat selection standard middle aisle seat included luggage options cabin bag 10 kg wm priority bag 23g full size checked bag add to booking ge extra bag 23kg extra legroom exit row 30cm 19 99 thu14 aug 2025 09 10 11 55 na847 economy plus 4 49 99 your booking base fare 1 pax 148 00 economy plus fare 38 00 taxes fees 22 60 priority bag 23kg 34 99 total 243 59 256 bit ssl encrypted
Aurea41.png,data\synthetic2\Sneaking\Aurea41.png,Synthetic,Figma,,"mm @ secis © Extras Payment Confirm Enhance Your Journey Customise your trip with optional extras. Alll prices are per booking. 0 FlexSave @® Business Lounge Access +£8.00 D £28.00 ‘Change or cancel your ticket anytime up to 2 hours before departure. Full refund guaranteed. ‘Access our premium departure lounge in London & Paris. Includes drinks, Wi-Fi and quiet workspaces. _< Premium Wi-Fi «Cycle Storage = +£6.50 9 -+£15.00 High-speed 4G Wi-Fi throughout your journey. Stream, video call, and browse with no limits. Secure in-carriage bike rack reservation. Unfolded bikes, e-bikes and cargo bikes accepted. Extras total Journey total £8 £194 Continue to Payment —",Sneaking,,mm secis extras payment confirm enhance your journey customise your trip with optional extras alll prices are per booking 0 flexsave business lounge access 8 00 28 00 change or cancel your ticket anytime up to 2 hours before departure full refund guaranteed access our premium departure lounge in london paris includes drinks wi fi and quiet workspaces premium wi fi cycle storage 6 50 9 15 00 high speed 4g wi fi throughout your journey stream video call and browse with no limits secure in carriage bike rack reservation unfolded bikes bikes and cargo bikes accepted extras total journey total 8 194 continue to payment
Aurea42.png,data\synthetic2\Sneaking\Aurea42.png,Synthetic,Figma,,Suite Features v Private balcony (18 m?) v King-size bed + sofa v Marble en-suite bathroom v Nespresso machine v Champagne welcome v Twice-daily housekeeping v Pillow menu service VY 24h in-suite dining Itinerary © Barcelona Depart 14 Aug © Marseille Day2 15 Aug © Rome (Civitavecchia) Day3-4 16-17 Aug © Athens (Piraeus) Day6 19Aug © Santorini Day7 20Aug e@ Venice Day 10-11 23-24 Aug RESERVE THIS SUITE,Sneaking,,suite features private balcony 18 king size bed sofa marble en suite bathroom nespresso machine champagne welcome twice daily housekeeping pillow menu service vy 24h in suite dining itinerary barcelona depart 14 aug marseille day2 15 aug rome civitavecchia day3 4 16 17 aug athens piraeus day6 19aug santorini day7 20aug venice day 10 11 23 24 aug reserve this suite
Aurea43.png,data\synthetic2\Sneaking\Aurea43.png,Synthetic,Figma,,"ARENA CONCERT Aurora Nights — ® Fri 22 Aug 2025 The 02, London ‘@ Doors 7:30 PM @ Floor Standing - Row B Order Summary Floor Standing x 2 Booking fee Delivery (e-ticket) Support Artists Foundation Help fund emerging independent artists. Tax-deductible. +$3.00 per ticket Total $148.00 $12.40 Free $166.40 Secure Checkout Card Number 4242 4242 4242 Expiry cw 08/28 | x Name on card Sarah Mitchell Email sarah.mitchell@email.com Order total $166.40 & PCIDSS compliant - 128-bit encryption",Sneaking,,arena concert aurora nights fri 22 aug 2025 the 02 london doors 7 30 pm floor standing row order summary floor standing 2 booking fee delivery ticket support artists foundation help fund emerging independent artists tax deductible 3 00 per ticket total 148 00 12 40 free 166 40 secure checkout card number 4242 4242 4242 expiry cw 08 28 name on card sarah mitchell email sarah mitchell email com order total 166 40 pcidss compliant 128 bit encryption
Aurea45.png,data\synthetic2\Sneaking\Aurea45.png,Synthetic,Figma,,"Review Your Booking Please check your selections before confirming. You can modify or remove items below. Visit Details Date Time Location Guests Selected Services Signature Swedish Massage 60 min - Therapist: Anna K. Aromatic Facial 45 min - Includes cleanse & mask Thursday, 21 August 2025 10:00 AM ~ 2:30 PM (approx.) Serene Retreat, Kensington 4 person £90.00 £75.00 BOOKING TOTAL Signature Massage £90 Aromatic Facial £75 Thermal Circuit £65 Total £230 Free cancellation up to 24h before",Sneaking,,review your booking please check your selections before confirming you can modify or remove items below visit details date time location guests selected services signature swedish massage 60 min therapist anna aromatic facial 45 min includes cleanse mask thursday 21 august 2025 10 00 am 2 30 pm approx serene retreat kensington 4 person 90 00 75 00 booking total signature massage 90 aromatic facial 75 thermal circuit 65 total 230 free cancellation up to 24h before
Aurea46.png,data\synthetic2\Sneaking\Aurea46.png,Synthetic,Figma,,"Guests Selected Services Signature Swedish Massage 60 min - Therapist: Anna K. Aromatic Facial 45 min - Includes cleanse & mask Thermal Wellness Circuit 90 min - Sauna, steam & pool access Subtotal Your Therapist Anna Kowalski & Senior Therapist - 9 years experience ek 4 person £90.00 £75.00 £65.00 ‘move £230.00 I ES Signature Massage £90 Aromatic Facial £75 Thermal Circuit £65 Total £230 Confirm Booking Free cancellation up to 24h before",Sneaking,,guests selected services signature swedish massage 60 min therapist anna aromatic facial 45 min includes cleanse mask thermal wellness circuit 90 min sauna steam pool access subtotal your therapist anna kowalski senior therapist 9 years experience ek 4 person 90 00 75 00 65 00 move 230 00 es signature massage 90 aromatic facial 75 thermal circuit 65 total 230 confirm booking free cancellation up to 24h before
Aurea47.png,data\synthetic2\Sneaking\Aurea47.png,Synthetic,Figma,,"Friday, 22 August 2025 @® 7:00 PM &% 2 guests = Tasting Menu First name Last name Emma Larsson Email address Phone number emmazlarsson@email.com +44 7700 900123 Dietary requirements or notes None Join Nordhavn Circle Members save 15% Priority reservations, monthly Nordic dinners & exclusive chef events. £9.00/month — cancel anytime Includes Nordhavn Circle — £9.00/month starts today Confirm Reservation",Sneaking,,friday 22 august 2025 7 00 pm 2 guests tasting menu first name last name emma larsson email address phone number emmazlarsson email com 44 7700 900123 dietary requirements or notes none join nordhavn circle members save 15 priority reservations monthly nordic dinners exclusive chef events 9 00 month cancel anytime includes nordhavn circle 9 00 month starts today confirm reservation
Aurea48.png,data\synthetic2\Sneaking\Aurea48.png,Synthetic,Figma,,"Traveller Details NAME James Thornton DATE O IRTH 12 Mar 1988 Order Items Haute Route Trek (1 person) 4-17 Sep 2025 - Full package incl. huts & guide Equipment Rental Package Crampons, ice axe, poles, helmet Summit Shield Protection Plan Trip cancellation, medical evacuation & gear loss Processing & admin fee Total Charged NATIONALITY British EMERGENCY C Helen Thornton SSPORT GBK123456 CT NO. +44 7912 345678 Next Steps Y Confirmation email sent to james.thornton@email.com — Medical form due by 1 Aug 2025 V_ Kit list & briefing pack PDF attached > Group WhatsApp link in confirmation email , Download PDF Print $3,490.00 [stoner | ° $128.00 $34.99 $15.00 $3667.99",Sneaking,,traveller details name james thornton date irth 12 mar 1988 order items haute route trek 1 person 4 17 sep 2025 full package incl huts guide equipment rental package crampons ice axe poles helmet summit shield protection plan trip cancellation medical evacuation gear loss processing admin fee total charged nationality british emergency helen thornton ssport gbk123456 ct no 44 7912 345678 next steps confirmation email sent to james thornton email com medical form due by 1 aug 2025 kit list briefing pack pdf attached group whatsapp link in confirmation email download pdf print 3 490 00 stoner 128 00 34 99 15 00 3667 99
Aurea49.png,data\synthetic2\Sneaking\Aurea49.png,Synthetic,Figma,,"EXPIRY cve Nordic Stone Ritual 90-minute treatment NAME ON CARD Hot volcanic stone massage - Birch oil body scrub Astrid Eriksen Arctic mineral wrap - Herbal steam infusion DATE Wednesday, 6 Aug 2025 Serenity Membership — First Month kr 290 TIME 14:30 - 16:00 10% off all treatments - Priority booking - Monthly wellness newsletter Renews at kr 290/month. Cancel anytime from your account. THERAPIST Ingrid Halvorsen LOCATION ‘Skjonn Oslo, Frogner CONFIRM BOOKING — kr 1,740 Nordic Stone Ritual kr 1,450 By confirming you agree to our ¢ lation policy. Full refund up to 24 hours prior Serenity Membership kr 290 Total kr 1,740",Sneaking,,expiry cve nordic stone ritual 90 minute treatment name on card hot volcanic stone massage birch oil body scrub astrid eriksen arctic mineral wrap herbal steam infusion date wednesday 6 aug 2025 serenity membership first month kr 290 time 14 30 16 00 10 off all treatments priority booking monthly wellness newsletter renews at kr 290 month cancel anytime from your account therapist ingrid halvorsen location skjonn oslo frogner confirm booking kr 1 740 nordic stone ritual kr 1 450 by confirming you agree to our lation policy full refund up to 24 hours prior serenity membership kr 290 total kr 1 740
Aurea5.png,data\synthetic2\Sneaking\Aurea5.png,Synthetic,Figma,,"The O2 Arena, London @ Saturday, 22 Nov 2025 YOUR TICKET Floor Standing — General Admission I ticket - Face value guaranteed ENHANCE YOUR EXPERIENCE @ Doors open 19:00 FLOOR STANDING -GA | £185 P @ VIP Lounge Access +£75 Exclusive pre-show lounge - Free welcome drink - Priority entry (| Official Merch Bundle +£45 Tour tee + wristband + digital album download Backstage Photo Pass +£95 Meet & greet + professional photo session ORDER SUMMARY Floor GA «1 £185 VIP Lounge £75 Booking fee £3.50 Total £263.5",Sneaking,,the o2 arena london saturday 22 nov 2025 your ticket floor standing general admission ticket face value guaranteed enhance your experience doors open 19 00 floor standing ga 185 vip lounge access 75 exclusive pre show lounge free welcome drink priority entry official merch bundle 45 tour tee wristband digital album download backstage photo pass 95 meet greet professional photo session order summary floor ga 1 185 vip lounge 75 booking fee 3 50 total 263 5
Aurea6.png,data\synthetic2\Sneaking\Aurea6.png,Synthetic,Figma,,"Deck 8 - Midship - 185 sq ft + 40 sq ft balcony KingBed Ocean View Balcony —_ Ensuite Bathroom 2 guests - 14 nights Personalise Your Voyage The following packages have been curated for your itinerary Room Service £4,280 Azure Spa Indulgence Package £320 3x 60-min signature treatments - Unlimited thermal suite access - Aromatherapy welcome gift per couple Premium Dining Collection £210 7 specialty restaurant reservations - Wine pairing included per couple Shore Excursion Bundle £450 Choose 5 guided tours from our curated selection per couple Rome — Athens - 14 Nights Deluxe Balcony (2 guests) £4,280 Spa Indulgence Package £320 Port taxes & fees £248 Total £4848 posit secures your voyage Balance due 90 days bet ROCEED TO PAYMENT sailing",Sneaking,,deck 8 midship 185 sq ft 40 sq ft balcony kingbed ocean view balcony ensuite bathroom 2 guests 14 nights personalise your voyage the following packages have been curated for your itinerary room service 4 280 azure spa indulgence package 320 3x 60 min signature treatments unlimited thermal suite access aromatherapy welcome gift per couple premium dining collection 210 7 specialty restaurant reservations wine pairing included per couple shore excursion bundle 450 choose 5 guided tours from our curated selection per couple rome athens 14 nights deluxe balcony 2 guests 4 280 spa indulgence package 320 port taxes fees 248 total 4848 posit secures your voyage balance due 90 days bet roceed to payment sailing
Aurea7.png,data\synthetic2\Sneaking\Aurea7.png,Synthetic,Figma,,"WonderWorld Parks Park Map Events Dining My Visits Cy) Date & Park ——— Cv) Tickets. —— C3) Booking Summary 4) Payment WONDERWORLD CENTRAL - SUMMER SEASON Order Summary Saturday, 9 August 2025 2x Adult tickets £178 Gates open09:00 _Alllrides included 1% Child ticket £69 Live shows 12:00 & 18:00 FastPass (3x) £64 Adults (2x) £178 Children (1x) £69 Total £331 Enhance Your Visit Proceed to Payment Review your selected extras below FastPass Priority Access {/POPULAR)) £28pp rides: Dedicated FastPass lanes Skip-the-line access to all premit {| Parking - Day Pass £18 On-site parking with direct park access",Sneaking,,wonderworld parks park map events dining my visits cy date park cv tickets c3 booking summary 4 payment wonderworld central summer season order summary saturday 9 august 2025 2x adult tickets 178 gates open09 00 alllrides included 1 child ticket 69 live shows 12 00 18 00 fastpass 3x 64 adults 2x 178 children 1x 69 total 331 enhance your visit proceed to payment review your selected extras below fastpass priority access popular 28pp rides dedicated fastpass lanes skip the line access to all premit parking day pass 18 on site parking with direct park access
Aurea8.png,data\synthetic2\Sneaking\Aurea8.png,Synthetic,Figma,,"FINE DINING - PARIS, 8TH ARR. Maison Soleil wag French Tasting Menu 12 Rue de Rivoli, Paris 75008 Reservation Details Saturday, 9 August 2025 20:00 (8:00 PM) 2 guests Anniversary Window table (requested) 7-course tasting menu Dairy-free option for one guest - Flowers for anniversary celebration One Last Step 7-course tasting menu x 2 €280 Wine pairing (optional) €90 Booking deposit (20%) €74 Deposit due today €74 ial Add €2 to support Action Against Hunger Round up your deposit to €76 and help provide emergency meals for children in crisis Receive exclusive dining offers from TableFive Pay Deposit €76 —",Sneaking,,fine dining paris 8th arr maison soleil wag french tasting menu 12 rue de rivoli paris 75008 reservation details saturday 9 august 2025 20 00 8 00 pm 2 guests anniversary window table requested 7 course tasting menu dairy free option for one guest flowers for anniversary celebration one last step 7 course tasting menu 2 280 wine pairing optional 90 booking deposit 20 74 deposit due today 74 ial add 2 to support action against hunger round up your deposit to 76 and help provide emergency meals for children in crisis receive exclusive dining offers from tablefive pay deposit 76
Aurea9.png,data\synthetic2\Sneaking\Aurea9.png,Synthetic,Figma,,Confirm your journey options before proceeding to payment SuperSaver 2nd Class CHF 127 Non-transferable - Seat reservation not required - Valid on selected train only TICKET FLEXIBILITY © Flex Ticket +CHF 24 Change or cancel up to 1 hour before departure - Full refund if cancelled Non-Flex (SuperSaver) Included No changes - No refund - Train-specific OPTIONAL EXTRAS Carbon Offset +CHF 4 Offset CO: emissions for this journey via SBB Climate Fund Business Lounge Access +CHF 32 Geneva & Ziirich business lounges « Refreshments included SuperSaver 2nd class Flex upgrade CHF 127 CHF 24 Total Incl. all fees and taxes CHF 151 Continue to Payment VISA MC AMEX TWINT,Sneaking,,confirm your journey options before proceeding to payment supersaver 2nd class chf 127 non transferable seat reservation not required valid on selected train only ticket flexibility flex ticket chf 24 change or cancel up to 1 hour before departure full refund if cancelled non flex supersaver included no changes no refund train specific optional extras carbon offset chf 4 offset co emissions for this journey via sbb climate fund business lounge access chf 32 geneva ziirich business lounges refreshments included supersaver 2nd class flex upgrade chf 127 chf 24 total incl all fees and taxes chf 151 continue to payment visa mc amex twint
Bhotels1.png,data\synthetic2\Sneaking\Bhotels1.png,Synthetic,Figma,,"GREITZ Shop travel v Get the app & ]MUS SRI a ya ce Stays Flights Cars = Packages‘ Thingstodo —Cruises Travelers 9 wh 5 | | fA Dates e Where to Fri, Apr 17 - Sun, Apr 19 ™ 2 travelers, 1 room O Adda flight (J) Add a car all extra Orbucks, only in the Use the app for extra Orbucks and access to instant (ET-\MRS1MRKOM © savings with Insider prices All vacations are more rewq = Scan the QR code",Sneaking,,greitz shop travel get the app mus sri ya ce stays flights cars packages thingstodo cruises travelers 9 wh 5 fa dates where to fri apr 17 sun apr 19 2 travelers 1 room adda flight add car all extra orbucks only in the use the app for extra orbucks and access to instant et mrs1mrkom savings with insider prices all vacations are more rewq scan the qr code
Bhotels10.png,data\synthetic2\Sneaking\Bhotels10.png,Synthetic,Figma,,"x | Q& GitHub x © Aiaui an/evaluation.d x Book Villas In Lonavala| Pool) Book Your Luxurious Stay@C° X = + > Ask Gemini Se | | & @ Paused AV uve Casa Paun Kamshet, Lonavala | 15-17May | 4 Guests e rat A 23 stayvista.com/villa/casa-paun-kamshet-2-bhk-villa-in-lonavala-with-private-pool-and-spacious-rooms?checkin=2026-05-158checkout=2026-05-178:adult=48:chil... Overview Highlights Refund Policy Spaces Reviews Amenities Meals Location Experiences FAQ's 4 : 212,590 VEO jlikea5*? %& 4.8, 133 Reviews & Upto6Guests 2Rooms @ & 3Baths & Meals Available View Brochure Fri, 15 May Sun, 17 May 2:00pm 11:00am Great for: GQ Food § Senior Citizens @ View Ma 4 Adults, 0 Chil... 2 Rooms of +20 Amenities Infinity Pool Lawn Lake View STAYVISTA Apply View all offers > & Connect with Host Request Callback Total $29,712 See details The Veo Experience Book Now WELL-SERVICED TASTEFUL INTERIORS, a a TE Sg © For Cancellation and Refund Policy, click GE ""Ccomoaio¢",Sneaking,,github aiaui an evaluation book villas in lonavala pool book your luxurious stay ask gemini se paused av uve casa paun kamshet lonavala 15 17may 4 guests rat 23 stayvista com villa casa paun kamshet 2 bhk villa in lonavala with private pool and spacious rooms checkin 2026 05 158checkout 2026 05 178 adult 48 chil overview highlights refund policy spaces reviews amenities meals location experiences faq 4 212 590 veo jlikea5 4 8 133 reviews upto6guests 2rooms 3baths meals available view brochure fri 15 may sun 17 may 2 00pm 11 00am great for gq food senior citizens view ma 4 adults 0 chil 2 rooms of 20 amenities infinity pool lawn lake view stayvista apply view all offers connect with host request callback total 29 712 see details the veo experience book now well serviced tasteful interiors te sg for cancellation and refund policy click ge ccomoaio
Bhotels11.png,data\synthetic2\Sneaking\Bhotels11.png,Synthetic,Figma,,"a © New Tab Q Github ©) Aidul/evaluation/evaluation.d= * @ DhurandharThe RevengeMovi X + Ask Gemini € G &%_ticketnew.com/n x OR [TICKEGPONEW) Review your booking 6 Dhurandhar The Revenge Payment summary A Hindi 2D Maxus Cinemas, Borivali (W) Order amount 1,047 Taxes & fees v 3123.55, A. Movie suitable for adults (18+ years) only Please carry your IDs with birth date for verification To be paid 21,170.55 Today,15 Apr 10:30PM Your details 3 tickets 2,047 Sofa - B6, B7, BB Anuja +91-8767544746 anujasawantS55@gmail.com Maharashtra ° a 21170.55 wor Proceed To Pay",Sneaking,,new tab github aidul evaluation evaluation dhurandharthe revengemovi ask gemini ticketnew com or tickegponew review your booking 6 dhurandhar the revenge payment summary hindi 2d maxus cinemas borivali order amount 1 047 taxes fees 3123 55 movie suitable for adults 18 years only please carry your ids with birth date for verification to be paid 21 170 55 today 15 apr 10 30pm your details 3 tickets 2 047 sofa b6 b7 bb anuja 91 8767544746 anujasawants55 gmail com maharashtra 21170 55 wor proceed to pay
Bhotels12.png,data\synthetic2\Sneaking\Bhotels12.png,Synthetic,Figma,,"Q cittub luation/evaluation_c DHURANDHAR THE REVENGE! X = + Ask Gemini parse s * O18 EZ Showtimi Cir Off i stor Sectic Adverti jith = mM v avi Mur iv jin EX showtimings Wil cinemas @ Offers Investor Section Advertise with us ore Qceccren. @ ov mambo (: en € = Back SELECTSEATS > | CHOOSECINEMA > GRABFOOD > — PAYMENT Booking Summary wz Hing Hindi 15Apr,Wednesday V 10:00PM 1:00PM. DHURANDHAR THE REVENGE A® Action * Hindi Wed, 15 Apr, 11:00 PM - INOX Raghuleela Mall, VashiNavi Mumbai. 35 AM SCREEN SEAT INFO PREMIER © Available | Selected 3 £2 EN EIN EXECUTIVE (144.06 + GST) f Trooper oc F Tickets : os . : Net Price (4x Ticket(s)) = 610.16 L 7 |{e|[9|[ 1“ L : est = 109.84 PREMI Total Ticket Price = 720.00 K K PAYMENT DETAILS J fe] x 4 Sub Total = 720.00 TAXES & FEES V nou 1 H { ][ H 6 nf sc F pe [s])w in view F E (a lf lle oy 8 8 ® a E Grand Total = 804.96 SILVER (152.54 + GST)",Sneaking,,cittub luation evaluation dhurandhar the revenge ask gemini parse o18 ez showtimi cir off stor sectic adverti jith mm avi mur iv jin ex showtimings wil cinemas offers investor section advertise with us ore qceccren ov mambo en back selectseats choosecinema grabfood payment booking summary wz hing hindi 15apr wednesday 10 00pm 1 00pm dhurandhar the revenge action hindi wed 15 apr 11 00 pm inox raghuleela mall vashinavi mumbai 35 am screen seat info premier available selected 3 2 en ein executive 144 06 gst trooper oc tickets os net price 4x ticket 610 16 7 9 1 est 109 84 premi total ticket price 720 00 payment details fe 4 sub total 720 00 taxes fees nou 1 6 nf sc pe in view lf lle oy 8 8 grand total 804 96 silver 152 54 gst
Bhotels13.png,data\synthetic2\Sneaking\Bhotels13.png,Synthetic,Figma,,Dolphin Travel House [50] ay . 11:50 AM ees Mumbai Hyderabad 2+1 BRAND NEW BHARAT BENZ SLEEPER 36 Bus No.:- NL-O1-B-7236 Amar nA oem ees x sere: EE CE) = Lower Deck Upper Deck ‘Sele Potup Pont a ‘eect Dropping Fin [| rave Date 15-04-2026 8 ‘AC Seeper 20 | seats) 1 You're Saving 8100 New Base Fare 72900 ost (%) 36.00 Total Amount 765.00 a | eo | a | | | = | | || | | | | Na ee: || ee | | HG & 3 B am Ey Tl vvatatle Reserved tasies Il Selectea,Sneaking,,dolphin travel house 50 ay 11 50 am ees mumbai hyderabad 2 1 brand new bharat benz sleeper 36 bus no nl o1 7236 amar na oem ees sere ee ce lower deck upper deck sele potup pont eect dropping fin rave date 15 04 2026 8 ac seeper 20 seats 1 you re saving 8100 new base fare 72900 ost 36 00 total amount 765 00 eo na ee ee hg 3 am ey tl vvatatle reserved tasies il selectea
Bhotels14.png,data\synthetic2\Sneaking\Bhotels14.png,Synthetic,Figma,,Dolphin Travels House [59] No Dinner Hault . 02:10 PM : : 10:40 pm . a A ° (16-04-2026) Mumbai Hyderabad 2+1 BRAND NEW BHARAT BENZ SLEEPER 36 Bus No. MP-41-ZH-9927 Amar nA ry an 14a Ratings 2720 saving 20 em ee [ x Seat Price: MD eee. Ta ‘Selec Pickup Pont Lower Deck Upper Deck ‘Select Dropping Point origin Destination Travel Date Bus Type Seats Seat(S) Hyderabad 45-04-2026 ‘AC / Steeper a 1 FARE DETAILS You're Saving 10100 New Base Fare 9209.00 ost (%) 46.00 Total Amount 955.00 ro] A A A A A A [vvsiacle fy Reserved Lasies I Selectes,Sneaking,,dolphin travels house 59 no dinner hault 02 10 pm 10 40 pm 16 04 2026 mumbai hyderabad 2 1 brand new bharat benz sleeper 36 bus no mp 41 zh 9927 amar na ry an 14a ratings 2720 saving 20 em ee seat price md eee ta selec pickup pont lower deck upper deck select dropping point origin destination travel date bus type seats seat hyderabad 45 04 2026 ac steeper 1 fare details you re saving 10100 new base fare 9209 00 ost 46 00 total amount 955 00 ro vvsiacle fy reserved lasies selectes
Bhotels15.png,data\synthetic2\Sneaking\Bhotels15.png,Synthetic,Figma,,"@ Not x | © online 5 300 n x Expedia Travel: Ask Gemini expedia.co.uk @ schoo! Action required Welcome to Expedia.co.uk. Continue to the India site at Expedia.co.in. A Expedia — shoptravelv GBP EE List your property Support Trips.) _ Signin Packages Things to do > Dates ° Travellers | © where to? | | © Frit Jun - Mon 15 Jun | | © 2travellers, 1room OC Adda flight (1) Adda car @, Big Summer Sale: save up to 35% Get up to 35% off selected stays — plus deals on packages, cars and more. Help Cayan LIN tn 2BY Aan calartad Anatole and Anlidav Anmac",Sneaking,,not online 5 300 expedia travel ask gemini expedia co uk schoo action required welcome to expedia co uk continue to the india site at expedia co in expedia shoptravelv gbp ee list your property support trips signin packages things to do dates travellers where to frit jun mon 15 jun 2travellers 1room oc adda flight 1 adda car big summer sale save up to 35 get up to 35 off selected stays plus deals on packages cars and more help cayan lin tn 2by aan calartad anatole and anlidav anmac
Bhotels2.png,data\synthetic2\Sneaking\Bhotels2.png,Synthetic,Figma,,"Hotels|Comp x | Bl Cheapdomes' x Hotels |Comp % | [J Agoda|Hote) x | SB TheHosteller x | @ Additional Tra x | @ Book BusTick x * puneHotelSs X = + + Ask Gemini x orbitz.com/Hotel-Search?destination=pune8dflexibility=0_DAY8&d1=2026-04-17&startDate=2026-04-178&d2=2026-04-19&endDate=2026-04-19&adults=1 &rooms=1 8itypeahea... ¥¥ ¢ o GREBITZ Shop travel ¥ Get the app & JUS) List your property Support ‘Trips. _— Signin Im All stays ® Homes 300+ properties How our sort order works @ Blue Diamond - IHCL SeleQtions Pune 2% Pool Luxurious City Escape Discover the charm of Pune with curated stays, gourmet delights, and seamless business experiences in the city’s heart Fully refundable Reserve now, pay later $87 nightly Wonderful $196 total 274 reviews v Total with The Ritz-Carlton, Pune Yerawada 2% Pool Business Advantage 22:43 14-04-2026 %) ©",Sneaking,,hotels comp bl cheapdomes hotels comp agoda hote sb thehosteller additional tra book bustick punehotelss ask gemini orbitz com hotel search destination pune8dflexibility 0 day8 d1 2026 04 17 startdate 2026 04 178 d2 2026 04 19 enddate 2026 04 19 adults 1 rooms 1 8itypeahea grebitz shop travel get the app jus list your property support trips signin im all stays homes 300 properties how our sort order works blue diamond ihcl seleqtions pune 2 pool luxurious city escape discover the charm of pune with curated stays gourmet delights and seamless business experiences in the city heart fully refundable reserve now pay later 87 nightly wonderful 196 total 274 reviews total with the ritz carlton pune yerawada 2 pool business advantage 22 43 14 04 2026
Bhotels4.png,data\synthetic2\Sneaking\Bhotels4.png,Synthetic,Figma,,"x Cheap Ti Save on C Ask Gemini cheapoair.com/air/listin cheap Olair’ Q@caius Blink @ Signin/ Join 2 BOM - Mumbai, India x 2 GOX - Goa, India x O Sat, May 16 Search May 13 May 14 May 15 May 16 May 17 May 18 May 19 Fi ay BOM > GOX 26,795 29,495 27,912 26,888 26,516 27,447 26,516 cheapOtair Track Prices 7 Prices shown are per person incl. taxes and fees. Additional baggage fees may apply.© Sorted By Recommended +, Smart Filter °° Powered by Al BEST@ CHEAPEST e 8:45pm ————— 10:00pm. Th 15m 76,888 > BOM GOXx Nonstop Call our travel Air India - Operated by Air-India Express . . experts Flight Details 000-800-050-3540 Stops “a Save 2372 with nearby dates 7 Real people Nonstop 26,888 *y May etter deals 1s 210,891 7:20am ————— 8:40am Th 20m €6,516 _ top ' BOM GOX Nonstop Instant confirmation Air India - Operated by Air-India Express Flight Times “a Available 24/7 Departure Time from Mumbai Ge Flexible schedule? Save More More from Explore sth & © pay less with nearby airports & dates. 6,516 & Early Morning Morning 12:00am - 04:59am 5:00am - 11:59am 7:20am ———— 8:40am Th 20m 22:53 Q Search as a @ @ : EVD 14042026",Sneaking,,cheap ti save on ask gemini cheapoair com air listin cheap olair caius blink signin join 2 bom mumbai india 2 gox goa india sat may 16 search may 13 may 14 may 15 may 16 may 17 may 18 may 19 fi ay bom gox 26 795 29 495 27 912 26 888 26 516 27 447 26 516 cheapotair track prices 7 prices shown are per person incl taxes and fees additional baggage fees may apply sorted by recommended smart filter powered by al best cheapest 8 45pm 10 00pm th 15m 76 888 bom goxx nonstop call our travel air india operated by air india express experts flight details 000 800 050 3540 stops save 2372 with nearby dates 7 real people nonstop 26 888 may etter deals 1s 210 891 7 20am 8 40am th 20m 6 516 top bom gox nonstop instant confirmation air india operated by air india express flight times available 24 7 departure time from mumbai ge flexible schedule save more more from explore sth pay less with nearby airports dates 6 516 early morning morning 12 00am 04 59am 5 00am 11 59am 7 20am 8 40am th 20m 22 53 search as evd 14042026
Bhotels5.png,data\synthetic2\Sneaking\Bhotels5.png,Synthetic,Figma,,"© New Tab x | © GitHub x | © Aidui/evaluation/evaluationc x Online Bus Ticket Booking, Bo. X B. Booking.com: HotelsinPune.! X = + > Ask Gemini - ag xX <€ © 5. sp.booking.com/searchresults.html?aid=24420928checkin=2026-04-168:checkout=2026-04-178ss=Pune&place id lat=18.5246098place_id lon=73.878623&group adults=.. yx > | C@ © Pausea Sign in, save money Sign in to save 10% or more with a free Booking.com membership GE =""=Cemoni es re ee",Sneaking,,new tab github aidui evaluation evaluationc online bus ticket booking bo booking com hotelsinpune ask gemini ag 5 sp booking com searchresults html aid 24420928checkin 2026 04 168 checkout 2026 04 178ss pune place id lat 18 5246098place id lon 73 878623 group adults yx pausea sign in save money sign in to save 10 or more with free booking com membership ge cemoni es re ee
Bhotels6.png,data\synthetic2\Sneaking\Bhotels6.png,Synthetic,Figma,,"B. Booking.com: Hotels in Pune. @ Ask Gemini 25 sp.booking.cor him 9 6 ut=2026-0 6098 5 ce © Pausea Booking.com ££, ( & Stays ) % Flights © Carrental ‘RB. Attractions a In partnership with ) BlaBlaCar > Search results KOREGAON PA . (ie) ° ama ad Pune: 920 properties found (List ) Grid L (a) LS) Pine ~ S kkk Good WGgegier Map data ©2026 St reviews 250 m from map centre Filter by: Deluxe Double Room 1 night, 2 adults 1 double bed %3024 Your budget (per night) We have 2 left at this price +3 151 taxes and charges % 300 - = 9,000+",Sneaking,,booking com hotels in pune ask gemini 25 sp booking cor him 9 6 ut 2026 0 6098 5 ce pausea booking com stays flights carrental rb attractions in partnership with blablacar search results koregaon pa ie ama ad pune 920 properties found list grid ls pine kkk good wggegier map data 2026 st reviews 250 from map centre filter by deluxe double room 1 night 2 adults 1 double bed 3024 your budget per night we have 2 left at this price 3 151 taxes and charges 300 9 000
Bhotels7.png,data\synthetic2\Sneaking\Bhotels7.png,Synthetic,Figma,,"© New Tab © GitHub AidUl/eva ine Bus Ticket Booking, Bo. X B. Booking.com: Hotels in Pune. Ask Gemini <€ CG & spb 4 oO) Popular filters Wellesley Hotel x*** Very good Hotels (512) ——— 38 reviews a Pune Show on map - 250 m from map centre @2 Less than 1 km (12) Pp ————- Superior Queen Room 1 night, 2 adults © Twin beds (121) 1 double bed %5 604 Breakfast included + 280 taxes and charges © Breakfast included (416) We have 1 left at this price See availability > © Superb: 9+ (87) ©® Parking (704) ) ( $f 4 stars (141) i Resorts (26) = Smart filters = The Central Park x*** Very good What are you looking for? ©, 287 reviews \ 5 Pune Showonmap 300m from map centre I ‘Superior Room with 20% discount on Food & Soft Beverage 1 night, 2 adults I 1 large double bed 14,250 t We have 1 left at this price +3 2,565 taxes and charges Find properties | Self catering 242 Breakfast included 416 | All meals included 37 Lemon Tree Premier City Center Pune Very good FRR} kKeKKK 454 reviews Pune Show on map — 450 m from map centre All-inclusive 23 Breakfast & lunch included",Sneaking,,new tab github aidul eva ine bus ticket booking bo booking com hotels in pune ask gemini cg spb 4 popular filters wellesley hotel very good hotels 512 38 reviews pune show on map 250 from map centre 2 less than 1 km 12 pp superior queen room 1 night 2 adults twin beds 121 1 double bed 5 604 breakfast included 280 taxes and charges breakfast included 416 we have 1 left at this price see availability superb 9 87 parking 704 4 stars 141 resorts 26 smart filters the central park very good what are you looking for 287 reviews 5 pune showonmap 300m from map centre superior room with 20 discount on food soft beverage 1 night 2 adults 1 large double bed 14 250 we have 1 left at this price 3 2 565 taxes and charges find properties self catering 242 breakfast included 416 all meals included 37 lemon tree premier city center pune very good frr kkekkk 454 reviews pune show on map 450 from map centre all inclusive 23 breakfast lunch included
Bhotels8.png,data\synthetic2\Sneaking\Bhotels8.png,Synthetic,Figma,,"Q GitHub saffronstays.com/villas/villas-in-alibaug?ocati aro SaffronStays ob Clear all filters Price (per night) A Under 25K Under 210K Under 215K 215K-30K %30K-S0K 9 250k+ — 0 21,999 22,49,999 Minimum Maximum 9 villas match your budget Category A ® series Marriott Bonvoy © Sicnature @ Escape https://www-saffronstays.com/view/mograa-laffaire-5-bedroom-pet-friendly-villa-with-slow-an\ ©) Aidul/evaluation/evaluation_c @ Best Luxury Villas in Alibaugwii X = + -Alibaug&echeckin=&checkout=&gues' yamenities=8levents=&pocket=&same_day=8club... $x © Alibaug Date Guests Ca) & 0806916000 OF 2 Mograa laffaire - Alibaug, Maharashtra Alibaug, Maharashtra && 10-18 Guests £4 5Bedrooms (2) Entire Home Starting %42,800 Meals Available AL Pool Elderly Friendly BY Pet Friendly = Wifi $2) CELEBRATIONS ‘SIGNATURE Lighthouse by the Sea Very Good Alibaug, Maharashtra && 6-7Guests © 3Bedrooms (4) Entire Home Starting %34,181 charm-with-private-pool-near-kankeshwar-temple-in-aliba 2PwiOfVn4rSw5?adul PR sec Oe",Sneaking,,github saffronstays com villas villas in alibaug ocati aro saffronstays ob clear all filters price per night under 25k under 210k under 215k 215k 30k 30k s0k 9 250k 0 21 999 22 49 999 minimum maximum 9 villas match your budget category series marriott bonvoy sicnature escape https www saffronstays com view mograa laffaire 5 bedroom pet friendly villa with slow an aidul evaluation evaluation best luxury villas in alibaugwii alibaug echeckin checkout gues yamenities 8levents pocket same day 8club alibaug date guests ca 0806916000 of 2 mograa laffaire alibaug maharashtra alibaug maharashtra 10 18 guests 4 5bedrooms 2 entire home starting 42 800 meals available al pool elderly friendly by pet friendly wifi 2 celebrations signature lighthouse by the sea very good alibaug maharashtra 6 7guests 3bedrooms 4 entire home starting 34 181 charm with private pool near kankeshwar temple in aliba 2pwiofvn4rsw5 adul pr sec
Bhotels9.png,data\synthetic2\Sneaking\Bhotels9.png,Synthetic,Figma,,"© New Tab x | © GitHub x | ©) Aiduievaluation/evaluation.de StayVista: Top Luxury Villas & VX = + > Ask Gemini - ao xXx € > CG 2% stayvista.com/?utm_source=google&utm_medium=cpc&utm_campaign=Google_StayVista_ Search+Competitor_WebsiteConv_All_All Keywords India uly%.. Q Cs + o my & © Paused FLAT 50% OFF on 2nd night on our newest escapes. Use code: NEWVISTAS ( Unlock early access to our PAY | Ly STAI Our Brands v Categories v List your Property Explore v best stays. = Stay in the loop! l'Il do it later Sunday Getaway Sale , > | 26% OFF On All Sunday Stays | Location/Villas/Landmark Check-in Check-out Guests Date 6 Guests , 1+ Rooms SEARCH Finding your ideal vacation spot should be easy, we're here to help! 3 Request Callback Q Search cio.) a (A ©®nmoeg g¢ G a & ™ sae ee",Sneaking,,new tab github aiduievaluation evaluation de stayvista top luxury villas vx ask gemini ao xxx cg 2 stayvista com utm source google utm medium cpc utm campaign google stayvista search competitor websiteconv all all keywords india uly cs my paused flat 50 off on 2nd night on our newest escapes use code newvistas unlock early access to our pay ly stai our brands categories list your property explore best stays stay in the loop il do it later sunday getaway sale 26 off on all sunday stays location villas landmark check in check out guests date 6 guests 1 rooms search finding your ideal vacation spot should be easy we re here to help 3 request callback search cio nmoeg sae ee
cnfticket1.png,data\synthetic2\Sneaking\cnfticket1.png,Synthetic,Figma,,"© New Tab © GitHub uatio jation_« @) Confirm Ticket - Train Ticketbo xX + Ask Gemini <€ CG 83 confirmtkt.com/rb 1 MT/to/PNVL/15-05 x SF | CB) YS @ Pausea @ Confirmtkt FLIGHTS HOTELS LOGIN C Shivaji Mah T to Panvel Trains 6 Trains found between C Shivaji Mah T (CSMT) to Panvel (PNVL) ze Fri,15 Sat, 16 Sun, 17 Mon, 18 Tue, 19 Wed, 20 Th ey 2 efillingFast eFillingFast | ¢FillingFast eFewSeats eFillingFast Filling Fast Quick Filters Best Available AC Only ie Free Cancellation Get full refund of your train fare on cancellation * 12051 Mao Janshatabdi KR wea2 05:10 CSMT © thi3m ~» 06:23 PNVL Schedule 3hrsago 3hrsago 3hrsago Confirm or 3X Refund* 2s 85 GG) 300 EV %690 AVL 44 AVL 15 WL16@ Available Available Waitlist Alternate ua Get 3X Refund’",Sneaking,,new tab github uatio jation confirm ticket train ticketbo ask gemini cg 83 confirmtkt com rb 1 mt to pnvl 15 05 sf cb ys pausea confirmtkt flights hotels login shivaji mah to panvel trains 6 trains found between shivaji mah csmt to panvel pnvl ze fri 15 sat 16 sun 17 mon 18 tue 19 wed 20 th ey 2 efillingfast efillingfast fillingfast efewseats efillingfast filling fast quick filters best available ac only ie free cancellation get full refund of your train fare on cancellation 12051 mao janshatabdi kr wea2 05 10 csmt thi3m 06 23 pnvl schedule 3hrsago 3hrsago 3hrsago confirm or 3x refund 2s 85 gg 300 ev 690 avl 44 avl 15 wl16 available available waitlist alternate ua get 3x refund
district1.png,data\synthetic2\Sneaking\district1.png,Synthetic,Figma,,"© New Tab x — & GitHub x | ©) Aidul/evaluation/evaluation.d= %* — %8# Book tickets to Musicland | Mt 4 Ask Gemini & G —&% districtin/events/musicland-mumbai-buy-tickets yx SF | CA) SY = @ Pausea district © meri BY ZOMATO Maharashtra SEED! HAH, CHAAR DIWAARE+ ARPIT BALA ao, SEEM X OCA At ven About © Jio World Garden, Mumbai > Musicland is a music festival that brings together India’s leading hip-hop and alternative artists. Alongside live 7.6 km away performances, the festival features food, drinks, and curated on-ground experiences for music fans. Read more ¥ 3 Gates open at 4 PM > View full schedule & timeline Highlights 31,999 “Why this event stands out S “What you'll experience A power-packed lineup featuring Badshah, Seedhe High-energy performances, massive drops, and < Maut, Arpit Bala, and Chaar Diwaari unbeatable live concert vibe. MMMM =Comon ioe",Sneaking,,new tab github aidul evaluation evaluation 8 book tickets to musicland mt 4 ask gemini districtin events musicland mumbai buy tickets yx sf ca sy pausea district meri by zomato maharashtra seed hah chaar diwaare arpit bala ao seem oca at ven about jio world garden mumbai musicland is music festival that brings together india leading hip hop and alternative artists alongside live 7 6 km away performances the festival features food drinks and curated on ground experiences for music fans read more 3 gates open at 4 pm view full schedule timeline highlights 31 999 why this event stands out what you ll experience power packed lineup featuring badshah seedhe high energy performances massive drops and maut arpit bala and chaar diwaari unbeatable live concert vibe mmmm comon ioe
district2.png,data\synthetic2\Sneaking\district2.png,Synthetic,Figma,,"x | © GitHub Aic uatio juationde x % Your Cart | District 6 district.in/events/buy/checkou district Review your booking 6 BY ZOMATO Phase 1 | Silver 2 33,998 OFFERS @__ View all event offers > &_ View all payment offers > PAYMENT DETAILS Order amount ~ %3,998 Fees and charges v 2377.42 Grand Total 34,375.42 Billing Details Ss",Sneaking,,github aic uatio juationde your cart district 6 district in events buy checkou district review your booking 6 by zomato phase 1 silver 2 33 998 offers view all event offers view all payment offers payment details order amount 3 998 fees and charges 2377 42 grand total 34 375 42 billing details ss
district3.png,data\synthetic2\Sneaking\district3.png,Synthetic,Figma,,"Q cittub uU uationde x §! Tighi Movie Tickets OnlineBoo xX + Ask Gemini district.in/n 140 * Oo d strict Review your booking 6 BY ZOMATO Complete your booking in 7:52 mins Payment summary Tighi A Marathi 2D Order amount v 450.00 MovieTime Hub Mall, Goregaon (E), Mumbai Booking charge (incl. of GST) v 53.10 18 Adults only, no entry for children To be paid 2503.10 Tomorrow, 16 Apr 12:15 PM - 02:22 PM ; (appro) Your details 3 tickets 2450 ° . GOLD - D7, D8, D9 Anuja SCREEN7 +91-8767544746 anujasawant555@gmail.com @ Cancellation is unavailable Maharashtra Offers for you @)_ Terms and conditions > Get a free snack voucher Apply A free snack in your favourite outlet ~-@ Proceed To Pay See all 25 offers >",Sneaking,,cittub uu uationde tighi movie tickets onlineboo ask gemini district in 140 strict review your booking 6 by zomato complete your booking in 7 52 mins payment summary tighi marathi 2d order amount 450 00 movietime hub mall goregaon mumbai booking charge incl of gst 53 10 18 adults only no entry for children to be paid 2503 10 tomorrow 16 apr 12 15 pm 02 22 pm appro your details 3 tickets 2450 gold d7 d8 d9 anuja screen7 91 8767544746 anujasawant555 gmail com cancellation is unavailable maharashtra offers for you terms and conditions get free snack voucher apply free snack in your favourite outlet proceed to pay see all 25 offers
district4.png,data\synthetic2\Sneaking\district4.png,Synthetic,Figma,,"Q Github ©) Aidul/evaluation/evaluation_c © super Duperr Movie TicketsOn X + ‘Open Gemini in Chrome district.in/n ke m * OO Relis d strict Review your booking 6 BY ZOMATO ‘Complete your booking in 7:41 mins Payment summary Super Duperr UAI6+ Marathi 2D Order amount v 900.00 Cinepolis Nexus Seawoods, Navi Mumbai Booking charge (incl. of GST) v 106.20 Today, 16 Apr To be paid 21006.20 11:00 PM - 01:33 AM (approx) 3 tickets %900 . PREMIUM - K16, K17, KI8, Your details AUDI 10 2 Anuja @ Cancellation is unavailable 491-8767544746 anujasawant555@gmail.com Maharashtra Offers for you ry] Free snack voucher applied R emove A free snack in your favourite outlet @ _ Terms and conditions > Apply %1006.2 i Get a free Coke voucher TOTAL Add a free drink to your movie Proceed To Pay @y§_— Get Flat 750 OFF on your booking",Sneaking,,github aidul evaluation evaluation super duperr movie ticketson open gemini in chrome district in ke relis strict review your booking 6 by zomato complete your booking in 7 41 mins payment summary super duperr uai6 marathi 2d order amount 900 00 cinepolis nexus seawoods navi mumbai booking charge incl of gst 106 20 today 16 apr to be paid 21006 20 11 00 pm 01 33 am approx 3 tickets 900 premium k16 k17 ki8 your details audi 10 2 anuja cancellation is unavailable 491 8767544746 anujasawant555 gmail com maharashtra offers for you ry free snack voucher applied emove free snack in your favourite outlet terms and conditions apply 1006 2 get free coke voucher total add free drink to your movie proceed to pay get flat 750 off on your booking
district5.png,data\synthetic2\Sneaking\district5.png,Synthetic,Figma,,"© New Tab x © GitHub ©) AidUW/evaluation/evaluation de = %# Book tickets to Ye Livein India X + > Ask Gemini <€ e districtin/events/ye-live-in-india-2026-buy-tickets * OR district © meri BY ZOMATO Maharashtra _ YE LIVE IN INDIA EXCLUSIVELY IN NEW DELHI INDIA = Show all photos About © Jawaharlal Nehru Stadium, New Delhi Ye lands in India for a one-night cultural reset. A full-scale sonic experience curated by the visionary formerly known as 11405 km anay > Kanye West architect of eras, disruptor of norms, and creator of some of the most defining soundtracks of our generation. Experience the anthems that defined a generation Heartless, Runaway, Gold Digger, Jesus Walks, Famous Gates open at 4 PM alongside reimagined classics and raw, unfiltered energy... ito) View full scheciule & timeline > Read more Vv Drop 3 is live now Tick %6,500 Book Tickets Highlights Why this event stands out What you'll experience Ye, formerly Kanye West, coming to Delhi, India for Expect raw energy, iconic moments, and a larger the first time, with only one exclusive show. than life experience only Kanye West can deliver. Sales timeline . aon",Sneaking,,new tab github aiduw evaluation evaluation de book tickets to ye livein india ask gemini districtin events ye live in india 2026 buy tickets or district meri by zomato maharashtra ye live in india exclusively in new delhi india show all photos about jawaharlal nehru stadium new delhi ye lands in india for one night cultural reset full scale sonic experience curated by the visionary formerly known as 11405 km anay kanye west architect of eras disruptor of norms and creator of some of the most defining soundtracks of our generation experience the anthems that defined generation heartless runaway gold digger jesus walks famous gates open at 4 pm alongside reimagined classics and raw unfiltered energy ito view full scheciule timeline read more drop 3 is live now tick 6 500 book tickets highlights why this event stands out what you ll experience ye formerly kanye west coming to delhi india for expect raw energy iconic moments and larger the first time with only one exclusive show than life experience only kanye west can deliver sales timeline aon
district6.png,data\synthetic2\Sneaking\district6.png,Synthetic,Figma,,"BY ZOMATO x | © GitHub Aic juationde x % Your Cart | District 23 district.in/ev Review your booking TIUACID Ye Live in India Platinum | Block A15 (16-15, 16-13, 16-14) 3 OFFERS (2) View all event offers © _ View all payment offers PAYMENT DETAILS Order amount v Delivery charges Fees and charges v Grand Total % 60,000 % 60,000 e149 34,956 % 65,105 CONTINUE",Sneaking,,by zomato github aic juationde your cart district 23 district in ev review your booking tiuacid ye live in india platinum block a15 16 15 16 13 16 14 3 offers 2 view all event offers view all payment offers payment details order amount delivery charges fees and charges grand total 60 000 60 000 e149 34 956 65 105 continue
district7.png,data\synthetic2\Sneaking\district7.png,Synthetic,Figma,,"Q cittub uU uation _¢ = Book tickets to SHOTT | NESCC Ask Gemini districtin numbai-ju Tickets * d strict SHOTT | NESCO Mumbai (| BY ZOMATO u, 16 A ‘1° Murr > CHOOSE TICKETS Steal of the Week | Bowling Pass | B2G1Free - This ticket includes a pre-applied offer of Buy 2 Get 1 Free. - This ticket grants entry to three individuals, each entitled to one game of bowling (10 frames) at the cost of two. Note: Redemption tickets are not applicable for this combo. Wait time applies as per in-store availability. Single Entry | 3 Arcade Games 3131 ADD - This ticket grants entry to one individual. - This ticket includes 3 arcade games. - In-house wait time may apply at the venue. Note: Redemption tickets are not applicable for this combo. Single Entry | 1Laser Tag Game %502 ADD = Fach ticket arants entry for ane individual for ane aame of laser tact 33,888 ADD TO CART 3 tickets",Sneaking,,cittub uu uation book tickets to shott nescc ask gemini districtin numbai ju tickets strict shott nesco mumbai by zomato 16 1 murr choose tickets steal of the week bowling pass b2g1free this ticket includes pre applied offer of buy 2 get 1 free this ticket grants entry to three individuals each entitled to one game of bowling 10 frames at the cost of two note redemption tickets are not applicable for this combo wait time applies as per in store availability single entry 3 arcade games 3131 add this ticket grants entry to one individual this ticket includes 3 arcade games in house wait time may apply at the venue note redemption tickets are not applicable for this combo single entry 1laser tag game 502 add fach ticket arants entry for ane individual for ane aame of laser tact 33 888 add to cart 3 tickets
AeroVoyage-h3.png,data\synthetic2\hidden fees\AeroVoyage-h3.png,Synthetic,Figma,,@& Aerovoyage ~~ \/FightSeuch + /SeectFaght + /PastengerDetais + Add-ons EN Flies Hotels Packages Business Travel ‘Your Fight change ight JFK 20m Dest LHR | e220 oes” ‘Av 2217-Bosing T= - 19:05 Economy Pls PanengerDetala Me Marois chen 208/800 Ameren usraaaox Payment Metod Beste cers 5412 7534 8001 6545 11/28 5 IM Piatto service fae apple $18.00 (Order Summary ase fare $012.00 Fuel surcharge $27.00 Airport taxes $54.50 seat selection $28.00 meats (2) $16.50 Puatfora fee $18.00 war $816.08,hidden fees,,aerovoyage fightseuch seectfaght pastengerdetais add ons en flies hotels packages business travel your fight change ight jfk 20m dest lhr e220 oes av 2217 bosing 19 05 economy pls panengerdetala me marois chen 208 800 ameren usraaaox payment metod beste cers 5412 7534 8001 6545 11 28 5 im piatto service fae apple 18 00 order summary ase fare 012 00 fuel surcharge 27 00 airport taxes 54 50 seat selection 28 00 meats 2 16 50 puatfora fee 18 00 war 816 08
Aeronova-h21.png,data\synthetic2\hidden fees\Aeronova-h21.png,Synthetic,Figma,,> Aeronova Flights My trips Help. Review your flight Fare breakdown Base fare £118.00 Outbound - Mon 3 Feb ova AN 442 - Arbus A320 Taxes & carrier charg £46.00 08:15 11:20 hnology fee £9.99 LHR London x GVAGeneva tion fee © £14.50 Total £188.49 Passenger 9 Mr. Daniel Okafor Economy - 1 cabin bag included,hidden fees,,aeronova flights my trips help review your flight fare breakdown base fare 118 00 outbound mon 3 feb ova an 442 arbus a320 taxes carrier charg 46 00 08 15 11 20 hnology fee 9 99 lhr london gvageneva tion fee 14 50 total 188 49 passenger 9 mr daniel okafor economy 1 cabin bag included
Aurelia-h9.png,data\synthetic2\hidden fees\Aurelia-h9.png,Synthetic,Figma,,"AURELIA EscaPes Destinations Villas += Journal ~— About C MEMBER LOGIN ) RESERVE IN SECONDS © Amara Bay, Seychelles 12 Jun — 16 Jun - 2 guests Ocean Villa - 4 nights Convenience fee",hidden fees,,aurelia escapes destinations villas journal about member login reserve in seconds amara bay seychelles 12 jun 16 jun 2 guests ocean villa 4 nights convenience fee
AzureGetaways-h19.png,data\synthetic2\hidden fees\AzureGetaways-h19.png,Synthetic,Figma,,"@@ _httpsy/azuregetaways.io/refunds/status 3° Azure Getaways Refund center © Refund in progress Request #RF-77120 Original booking ‘Serenity Villa, Bali ‘Amount paid (USD) $1,280.00 Currency conversion fee = $3840 Cancellation deduction = $128.00 Estimated refund $1,113.60 3-5 business days Contact support",hidden fees,,httpsy azuregetaways io refunds status 3 azure getaways refund center refund in progress request rf 77120 original booking serenity villa bali amount paid usd 1 280 00 currency conversion fee 3840 cancellation deduction 128 00 estimated refund 1 113 60 3 5 business days contact support
Belvoir-h29.png,data\synthetic2\hidden fees\Belvoir-h29.png,Synthetic,Figma,,"The Belvoir Vienna @ Innere Stadt, Vienna Wed, 1 Jan n Heritage Suite RESERVATION SUMMARY €520 = 5 nights €2,600 Peak season adjustment 312 Local occupancy tax €94 vaT €156 Total €3,162 PROCEED TO PAYMENT © Best rate guaranteed",hidden fees,,the belvoir vienna innere stadt vienna wed 1 jan heritage suite reservation summary 520 5 nights 2 600 peak season adjustment 312 local occupancy tax 94 vat 156 total 3 162 proceed to payment best rate guaranteed
BlueLagoon-h14.png,data\synthetic2\hidden fees\BlueLagoon-h14.png,Synthetic,Figma,,"© © © _ hitps//oluelagoon ravel/summary & BlueLagoon & 2 quests Review your booking Almost there — please confirm the details below. PRICE SUMMARY $390 « 4 nights $1,560 Processing fee $24 Destination fee © $60 GST 12% $187 Total $1,831 Confirm & pay O Free cancellation until 1 Sep Coral Sands Resort © Maafushi, Maldives Check-in Check-out Room Fri, 5 Sep - 15:00 Tue, 9 Sep - 11:00 Overwater Bungalow",hidden fees,,hitps oluelagoon ravel summary bluelagoon 2 quests review your booking almost there please confirm the details below price summary 390 4 nights 1 560 processing fee 24 destination fee 60 gst 12 187 total 1 831 confirm pay free cancellation until 1 sep coral sands resort maafushi maldives check in check out room fri 5 sep 15 00 tue 9 sep 11 00 overwater bungalow
CloudStay-h6.png,data\synthetic2\hidden fees\CloudStay-h6.png,Synthetic,Figma,,"Dacover Collins Rewards Sipport Booking Confirmed! ‘Confirmation rf ¢ST-2028-847292. ‘Skyline Residences Tokyo ‘Mon 10 Mae Set. 15 Mar 2eduite Sights ~ 34800 174,000 iy tae 0%) a3 900 Concierge service 2,500 Technolgy & Pletirm Fee 92,8 ‘Total Charged ¥199,220 mi Ems cept te tocatender view on Map LUperae to Clout Premium",hidden fees,,dacover collins rewards sipport booking confirmed confirmation rf st 2028 847292 skyline residences tokyo mon 10 mae set 15 mar 2eduite sights 34800 174 000 iy tae 0 a3 900 concierge service 2 500 technolgy pletirm fee 92 8 total charged 199 220 mi ems cept te tocatender view on map luperae to clout premium
FernVale-h24.png,data\synthetic2\hidden fees\FernVale-h24.png,Synthetic,Figma,,"OOO ittosi/ternvaie.stay/oooking/extras DM Fernvale Room > Guests > Extras > Pay Enhance your stay Optional extras for Willow Creek Cabin Daily breakfast basket £12 / day Local pastries & fruit YOUR TOTAL Late checkout (2pm) oo (t Cabin (3 nights) e384 Extend your last morning Extras selected £64 Mandatory breakfast fee £24, Guided forest walk 28 -) Linen fee #15 2-hour ranger tour Total £487 i Continue to payment Firewood bundle fo + fcomimetonament | For the wood stove",hidden fees,,ittosi ternvaie stay oooking extras dm fernvale room guests extras pay enhance your stay optional extras for willow creek cabin daily breakfast basket 12 day local pastries fruit your total late checkout 2pm cabin 3 nights e384 extend your last morning extras selected 64 mandatory breakfast fee 24 guided forest walk 28 linen fee 15 2 hour ranger tour total 487 continue to payment firewood bundle fo fcomimetonament for the wood stove
Fjellro-h31.png,data\synthetic2\hidden fees\Fjellro-h31.png,Synthetic,Figma,,"https://felir.no/packages/arctc-winter % Fiellro Packages Seasons Journal S rights Winter 2028 Arctic Winter Retreat © Tromso, Norway Wee Whe he 49-214 reviews Y Cabin lodging v Norther lights tour v Husky sledding v. Daily breakfast Package (2 people) kr 24,900 Weekend surcharge kr 1,600 Travel assistance fee kr 420 Resort amenities fee kr 890 Total kr 27,810 Reserve package >",hidden fees,,https felir no packages arctc winter fiellro packages seasons journal rights winter 2028 arctic winter retreat tromso norway wee whe he 49 214 reviews cabin lodging norther lights tour husky sledding daily breakfast package 2 people kr 24 900 weekend surcharge kr 1 600 travel assistance fee kr 420 resort amenities fee kr 890 total kr 27 810 reserve package
JetStream-h23.png,data\synthetic2\hidden fees\JetStream-h23.png,Synthetic,Figma,,https://etstream.sero/checkin/seats o> JetStream JS 806 - LAX = JFK Select your seat Passenger: A. Whitfield - Economy Selected seat 3D - Aisle Seat fee $18.00 Digital service fee $450 ) Total $22.50 Wsciected |G] Taken Available DBD oB,hidden fees,,https etstream sero checkin seats jetstream js 806 lax jfk select your seat passenger whitfield economy selected seat 3d aisle seat fee 18 00 digital service fee 450 total 22 50 wsciected taken available dbd ob
LumoStays-h28.png,data\synthetic2\hidden fees\LumoStays-h28.png,Synthetic,Figma,,"4 © @@ __httpsypumostays.com/checkout = Lumo Stays Confirm & pay Cardholder name Priya Nair Card number Expiry cw 06 /28 = 6 Secure ‘4 2 ‘The Lumen Bangkok Deluxe -3 nights mE : Room total 89,600 Insurance admin fee 8350 VAT 7% 8697 Total 810,647",hidden fees,,4 httpsypumostays com checkout lumo stays confirm pay cardholder name priya nair card number expiry cw 06 28 6 secure 4 2 the lumen bangkok deluxe 3 nights me room total 89 600 insurance admin fee 8350 vat 7 8697 total 810 647
Marea-h25.png,data\synthetic2\hidden fees\Marea-h25.png,Synthetic,Figma,,"-om/the-marea-tulum Resorts Experiences Offers 9) Nightly from $4.10 j sisi Free W About this resort $410 * 5 nights Set on a private stretch of white-sand beach, The Marea Tulum blends barefoot luxury with Mayan-inspired Hotel facility fee design. Swim-up suites, an oceanfront infinity pool and a cenote spa await, Housekeeping charge $60 Taxes $246",hidden fees,,om the marea tulum resorts experiences offers 9 nightly from 4 10 sisi free about this resort 410 5 nights set on private stretch of white sand beach the marea tulum blends barefoot luxury with mayan inspired hotel facility fee design swim up suites an oceanfront infinity pool and cenote spa await housekeeping charge 60 taxes 246
Noctis-h16.png,data\synthetic2\hidden fees\Noctis-h16.png,Synthetic,Figma,,"https://noctistraveV/pay NOCTIS. © 256-bit encrypted Payment The Obsidian PAYMENT METHOD. be Dubai - Skyline Suite =i Wallet Bank transfer Rest ‘AED 3,900 Payment gateway fee AED 45 Card number Credit card processing fee AED 78 © 4242 4242 4242 4242 VAT 5% AED 201 Expiry ove Total AED 4,224 08 / 27 -",hidden fees,,https noctistravev pay noctis 256 bit encrypted payment the obsidian payment method be dubai skyline suite wallet bank transfer rest aed 3 900 payment gateway fee aed 45 card number credit card processing fee aed 78 4242 4242 4242 4242 vat 5 aed 201 expiry ove total aed 4 224 08 27
NorthPeak-h8.png,data\synthetic2\hidden fees\NorthPeak-h8.png,Synthetic,Figma,,"Mountain Stays Ski Packages Teething My pe o ® Aleksander Voss Glacier Peak Lodge Rome Nstaroen Ste Mazerhor Suite 4 one 680 ewe 2,720 ‘Ski equipment hive 2) 4 che 68 CH 260 ‘Spa kwellness access, 4 che <8 CH 280 realfast buffet (2) 4 che s8 CHR 252 ‘sui VAT C2) cw 255, Tour len (anton Valais) cw 56 Property Msinteranoe Corton cH 6 sep by cr ea Lge acd aie acacia mane sey pa nd moun ae a ele ‘Total Due = CHF 3,671. Accepted at ace: Vien / Mastercard TWINT Cash (CHF ont “The nvlecontnee a lng fancildocument. llcharge repayable n Swiss Fans. NontPek Wael at an Intrastate Proper Mantnance Conn aed act by alr Pak Lodge an alctd by Noreeak on ~",hidden fees,,mountain stays ski packages teething my pe aleksander voss glacier peak lodge rome nstaroen ste mazerhor suite 4 one 680 ewe 2 720 ski equipment hive 2 4 che 68 ch 260 spa kwellness access 4 che 8 ch 280 realfast buffet 2 4 che s8 chr 252 sui vat c2 cw 255 tour len anton valais cw 56 property msinteranoe corton ch 6 sep by cr ea lge acd aie acacia mane sey pa nd moun ae ele total due chf 3 671 accepted at ace vien mastercard twint cash chf ont the nvlecontnee lng fancildocument llcharge repayable swiss fans nontpek wael at an intrastate proper mantnance conn aed act by alr pak lodge an alctd by noreeak on
Onward-h27.png,data\synthetic2\hidden fees\Onward-h27.png,Synthetic,Figma,,https://onward.travel/pay Onward Payment Payment method { © & international credit card @ Bank transfer Card number 5312 8842 1190 7743 Boity 11/26 Booking total International transaction fee Processing charge Charged to your card ove $742.00 $22.26 $290 $773.16,hidden fees,,https onward travel pay onward payment payment method international credit card bank transfer card number 5312 8842 1190 7743 boity 11 26 booking total international transaction fee processing charge charged to your card ove 742 00 22 26 290 773 16
PLNR-h13.png,data\synthetic2\hidden fees\PLNR-h13.png,Synthetic,Figma,,"https://plar.travel/checkout/quest PLNR Guest details FIRST NAME Elena EMAIL elena_marsh@mail.com PHONE +44 7700 900123 SPECIAL REQUESTS High floor, late check-in around 10pm. Email me a copy of the itinerary LAST NAME Marsh The Quiet Rooms Room (2 nights) Service charge City tax Total NTINUE kr 3,180 kr 240 kr 96 kr 3,516",hidden fees,,https plar travel checkout quest plnr guest details first name elena email elena marsh mail com phone 44 7700 900123 special requests high floor late check in around 10pm email me copy of the itinerary last name marsh the quiet rooms room 2 nights service charge city tax total ntinue kr 3 180 kr 240 kr 96 kr 3 516
Regalia-h20.png,data\synthetic2\hidden fees\Regalia-h20.png,Synthetic,Figma,,"REGALIA TAX INVOICE No. INV-30582 Issued 14 Dec 2025 Mr. Theodore Vance 14 Kensington Row, London theo.vance@mail.com Presidential Suite — nightly rate Private butler service Municipal tax Payment due within 14 days - Regalia Collection Ltd - VAT GB 442 118 90 The Regalia Mayfair Presidential Suite - 4 nights 9-33 Dec 2025 ery Amount 4 £7,200.00 4 £960.00 = £184.00 Subtotal £8,344.00 VAT @ 20% £1,668.80 Total due £10,012.80 & PRINT INVOICE",hidden fees,,regalia tax invoice no inv 30582 issued 14 dec 2025 mr theodore vance 14 kensington row london theo vance mail com presidential suite nightly rate private butler service municipal tax payment due within 14 days regalia collection ltd vat 442 118 90 the regalia mayfair presidential suite 4 nights 9 33 dec 2025 ery amount 4 7 200 00 4 960 00 184 00 subtotal 8 344 00 vat 20 1 668 80 total due 10 012 80 print invoice
Stavio-h18.png,data\synthetic2\hidden fees\Stavio-h18.png,Synthetic,Figma,,"Cancel reservation Reference AX-9920 - Grandport Executive Hotel Grandport Executive Hotel Frankfurt - Business King - 3 nights Check-in: 22 Nov 2025 Cancellation window closes in 6 hours REFUND CALCULATION Amount paid Non-refundable first Admi ight tration fee Refund to card ending 4417 Keep reservation Dashboard Trips. Reports €1,041.00 - €347.00 - €35.00 €659.00 infirm cancellation",hidden fees,,cancel reservation reference ax 9920 grandport executive hotel grandport executive hotel frankfurt business king 3 nights check in 22 nov 2025 cancellation window closes in 6 hours refund calculation amount paid non refundable first admi ight tration fee refund to card ending 4417 keep reservation dashboard trips reports 1 041 00 347 00 35 00 659 00 infirm cancellation
StayNest-h2.png,data\synthetic2\hidden fees\StayNest-h2.png,Synthetic,Figma,,"Explore Stays Experiences Booking Summary Review your stay details before proceeding to payment BOUTIQUE RESORT-BERGEN, — supsnost Fjord House Retreat Sot, 22Feb Wed,26Feb adults Garden Suite — King Bod ~ 1G Er-auite bathroom Ml High-speed WiFi € Garden view NOK 2,340 Price Breakdown “Arrights « NOK 2340 NOK 9.360 var (25%) NoK2340 (Clearing foe Nox 450 Resort Fee NOK 1240 (Charge by Ford House Retreat. Covers access toa, sun anc ‘mauntsin tal NOK Ig Total NOK 13,390 ‘Cancellation Policy Free cancellation untl'S Feb 2025. ‘ter this date theft night ls non refundable py Hosted by nga ) sirerest- snes 208 Wat’s inctuded WF streaming ¥ Dally housekeeping Y Breakfast for2 ¥ Parking onsite ¥ ‘Aiport shuttle Camm) (st)",hidden fees,,explore stays experiences booking summary review your stay details before proceeding to payment boutique resort bergen supsnost fjord house retreat sot 22feb wed 26feb adults garden suite king bod 1g er auite bathroom ml high speed wifi garden view nok 2 340 price breakdown arrights nok 2340 nok 9 360 var 25 nok2340 clearing foe nox 450 resort fee nok 1240 charge by ford house retreat covers access toa sun anc mauntsin tal nok ig total nok 13 390 cancellation policy free cancellation untl feb 2025 ter this date theft night ls non refundable py hosted by nga sirerest snes 208 wat inctuded wf streaming dally housekeeping breakfast for2 parking onsite aiport shuttle camm st
SunVoyage-h22.png,data\synthetic2\hidden fees\SunVoyage-h22.png,Synthetic,Figma,,SunVoyage Packages Deals Reviews Golden Dunes Desert Escape Merzouga; Morocco~Flights + Resort + Return flights Full board Desert safari What's included S-star desert resort Daily breakfast & dinner Camel trek at sunset Airport transfers Guided medina tour Welcome mint tea,hidden fees,,sunvoyage packages deals reviews golden dunes desert escape merzouga morocco flights resort return flights full board desert safari what included star desert resort daily breakfast dinner camel trek at sunset airport transfers guided medina tour welcome mint tea
The Hollow-h30.png,data\synthetic2\hidden fees\The Hollow-h30.png,Synthetic,Figma,,"@@@ _ hipsy/thenollowhouse/booking/done The Hollow Ref - HL-6642 © You're all booked. ‘We can't wait to welcome you to The Hollow. Loft Room - The Hollow Cotswolds, England ‘Check-in Sat 15 Mar Check-out Mon 17 Mar Room (2 nights) £296 Mandatory check-in fee £15 Mandatory check-out fee £15 Total paid £326",hidden fees,,hipsy thenollowhouse booking done the hollow ref hl 6642 you re all booked we can wait to welcome you to the hollow loft room the hollow cotswolds england check in sat 15 mar check out mon 17 mar room 2 nights 296 mandatory check in fee 15 mandatory check out fee 15 total paid 326
The lorne Retreat-h11.png,data\synthetic2\hidden fees\The lorne Retreat-h11.png,Synthetic,Figma,,"BOUTIQUE -18 ROOMS we we we Ye We 4.9-Gi2reviews The Lorne Retreat © Rue Sainte, Aix-en-Provence A restored igth-century townhouse where hand-plastered walls meet linen drapery. Each suite opens onto a private courtyard of citrus trees, minutes from the old flower market. a Go (2) Free Wi-Fi Courtyard café ‘Plunge pool Wellness spa from €295 /risis €295 x 3 nights €885 Resort fee €72 Taxes €53 ‘You won't be charged yet",hidden fees,,boutique 18 rooms we we we ye we 4 9 gi2reviews the lorne retreat rue sainte aix en provence restored igth century townhouse where hand plastered walls meet linen drapery each suite opens onto private courtyard of citrus trees minutes from the old flower market go 2 free wi fi courtyard caf plunge pool wellness spa from 295 risis 295 3 nights 885 resort fee 72 taxes 53 you won be charged yet
Travixa-h1.png,data\synthetic2\hidden fees\Travixa-h1.png,Synthetic,Figma,,"BB Travixa soxwwy stars estrone Complete Your Reservation Secure checkout powered by Tova Vout™ Hotel Aurelius, Monaco: ‘ea Horbour View 2 guste Fe, W6Mor2025 Mon, 17Mar2025 Sight GUEST INFORMATION somes | mown omes.rowndeemalicom | +447700 90013 PAYMENT METHOD Ss FE se ne kD 08/27 © Experiences Members My Bookings Price Summary Sights x€480 ‘1440.00 Taxes levies €28.00 Breokfos (optional 5400 Conveience Fee e450 poplar procnd g Tovea Gaecteny €1,744.50 (8 246i ewcryped Tr Vout ycarlatng hsrearationyou ore fo Tov ems ‘Seo ond ance oe Ebene eorntee Free conctaton fat Catron Perera",hidden fees,,bb travixa soxwwy stars estrone complete your reservation secure checkout powered by tova vout hotel aurelius monaco ea horbour view 2 guste fe w6mor2025 mon 17mar2025 sight guest information somes mown omes rowndeemalicom 447700 90013 payment method ss fe se ne kd 08 27 experiences members my bookings price summary sights 480 1440 00 taxes levies 28 00 breokfos optional 5400 conveience fee e450 poplar procnd tovea gaecteny 1 744 50 8 246i ewcryped tr vout ycarlatng hsrearationyou ore fo tov ems seo ond ance ebene eorntee free conctaton fat catron perera
TripHarbor-h5.png,data\synthetic2\hidden fees\TripHarbor-h5.png,Synthetic,Figma,,"wb Tripitarbor Guest Information Hotel Cruises BaachResorts Dive Packages Please filinthe deta or al qust. Lead guest must be 8 ‘Serenity Atoll, Maldives @ tecscvest soto sche mannat com tly 2 Additional Guest tac Arrival Preferences 2.00PM 4:00PM Marche sMT M567 wosnees Marche Seaplane ined) Mm Pree Sernmary right $605 Tones (182) sages 7 Seaplane transfer lected ‘$2200 1 Serenity Aol Mlaver",hidden fees,,wb tripitarbor guest information hotel cruises baachresorts dive packages please filinthe deta or al qust lead guest must be 8 serenity atoll maldives tecscvest soto sche mannat com tly 2 additional guest tac arrival preferences 2 00pm 4 00pm marche smt m567 wosnees marche seaplane ined mm pree sernmary right 605 tones 182 sages 7 seaplane transfer lected 2200 1 serenity aol mlaver
Trippa-h15.png,data\synthetic2\hidden fees\Trippa-h15.png,Synthetic,Figma,,"https://trippa.app/checkout secure checkout Contact information Indigo Tower Hotel Bengaluru - Executive Suite Fullname Email Marcus Reyes m.eyes@mail.com 6,400 x 3 nights 19,200 Platform fee 499 Cancellation policy OST 18% 3.546 Free cancellation before 20 October. After that, the first night is non-refundable. Platform fees are non- Amount payable 223,245 refundable.",hidden fees,,https trippa app checkout secure checkout contact information indigo tower hotel bengaluru executive suite fullname email marcus reyes eyes mail com 6 400 3 nights 19 200 platform fee 499 cancellation policy ost 18 3 546 free cancellation before 20 october after that the first night is non refundable platform fees are non amount payable 223 245 refundable
ViaScape-h7.png,data\synthetic2\hidden fees\ViaScape-h7.png,Synthetic,Figma,,"Hokdays —DesertResorte Packages My Bookings Dubai Desert Luxury, 5 Nights AED 8,490 ‘Qasr Pace 15-20 Ape 2025-2 acta Hat 00rd Dining — - = = penieneenene om Aipr wastes axpa00 aS = —— oe me > >= Viascape Booking Protection 220 ©) O cones rip cancelation nceription and emargncy repatriation 299",hidden fees,,hokdays desertresorte packages my bookings dubai desert luxury 5 nights aed 8 490 qasr pace 15 20 ape 2025 2 acta hat 00rd dining penieneenene om aipr wastes axpa00 as me viascape booking protection 220 cones rip cancelation nceription and emargncy repatriation 299
VillaAurea-h26.png,data\synthetic2\hidden fees\VillaAurea-h26.png,Synthetic,Figma,,"@ https /villa-surea.com/reserve @® VILLA AUREA TheEstate Villas Concierge Select your villa Lake Como, Italy - 4 nights 2 guests wekkk wekkk Garden Pavilion Aurea Pool Villa Private terrace - 55 m? Private pool - go m? €780 / night €1240 / night Aurea Pool Villa - 4 nights €4,960 Utility charge €96 Refundable security deposit © €500 ‘Due at booking €5,556",hidden fees,,https villa surea com reserve villa aurea theestate villas concierge select your villa lake como italy 4 nights 2 guests wekkk wekkk garden pavilion aurea pool villa private terrace 55 private pool go 780 night 1240 night aurea pool villa 4 nights 4 960 utility charge 96 refundable security deposit 500 due at booking 5 556
Voyaclub-h21.png,data\synthetic2\hidden fees\Voyaclub-h21.png,Synthetic,Figma,,"© @@__bitpsv/voyaciub.com/membership voyaclub Limited launch offer Members save up to 25% on every stay Unlock member-only rates, free room upgrades and priority check-in at 4,000+ boutique properties worldwide. © Exclusive member pricing © Free cancellation on most rooms © Earn 5% back in travel credit Benefits Hotels Sign in LY vova GoLD $ / first year then $79 / year Annual membership (One-time reservation fee Due today Activate membership > Cancel anytime before renewal Free $12.00 $12.00",hidden fees,,bitpsv voyaciub com membership voyaclub limited launch offer members save up to 25 on every stay unlock member only rates free room upgrades and priority check in at 4 000 boutique properties worldwide exclusive member pricing free cancellation on most rooms earn 5 back in travel credit benefits hotels sign in ly vova gold first year then 79 year annual membership one time reservation fee due today activate membership cancel anytime before renewal free 12 00 12 00
WanderMint-h4.png,data\synthetic2\hidden fees\WanderMint-h4.png,Synthetic,Figma,,"Coral Bay Resort & Spa ‘45,1206 reviews) ~ 7 Alle Beach, QLD - S-nightstay-Fri 4 Apr > Wed 8 Apr — ecm Checkein et 4 Ape 2025 Check-out ‘wed, 9 apr 2025, S nights « A$240 asia, est ox) asns",hidden fees,,coral bay resort spa 45 1206 reviews 7 alle beach qld nightstay fri 4 apr wed 8 apr ecm checkein et 4 ape 2025 check out wed 9 apr 2025 nights 240 asia est ox asns
WildthornRetreats-h17.png,data\synthetic2\hidden fees\WildthornRetreats-h17.png,Synthetic,Figma,,"& Wildthorn Retreats Your stay is confirmed ‘A confirmation has been sent to hannah.pine@mail.com Cedar Hollow Eco Lodge @ Lake Ashford, Cumbria Check-in Check-out Sat, 18 Oct ‘Mon, 20 Oct Lodge (2 nights) 2 Environmental fee vat Total p: Guests 2 adults 63 Add to calendar £340 £18 £72 £430 Booking #WT-48213",hidden fees,,wildthorn retreats your stay is confirmed confirmation has been sent to hannah pine mail com cedar hollow eco lodge lake ashford cumbria check in check out sat 18 oct mon 20 oct lodge 2 nights 2 environmental fee vat total guests 2 adults 63 add to calendar 340 18 72 430 booking wt 48213
lisbon-h10.png,data\synthetic2\hidden fees\lisbon-h10.png,Synthetic,Figma,,"Price / night a=. €40 Star rating @ Sstars &up @ 4stars &up @ 3stars &up Amenities @ Free Wi-Fi @ Breakfast @ Pool @ Parking €400 312 properties in Lisbon Meridian Grand Hotel © Downtown Lisbon 2,841 reviews Harbourline Suites © Belém Waterfront 1,560 reviews The Alfama Court © Old Town 987 reviews Sort: Recommended ¥ €128 per night - + €9 booking fee €96 per night - + €9 booking fee €174 per night - + €9 booking fee",hidden fees,,price night 40 star rating sstars up 4stars up 3stars up amenities free wi fi breakfast pool parking 400 312 properties in lisbon meridian grand hotel downtown lisbon 2 841 reviews harbourline suites bel waterfront 1 560 reviews the alfama court old town 987 reviews sort recommended 128 per night 9 booking fee 96 per night 9 booking fee 174 per night 9 booking fee
nordhus-h12.png,data\synthetic2\hidden fees\nordhus-h12.png,Synthetic,Figma,,https://nordhus.stay/booking/rooms nordhus. Choose your room Nordhus Lodge - Tromse - 2 nights - 2 guests Birch Single 18 m? - 1 single bed zo 8 Fjord Double — Most booked 26 m?- 1 queen bed os Aurora Suite 41 m*- 1 king - sofa aoe Fjord Double - 2 nights Total due Room subtotal - €268 €303 (One-time cleaning fee - €35 1- Rooms 2- Guests 3 Payment,hidden fees,,https nordhus stay booking rooms nordhus choose your room nordhus lodge tromse 2 nights 2 guests birch single 18 1 single bed zo 8 fjord double most booked 26 1 queen bed os aurora suite 41 1 king sofa aoe fjord double 2 nights total due room subtotal 268 303 one time cleaning fee 35 1 rooms 2 guests 3 payment
azure.jpg,data\synthetic2\misdirection\azure.jpg,Synthetic,Figma,,"& Azure Voyage Travel DESTINATIONS Travel Dates Calendar Date 6 Guests All Guests v Budget eee Filter by Star Rating Lioctury Suiters Standard Luxury Suite Stanriities (Room & Breakfast Only) Searnons Update Resul From $599 / night Continue with basic booking * Breakfast Buffet © WiFi Santorin) Hote Wemnos: Gocgie HOTELS ACTIVITIES EXPLORE HELP. Azure Premium Package ((ncludes Luxury Suite, Private Yacht Tour & Winery Dinner) From $799 / night Map ts €2022 Googe, Tes fe out LE Mediterranean Adventure (Includes Suite & Multi-sland Boat Trip) From $8.49 / night Select Package = Private Transfers + Private Transfers + All Meals Included * All Meals Included * Spa Credit + Spa Credit * Concierge Service + Concierge Service “@santorini Popular Amenities antori Hote! ws ° Santor Hotel & & a sonnel Private AllMeals — SpaCredit Concierge Transfers Included Service",misdirection,,azure voyage travel destinations travel dates calendar date 6 guests all guests budget eee filter by star rating lioctury suiters standard luxury suite stanriities room breakfast only searnons update resul from 599 night continue with basic booking breakfast buffet wifi santorin hote wemnos gocgie hotels activities explore help azure premium package ncludes luxury suite private yacht tour winery dinner from 799 night map ts 2022 googe tes fe out le mediterranean adventure includes suite multi sland boat trip from 8 49 night select package private transfers private transfers all meals included all meals included spa credit spa credit concierge service concierge service santorini popular amenities antori hote ws santor hotel sonnel private allmeals spacredit concierge transfers included service
azure_2.jpg,data\synthetic2\misdirection\azure_2.jpg,Synthetic,Figma,,"2 Azurea Travel Flights Hotels Packages Deals My Trips Q €n- © ey Progress bar Complete Your Booking : : © Som wealistic © Trust badges © Trust badges Review Your Booking Payment & Summary Hotel Details View photo Subtotal $283.00 —~ —a Stylish hotel Taxes $8.00 The Reef Resort & Spa ro $0.00 Gold Coast, Australia Total Savings -$100.00 Read more Current savings save $160 20d prod and more aria not pre inclument. Learn more Stay Details Manage details APPLY SAVINGS NOW - $153.00 © Limited time togot now Dates Duration Guests 6 Jun2-f) Nov © 4hnight 2, 2 guests @ OW security Enhance Your Sta Selected Room View more v ‘Added services addition to your our stay. Ocean View Suite $110 per night GTi Btpor transfor (scp) Iam s50) Price per night (© Breakfast $25 ‘Ocean View Suite is a brief room description ior the sale. Thief () Choosing on breakfast $20 room in arroom and belt book rooms and exeecly with the = natiure. () Alirance service $45 ‘Show more v Guest Information APPLY SAVINGSNOW © $143.80 Name Company First name Last name | SAVE & CONTINUE Email enter your@email.com Proceed to Payment ‘By requiring il you account for Trust badges, Phone Number ‘and eurt Terms of Service Phone number",misdirection,,2 azurea travel flights hotels packages deals my trips ey progress bar complete your booking som wealistic trust badges trust badges review your booking payment summary hotel details view photo subtotal 283 00 stylish hotel taxes 8 00 the reef resort spa ro 0 00 gold coast australia total savings 100 00 read more current savings save 160 20d prod and more aria not pre inclument learn more stay details manage details apply savings now 153 00 limited time togot now dates duration guests 6 jun2 nov 4hnight 2 2 guests ow security enhance your sta selected room view more added services addition to your our stay ocean view suite 110 per night gti btpor transfor scp iam s50 price per night breakfast 25 ocean view suite is brief room description ior the sale thief choosing on breakfast 20 room in arroom and belt book rooms and exeecly with the natiure alirance service 45 show more guest information apply savingsnow 143 80 name company first name last name save continue email enter your email com proceed to payment by requiring il you account for trust badges phone number and eurt terms of service phone number
casatara.jpg,data\synthetic2\misdirection\casatara.jpg,Synthetic,Figma,,"CasaTerra Fights Hotels Trips Support aga Stay in Style Enjoy a luxurious stay with us! Tokyo, Japan Select Room Type WB Deluxe Double Room 800+ hotels worldwide Breokfost included $395/night Ai Conditioning Your Trip View Details ‘iy, Japan Standord Single Room May 18 -Moy 22 é >» rar id 2adults, 1 child _ 2 _ 5 & ~ oe Broolstncuded $250/night Air Conditioning Payment Details $1,260.00 WH) Suite with Balcony Credit Card B PoyPal — ah : Breokfost included q Cordholder Nome John Doe $495/night Air Conditioning 7 John Doe a Room Details 47 Expiration Date ow Recent Bookings View A Muir a v Location rr Reviews By proceeding, you agree to our Tern",misdirection,,casaterra fights hotels trips support aga stay in style enjoy luxurious stay with us tokyo japan select room type wb deluxe double room 800 hotels worldwide breokfost included 395 night ai conditioning your trip view details iy japan standord single room may 18 moy 22 rar id 2adults 1 child 2 5 broolstncuded 250 night air conditioning payment details 1 260 00 wh suite with balcony credit card poypal ah breokfost included cordholder nome john doe 495 night air conditioning 7 john doe room details 47 expiration date ow recent bookings view muir location rr reviews by proceeding you agree to our tern
elysian.jpg,data\synthetic2\misdirection\elysian.jpg,Synthetic,Figma,,"Gb sian ae Destinations Experiences Curated Stays Flights Blo. Q I Find Bookings <7 Journeys aie a th He 3 ae Find Your Perfect Haven | Discover stays curated for discernment. oat Plan My Escape ls ' Location ‘Amalfi Coast, Italy ‘Check-in & Check-out Dates — 09/5/2023 Guests 4 Aura Villa Resort Oceana Boutique Hotel ‘Amalfi Coast, It Boutiquee Hotel sek ie ‘Apply Fi A sonique hot boutique hotel with mac with more beauticial Map View Wn cal Geto UPGRADE TO a g2MIMME EXPLORER BUNDLE ‘Amalfi Coast, Italy ard mammonier, bookips, a Add breakfast & uae Classic Suite $380irion HF atportvarserfor ¥e0 ay Sancicdfoertos Hee WG Guest Reviews Standard amenities v Framing room Pea Axportbooking Private room fins cee yi $455 /night v Exitramd amenit ne tin [_setsctansicroom | SECURE BUNDLE & CONTINUE ac Guest reviews",misdirection,,sian ae destinations experiences curated stays flights blo find bookings 7 journeys aie th he 3 ae find your perfect haven discover stays curated for discernment oat plan my escape ls location amalfi coast italy check in check out dates 09 5 2023 guests 4 aura villa resort oceana boutique hotel amalfi coast it boutiquee hotel sek ie apply fi sonique hot boutique hotel with mac with more beauticial map view wn cal geto upgrade to g2mimme explorer bundle amalfi coast italy ard mammonier bookips add breakfast uae classic suite 380irion hf atportvarserfor e0 ay sancicdfoertos hee wg guest reviews standard amenities framing room pea axportbooking private room fins cee yi 455 night exitramd amenit ne tin setsctansicroom secure bundle continue ac guest reviews
explore_1.png,data\synthetic2\misdirection\explore_1.png,Synthetic,Figma,,"Explore Hotels “Flights«—Trips_-—_Travelers Lisbon, Portugal > Hoteis > Casa Senta Moria > Booking Detolls My Bookings Booking Details Hotel Nome Casa Santa Maria Deeakie Servo ‘entices Total Price rerehti28 What's Included iy Free Wii a - Breokfost Included Deluxe Double Room City View $199.00 Air Conditioning 123 Reviews 24/7 Front Desk Free Porking Payment Summary Total Amount $599.00 Subtotal $549.00 Taxes & Fees $50.00 Promo Code Enter Promo Code Total Due $599.00 Check-in Date Book your next getaway today! Checkout Dote May 20, 2025 May 23, 2025 Room Type Deluxe Double Room Premium Suite $249.00 King Size Bed MiniBor Jacuzzi Kimerity Balcony City View Payment Method Card Number Expiry Date Credit Card Biling Dote Nome on Card 123 Reviews Pay $599.00 Poy Later See All $699.00",misdirection,,explore hotels flights trips travelers lisbon portugal hoteis casa senta moria booking detolls my bookings booking details hotel nome casa santa maria deeakie servo entices total price rerehti28 what included iy free wii breokfost included deluxe double room city view 199 00 air conditioning 123 reviews 24 7 front desk free porking payment summary total amount 599 00 subtotal 549 00 taxes fees 50 00 promo code enter promo code total due 599 00 check in date book your next getaway today checkout dote may 20 2025 may 23 2025 room type deluxe double room premium suite 249 00 king size bed minibor jacuzzi kimerity balcony city view payment method card number expiry date credit card biling dote nome on card 123 reviews pay 599 00 poy later see all 699 00
jetbreeze_1.jpg,data\synthetic2\misdirection\jetbreeze_1.jpg,Synthetic,Figma,,De at a ® setBreeze Flights Hotels Traveler Insigh's About Us ec» Home > Hotel Search > Hotel Marigold > Payment Complete Your Booking Booking Amount $580.00 g Taxes & Fees $25.95 3 os Hotel Morigold Promo Code Totol Amount Due $605.95 4 i \* Poy with Credit Card |B ryt te wh 4750 © Free WiFi © 24-hour Front Desk = Deluxe Room 47150 f Executive Suite «4750 Breokfosinchaded Breokfast Included King Bed King Bod = Min Bor F Mini Bor Balcony Boeony $185 pee right $185 per night Ready to Book? Book now and get early-bird discount! Explore Europe’s Hidden Gems,misdirection,,de at setbreeze flights hotels traveler insigh about us ec home hotel search hotel marigold payment complete your booking booking amount 580 00 taxes fees 25 95 3 os hotel morigold promo code totol amount due 605 95 4 poy with credit card ryt te wh 4750 free wifi 24 hour front desk deluxe room 47150 executive suite 4750 breokfosinchaded breokfast included king bed king bod min bor mini bor balcony boeony 185 pee right 185 per night ready to book book now and get early bird discount explore europe hidden gems
journey_1.jpg,data\synthetic2\misdirection\journey_1.jpg,Synthetic,Figma,,G& Journeyseek Explore Destinations Hotels. “Fights--—“Vecation Packoges —_Trovel Blog login Q Available Rooms Deluxe Room 9250 Classis Cuite 5300 Executh tone Kg Red Erect been Be Bedcony Baeony Cry Vw hy Vw Cryo Briarwood Manor 47 © 7 $250/night ei Nearby Attractions Free Wii ! 15 min walk to cy centr 5 Mise oC Room Details cA] kngsisebed A) tary Popular Amenitiess EE Balcony EX Airconditioning x © e Ss & weiter Dy Weevison Free WiFi Breokfast included Pool Gyn Q desk & choie 0D Cofevision Payment Summary Booking Details ‘Subtolo! $600.00 Guests Children Taxes & Fees ‘$50.00 2 2 v o Total $650.00 Terms Conditions Check-in ‘Check-out leech jee ~ Select Payment Method ee Fae,misdirection,,journeyseek explore destinations hotels fights vecation packoges trovel blog login available rooms deluxe room 9250 classis cuite 5300 executh tone kg red erect been be bedcony baeony cry vw hy vw cryo briarwood manor 47 7 250 night ei nearby attractions free wii 15 min walk to cy centr 5 mise oc room details ca kngsisebed tary popular amenitiess ee balcony ex airconditioning ss weiter dy weevison free wifi breokfast included pool gyn desk choie 0d cofevision payment summary booking details subtolo 600 00 guests children taxes fees 50 00 2 2 total 650 00 terms conditions check in check out leech jee select payment method ee fae
journey_2.jpg,data\synthetic2\misdirection\journey_2.jpg,Synthetic,Figma,,"SJ sournex Home Trips Hotels Flights. Vacafion Rentals Trawellnauronce Blog Enjoy 20% off first stay! Book Your Stay OY na be MS stay! Where? Check-in Date Check-out Date City, Hotel Nome, Landmark Today Tomorrow Find Hotels ‘Advonced Search Your Booking Summary ae Hotel Name Location Check out Date ‘Sunny Breeze Resort Villoge Ocean View Room April 27, 2024 Vaakere Beach, sland Porodise Che aDce TRIPS April 25, 2024 April 25, 2024 $280 Select Payment Method Credit Cord lv} PoyPol $296.40 Choose Your Room i Filter Results Price Deluxe Ocean View Room Deluxe Garden View Room Deluxe Pool View Room Froe Wie Free Wh Free WHR Amenities 4.B Solow Rleony Ocean View AT Soleory Gordery View 49° Beleony Buleony Pool View Free Wi-Fi Breokfos! Included aie Leama Ait Conditioning Boleony Don't miss our weekend getowoy deals! Apply Filters ‘Terms-& Conditions Privacy Polley",misdirection,,sj sournex home trips hotels flights vacafion rentals trawellnauronce blog enjoy 20 off first stay book your stay oy na be ms stay where check in date check out date city hotel nome landmark today tomorrow find hotels advonced search your booking summary ae hotel name location check out date sunny breeze resort villoge ocean view room april 27 2024 vaakere beach sland porodise che adce trips april 25 2024 april 25 2024 280 select payment method credit cord lv poypol 296 40 choose your room filter results price deluxe ocean view room deluxe garden view room deluxe pool view room froe wie free wh free whr amenities 4 solow rleony ocean view at soleory gordery view 49 beleony buleony pool view free wi fi breokfos included aie leama ait conditioning boleony don miss our weekend getowoy deals apply filters terms conditions privacy polley
journey_3.jpg,data\synthetic2\misdirection\journey_3.jpg,Synthetic,Figma,,"JourneyScape Home About Destinations Blog Contact tog in New York City Book Your Stay New York City Mon, Aug 22 Tho, Aug 23 2aduhs View All Continue Skip Hotel Marigold , bay Deluxe Suite ‘Your pate snccery wth nota ews and ios ment a ¥ King sizo bed Y Balrony wth ety view Y Free W.Fi Y Mon ber $399/right Book Now Location 123 Grand Street, New York, NY 10012 Overview Room Amenitie Welcome to Hotel Marigold, nestied in the heart of offering luxurious acommodations and unparalleled Standard Room ‘A comforabe stay wth eset amenities ~~ ove or wio beds Premium Services Available Y Basi amenities v Frovon es : $149/night peg ul es > Your Next Adventure Starts Here! Book now and enjoy exclusive discounts on select packages.",misdirection,,journeyscape home about destinations blog contact tog in new york city book your stay new york city mon aug 22 tho aug 23 2aduhs view all continue skip hotel marigold bay deluxe suite your pate snccery wth nota ews and ios ment king sizo bed balrony wth ety view free fi mon ber 399 right book now location 123 grand street new york ny 10012 overview room amenitie welcome to hotel marigold nestied in the heart of offering luxurious acommodations and unparalleled standard room comforabe stay wth eset amenities ove or wio beds premium services available basi amenities frovon es 149 night peg ul es your next adventure starts here book now and enjoy exclusive discounts on select packages
lumina.jpg,data\synthetic2\misdirection\lumina.jpg,Synthetic,Figma,,"Luminary Escapes Travelin Style Hotels Flights Packages Vacations Travel Tips Discover Your Next Getaway Book your next stay now and enjoy up to 25% off View Deals Find Your Perfect Stay Book a Package ‘Add fights, trans Book a Room Check-out Select Package Type aar Popular Ameni Free WIFI =} SpaServices a Poot Pool Access os: ) Pos ) @ Riverside City Riverside City Room Detalis Riverside Inn 4.7 ‘Recommended as Harmony Hotel Deluxe King Suite $250 per night tandard Queen Room $190 per night Executive Suite $230 per night Delove Suite View Detalis ‘Queen Bed Book Now",misdirection,,luminary escapes travelin style hotels flights packages vacations travel tips discover your next getaway book your next stay now and enjoy up to 25 off view deals find your perfect stay book package add fights trans book room check out select package type aar popular ameni free wifi spaservices poot pool access os pos riverside city riverside city room detalis riverside inn 4 7 recommended as harmony hotel deluxe king suite 250 per night tandard queen room 190 per night executive suite 230 per night delove suite view detalis queen bed book now
misdirection1.png,data\synthetic2\misdirection\misdirection1.png,Synthetic,Figma,,"Destinations Hotels Experiences Magazine ©) VeranoEscapes %* MOST POPULAR SIGNATURE SUITE Panoramic Caldera Suite 62m? Ocean View King Bed [)Balcony ¥ Jacuzzi Free WiFi Infinity Pool | BreakfastIncl. Airport Transfer Daily Spa Credit Butler Service V Free cancellation until Aug 10 - No prepayment needed €489 Save 21% -7 nights: €3,423 1 / 2 photos 9.4 Vv Suite Selected 4 Panoramic Caldera Suite Aug 14, 2026 Aug 21, 2026 7 nights 2 adults Room rate €489 x 7 Discount applied -€917 Total €3,423 Continue to Details — Sign In",misdirection,,destinations hotels experiences magazine veranoescapes most popular signature suite panoramic caldera suite 62m ocean view king bed balcony jacuzzi free wifi infinity pool breakfastincl airport transfer daily spa credit butler service free cancellation until aug 10 no prepayment needed 489 save 21 7 nights 3 423 1 2 photos 9 4 suite selected 4 panoramic caldera suite aug 14 2026 aug 21 2026 7 nights 2 adults room rate 489 7 discount applied 917 total 3 423 continue to details sign in
misdirection10.png,data\synthetic2\misdirection\misdirection10.png,Synthetic,Figma,,"Experiences Wellness Ski & Snow £4 | Cairnhaus Stays €249 / night balcony and a crackling fireplace. 46 m? 2guests Panoramic balcony Welcome aperitivo Premium Wi-Fi €499 €429 night aT hy OPES summit chalet Suite Light-filled room with oak furnishings and a valley outlook. (3 28m? & 2guests @ FreeWi-Fi & Rainshower Pine Signature Suite Our most-loved suite — floor-to-ceiling Dolomiti views, private © Nespresso bar Select Private fireplace Daily spa access Soaking tub Selected @EN-EUR © Your booking Pine Signature Suite 46 m?- 2 guests 1 . €429 x 2 nights City tax Service fee Total Account & €858 €16 €29 €903 Continue to guest details ic) needed Free cancellation until 10 Sep - No prepayment © Prices include VAT. Taxes and fees are shown above.",misdirection,,experiences wellness ski snow 4 cairnhaus stays 249 night balcony and crackling fireplace 46 2guests panoramic balcony welcome aperitivo premium wi fi 499 429 night at hy opes summit chalet suite light filled room with oak furnishings and valley outlook 3 28m 2guests freewi fi rainshower pine signature suite our most loved suite floor to ceiling dolomiti views private nespresso bar select private fireplace daily spa access soaking tub selected en eur your booking pine signature suite 46 2 guests 1 429 2 nights city tax service fee total account 858 16 29 903 continue to guest details ic needed free cancellation until 10 sep no prepayment prices include vat taxes and fees are shown above
misdirection11.png,data\synthetic2\misdirection\misdirection11.png,Synthetic,Figma,,"Cardholder name Marta Ribeiro Card number Price summary 4921 9932 0041 5580 €128 x 4 nights €512 Taxes & city fee €61 Expiry ove Service fee €24 09/28 eee Total €597 ~ Includes all taxes and fees Complete your stay with a River-View Junio! @ Free cancellation until 9 Jun. You won't be charged Upgrade to a spacious suite with a private balcony over the Tagus, premium until check-in. bedding, and daily breakfast for two. Only a few left for your dates. v Balcony &river view / Breakfast included ./ Late checkout +€145 for your whole stay + Add to my booking Ne S connnminectancy Rua do Salvador 22 - 6 min walk to Miradouro de Santa Luzia © By confirming you agree to the rate rules and cancellation policy. ©sSLsecured ¥¥ Best price guarantee © 2026 Marefare Coastal Stays, Lda. - Lisbon, Portugal Terms Privacy Cancellation policy Help centre",misdirection,,cardholder name marta ribeiro card number price summary 4921 9932 0041 5580 128 4 nights 512 taxes city fee 61 expiry ove service fee 24 09 28 eee total 597 includes all taxes and fees complete your stay with river view junio free cancellation until 9 jun you won be charged upgrade to spacious suite with private balcony over the tagus premium until check in bedding and daily breakfast for two only few left for your dates balcony river view breakfast included late checkout 145 for your whole stay add to my booking ne connnminectancy rua do salvador 22 6 min walk to miradouro de santa luzia by confirming you agree to the rate rules and cancellation policy sslsecured best price guarantee 2026 marefare coastal stays lda lisbon portugal terms privacy cancellation policy help centre
misdirection12.png,data\synthetic2\misdirection\misdirection12.png,Synthetic,Figma,,"Sunveil Trips Destinations Offers | My Bookings ESCAPES My Bookings > Amaya Reef Villas > Cancel & Refund Booking reference SV-70418823. Review your options below, then confirm your cancellation. Most requests are processed within a few business days. we & W & & 49-Reef Deluxe Confirmed Amaya Reef Villas © Nusa Dua, Bali, Indonesia Check-in Check-out G Nights 2 Guests 12 Aug 2026 17 Aug 2026 5 2 adults 3 BETTER THAN A REFUND Keep your escape — reschedule & get 15% travel credit Instead of cancelling, move your dates for free and we'll add a $186 travel credit to your wallet, redeemable on spa, dining, and future stays. No cancellation fees apply when you reschedule. € Instant credit @ Zero change fee © Flexible dates Reschedule & claim my credit > @ Help @ Priya N. Refund summary Amount paid $1,240.00 Cancellation fee -$248.00 Service charge -$39.00 Estimated refund $953.00 REFUND TO @ Sunveil travel credit Instant - +$47 bonus O ~— Original card Visa ~-4471 - 7-10 days C Confirm cancellation ) By confirming you agree to the applicable refund conditions.",misdirection,,sunveil trips destinations offers my bookings escapes my bookings amaya reef villas cancel refund booking reference sv 70418823 review your options below then confirm your cancellation most requests are processed within few business days we 49 reef deluxe confirmed amaya reef villas nusa dua bali indonesia check in check out nights 2 guests 12 aug 2026 17 aug 2026 5 2 adults 3 better than refund keep your escape reschedule get 15 travel credit instead of cancelling move your dates for free and we ll add 186 travel credit to your wallet redeemable on spa dining and future stays no cancellation fees apply when you reschedule instant credit zero change fee flexible dates reschedule claim my credit help priya refund summary amount paid 1 240 00 cancellation fee 248 00 service charge 39 00 estimated refund 953 00 refund to sunveil travel credit instant 47 bonus original card visa 4471 7 10 days confirm cancellation by confirming you agree to the applicable refund conditions
misdirection13.png,data\synthetic2\misdirection\misdirection13.png,Synthetic,Figma,,"Sunveil Trips Destinations Offers My Bookings ® Help @ Priya N. ESCAPES My Bookings > Amaya Reef Villas > Cancel & Refund Keep your escape — reschedule & get 15% travel credit Refund summary | Instead of cancelling, move your dates for free and we'll add a $186 travel Amount paid $1,240.00 credit to your wallet, redeemable on spa, dining, and future stays. No cancellation fees apply when you reschedule. Cancellation fee $248.00 Service charge -$39.00 f§ Instant credit @ Zero change fee © Flexible dates 9 $ / | Estimated refund $953.00 Reschedule & claim my credit > REFUND TO © Sunveil travel credit | Instant - +$47 bonus Reason for cancellation le) Original card Visa --4471 - 7-10 days C Confirm cancellation ) By confirming you agree to the applicable refund conditions. Optional — this helps us improve. Change of plans Found a better price Travel restrictions Booked by mistake © Secure request - Sunveil Escapes @ Refund conditions & policy details v",misdirection,,sunveil trips destinations offers my bookings help priya escapes my bookings amaya reef villas cancel refund keep your escape reschedule get 15 travel credit refund summary instead of cancelling move your dates for free and we ll add 186 travel amount paid 1 240 00 credit to your wallet redeemable on spa dining and future stays no cancellation fees apply when you reschedule cancellation fee 248 00 service charge 39 00 instant credit zero change fee flexible dates 9 estimated refund 953 00 reschedule claim my credit refund to sunveil travel credit instant 47 bonus reason for cancellation le original card visa 4471 7 10 days confirm cancellation by confirming you agree to the applicable refund conditions optional this helps us improve change of plans found better price travel restrictions booked by mistake secure request sunveil escapes refund conditions policy details
misdirection14.png,data\synthetic2\misdirection\misdirection14.png,Synthetic,Figma,,"Choose your experience MOST CHOSEN Signature Suite $1,180 jig Private terrace & pool Personal concierge Chauffeur transfer Reserve now",misdirection,,choose your experience most chosen signature suite 1 180 jig private terrace pool personal concierge chauffeur transfer reserve now
misdirection15.png,data\synthetic2\misdirection\misdirection15.png,Synthetic,Figma,,WanderNest Lisbon | Mar 1 5 | 2guests EUR € 248 stays in Lisbon Top rated stay The Marigold Grand Chiado - City view - Rooftop pool 3) * 4.9 - 2140 reviews €3 89 View deal /night Poppy Inn ‘Cedar Rooms Blue Door B&B * 43-210 41-156 % 44-302 €74 €61 €88,misdirection,,wandernest lisbon mar 1 5 2guests eur 248 stays in lisbon top rated stay the marigold grand chiado city view rooftop pool 3 4 9 2140 reviews 3 89 view deal night poppy inn cedar rooms blue door 43 210 41 156 44 302 74 61 88
misdirection16.png,data\synthetic2\misdirection\misdirection16.png,Synthetic,Figma,,"Harbour House by the Bay Old Town - * 4,7 (890 reviews) Harbour Premium Suite $310 riche V Verified Property ¥ Free cancellation v Best Price Guarantee _V Secure booking Book Classic Double Room $142 jig City-side room, 22 m?, queen bed. Select room",misdirection,,harbour house by the bay old town 4 7 890 reviews harbour premium suite 310 riche verified property free cancellation best price guarantee secure booking book classic double room 142 jig city side room 22 queen bed select room
misdirection17.png,data\synthetic2\misdirection\misdirection17.png,Synthetic,Figma,,nordvik. Standard Room GUEST FAVOURITE Fjord Deluxe Suite 40 m?- king bed - private balcony - saur,misdirection,,nordvik standard room guest favourite fjord deluxe suite 40 king bed private balcony saur
misdirection18.png,data\synthetic2\misdirection\misdirection18.png,Synthetic,Figma,,nordvik. Step 2 of 4 - Select your room Standard Room GUEST FAVOURITE Fjord Deluxe Suite 40 m?- king bed - private balcony - sauna,misdirection,,nordvik step 2 of 4 select your room standard room guest favourite fjord deluxe suite 40 king bed private balcony sauna
misdirection19.png,data\synthetic2\misdirection\misdirection19.png,Synthetic,Figma,,TripHarbor Who's checking in? First name Last name Email address Phone number Flexible booking protection + $24.00 Priority room assignment + $15.00 Carbon offset contribution + $6.50,misdirection,,tripharbor who checking in first name last name email address phone number flexible booking protection 24 00 priority room assignment 15 00 carbon offset contribution 6 50
misdirection2.png,data\synthetic2\misdirection\misdirection2.png,Synthetic,Figma,,"Destinations Hotels Experiences Magazine ©) VeranoEscapes %* MOST POPULAR SIGNATURE SUITE Panoramic Caldera Suite 62m? Ocean View King Bed [)Balcony ¥ Jacuzzi Free WiFi Infinity Pool | BreakfastIncl. Airport Transfer Daily Spa Credit Butler Service V Free cancellation until Aug 10 - No prepayment needed €489 Save 21% -7 nights: €3,423 1 / 2 photos 9.4 Vv Suite Selected 4 Panoramic Caldera Suite Aug 14, 2026 Aug 21, 2026 7 nights 2 adults Room rate €489 x 7 Discount applied -€917 Total €3,423 Continue to Details — Sign In",misdirection,,destinations hotels experiences magazine veranoescapes most popular signature suite panoramic caldera suite 62m ocean view king bed balcony jacuzzi free wifi infinity pool breakfastincl airport transfer daily spa credit butler service free cancellation until aug 10 no prepayment needed 489 save 21 7 nights 3 423 1 2 photos 9 4 suite selected 4 panoramic caldera suite aug 14 2026 aug 21 2026 7 nights 2 adults room rate 489 7 discount applied 917 total 3 423 continue to details sign in
misdirection20.png,data\synthetic2\misdirection\misdirection20.png,Synthetic,Figma,,"VOYAGIO Review your booking Azure Bay Resort — Deluxe Ocean Room Fri, Apr 4 > Mon, Apr 7 - 3 nights - 2 adults Free cancellation before Apr 1 Room (3 nights) $540.00 Taxes & fees $68.40 Total $608.40 LIMITED OFFER Upgrade to a Suite for just $59 more! r room Confirm & continu Yes, upgrade my stay No thar",misdirection,,voyagio review your booking azure bay resort deluxe ocean room fri apr 4 mon apr 7 3 nights 2 adults free cancellation before apr 1 room 3 nights 540 00 taxes fees 68 40 total 608 40 limited offer upgrade to suite for just 59 more room confirm continu yes upgrade my stay no thar
misdirection21.png,data\synthetic2\misdirection\misdirection21.png,Synthetic,Figma,,"NOCTURNE Secure checkout Payment method Grand Meridian Tower . Subtotal $412.00 NocturnePay-+ - Instant confirmation oo . . NocturnePay+ $9.99 Priority support, price-lock, 2% travel rewards. +$9.99 service fee. Total $421.99 Credit / debit card Bank transfer (no fee)",misdirection,,nocturne secure checkout payment method grand meridian tower subtotal 412 00 nocturnepay instant confirmation nocturnepay 9 99 priority support price lock 2 travel rewards 9 99 service fee total 421 99 credit debit card bank transfer no fee
misdirection22.png,data\synthetic2\misdirection\misdirection22.png,Synthetic,Figma,,Meridian Stay Choose how to pay Pay with MeridianWallet Earn 500 points « 1-tap : fully protected Credit or debit card PayPal Amount due $276.30,misdirection,,meridian stay choose how to pay pay with meridianwallet earn 500 points 1 tap fully protected credit or debit card paypal amount due 276 30
misdirection23.png,data\synthetic2\misdirection\misdirection23.png,Synthetic,Figma,,B SkyRoost Almost done — please confirm Palm Court Hotel - Standard King May 9 - 12 - 3 nights Total $498.00 Make it a King Suite for +$45/night pcniiegrede) Living area - free minibar - panoramic view Confirm original booking,misdirection,,skyroost almost done please confirm palm court hotel standard king may 9 12 3 nights total 498 00 make it king suite for 45 night pcniiegrede living area free minibar panoramic view confirm original booking
misdirection24.png,data\synthetic2\misdirection\misdirection24.png,Synthetic,Figma,,"StayLoop Cancel your reservation? You're about to cancel Lakeside Lodge, Jun 2 — 5. If you cancel now you may lose your special rate. Keep your booking and get a $30 dining credit added instantly. Keep my booking & get cre",misdirection,,stayloop cancel your reservation you re about to cancel lakeside lodge jun 2 5 if you cancel now you may lose your special rate keep your booking and get 30 dining credit added instantly keep my booking get cre
misdirection25.png,data\synthetic2\misdirection\misdirection25.png,Synthetic,Figma,,GlobeGate Refunds Refund approved $212.00 will be returned to your card within 5-7 business days. Since you're here — travellers also loved = Imperial Palm Resort Skyline Grand The Opulent $540 jnight $610 snight $720 jnight Book now Book now Book now,misdirection,,globegate refunds refund approved 212 00 will be returned to your card within 5 7 business days since you re here travellers also loved imperial palm resort skyline grand the opulent 540 jnight 610 snight 720 jnight book now book now book now
misdirection26.png,data\synthetic2\misdirection\misdirection26.png,Synthetic,Figma,,"Corvex Business Travel Invoice #IN Billed to Issued Apr 18 Northwind Ltd. Due May 2 Description Amount Room - Executive - 4 nights $860.00 City tax $36.00 @ Concierge & airport lounge package $78.00 @ Premium travel insurance $54.00 Total due $1,028.00",misdirection,,corvex business travel invoice in billed to issued apr 18 northwind ltd due may 2 description amount room executive 4 nights 860 00 city tax 36 00 concierge airport lounge package 78 00 premium travel insurance 54 00 total due 1 028 00
misdirection27.png,data\synthetic2\misdirection\misdirection27.png,Synthetic,Figma,,ELYSTRA CLUB Free $0 Standard rate: Email support Stay free MOST POPULAR Gold Elite Up to 30% off stays Free room upgrades 24/7 concierge Lounge access Join Gold Elite ———— Choose your membership Silver $9/mo Up to 10% off Priority suppor Choose Silver,misdirection,,elystra club free 0 standard rate email support stay free most popular gold elite up to 30 off stays free room upgrades 24 7 concierge lounge access join gold elite choose your membership silver 9 mo up to 10 off priority suppor choose silver
misdirection28.png,data\synthetic2\misdirection\misdirection28.png,Synthetic,Figma,,"JetLark SFO — NRT - Sat, Jun 14 08:20 — 13:45 Nonstop - 10h 25m - JetLark 088 Basic $612 No seat choice Carry-on only Select Standard $744 Seat choice 1 checked bag Select Choose a fare RECOMMENDED",misdirection,,jetlark sfo nrt sat jun 14 08 20 13 45 nonstop 10h 25m jetlark 088 basic 612 no seat choice carry on only select standard 744 seat choice 1 checked bag select choose fare recommended
misdirection29.png,data\synthetic2\misdirection\misdirection29.png,Synthetic,Figma,,"TerraTrips What's included Flights included 5-star hotel Private transfers Daily excursions Personal guide Spa credit Saver $1,190 Pick Comfort $1,680 Pick Bali - 6 nights Signature $2,940 BEST VALUE v v Choose Signature",misdirection,,terratrips what included flights included 5 star hotel private transfers daily excursions personal guide spa credit saver 1 190 pick comfort 1 680 pick bali 6 nights signature 2 940 best value choose signature
misdirection3.png,data\synthetic2\misdirection\misdirection3.png,Synthetic,Figma,,"©) VeranoEscapes Destinations Hotels Experiences Magazine 62m? Ocean View King Bed E)Balcony g Jacuzzi Free WiFi Infinity Pool | Breakfast Incl. Airport Transfer Daily Spa Credit | Butler Service Y Free cancellation until Aug 10 - No prepayment needed €489 & fees incl. Save 21% - 7 nights: €3,423 @ Secure Booki Sign In YOUR SELECTION , > > Panoramic Caldera Suite €489/night X ) Check-in Aug 14, 2026 Check-out Aug 21, 2026 v Suite Selected Classic Garden Room €189 @ Ine ‘Aethon Suites",misdirection,,veranoescapes destinations hotels experiences magazine 62m ocean view king bed balcony jacuzzi free wifi infinity pool breakfast incl airport transfer daily spa credit butler service free cancellation until aug 10 no prepayment needed 489 fees incl save 21 7 nights 3 423 secure booki sign in your selection panoramic caldera suite 489 night check in aug 14 2026 check out aug 21 2026 suite selected classic garden room 189 ine aethon suites
misdirection30.png,data\synthetic2\misdirection\misdirection30.png,Synthetic,Figma,,"AeroNova PREMIUM CABIN Select your seats Premium seat - Row 1-2 Extra legroom, early boarding, free drink +$59 Standard seat - Row 3-8 Included with fare - +$0",misdirection,,aeronova premium cabin select your seats premium seat row 1 2 extra legroom early boarding free drink 59 standard seat row 3 8 included with fare 0
misdirection31.png,data\synthetic2\misdirection\misdirection31.png,Synthetic,Figma,,TripKart Airport limousine $89 Local SIM (basic) $8 Premium travel insurance $46 City map booklet $3 Enhance your trip Add a,misdirection,,tripkart airport limousine 89 local sim basic 8 premium travel insurance 46 city map booklet 3 enhance your trip add
misdirection32.png,data\synthetic2\misdirection\misdirection32.png,Synthetic,Figma,,Coralline Maldives - 4 nights - 2 guests Reef & Sands Hotel %* 4.5 overwater views $96 night View Coral Bay Villas + 4.9 - overwater views Tidewater Inn * 4.5 - overwater views $78 jnight View,misdirection,,coralline maldives 4 nights 2 guests reef sands hotel 4 5 overwater views 96 night view coral bay villas 4 9 overwater views tidewater inn 4 5 overwater views 78 jnight view
misdirection33.png,data\synthetic2\misdirection\misdirection33.png,Synthetic,Figma,,"Vitrea The Glass Tower Hotel Downtown - * 4.6 (1,203 reviews) Standard City Room Queen bed - 24 m? - city view $168 jnight Reserve Rooms Amenities Map SUGGESTED FOR YOU Sky Penthouse Suite Floor-to-ceiling views - butler - jacuzzi $540 Upgrade my stay",misdirection,,vitrea the glass tower hotel downtown 4 6 1 203 reviews standard city room queen bed 24 city view 168 jnight reserve rooms amenities map suggested for you sky penthouse suite floor to ceiling views butler jacuzzi 540 upgrade my stay
misdirection34.png,data\synthetic2\misdirection\misdirection34.png,Synthetic,Figma,,= Maplewood Hotels Garden Room Standard - 1 queen bed $132 SELECT ROOM XV Executive Suite POPULAR Suite - king bed - lounge access $288 BOOK THIS ROOM,misdirection,,maplewood hotels garden room standard 1 queen bed 132 select room xv executive suite popular suite king bed lounge access 288 book this room
misdirection35.png,data\synthetic2\misdirection\misdirection35.png,Synthetic,Figma,,Journ+ Complete your booking Cardholder name Card number MM / YY CVC Room total $318.00 Due today $318.00 ADD & SAVE INSTANTLY Join Journ+ Premium Save $48 on this booking + free upgrades all year. @ Add for $19/mo,misdirection,,journ complete your booking cardholder name card number mm cvc room total 318 00 due today 318 00 add save instantly join journ premium save 48 on this booking free upgrades all year add for 19 mo
misdirection36.png,data\synthetic2\misdirection\misdirection36.png,Synthetic,Figma,,"Verdanta Escapes Costa Rica CHEF'S CHOICE Signature Rainforest Retreat c $2,450 Private villa - guided tours - all meals - Explorer spa Comfort $980 ss10 | Choose Choose",misdirection,,verdanta escapes costa rica chef choice signature rainforest retreat 2 450 private villa guided tours all meals explorer spa comfort 980 ss10 choose choose
misdirection37.png,data\synthetic2\misdirection\misdirection37.png,Synthetic,Figma,,"Altair Business g review UPGRADE TO BUSINESS Flight AB412 - Economy Lie-flat seat, lounge, fast track London (LHR) — Frankfurt (FRA) +£340 Tue, Jul 8 - 07:10 — 09:55 - 1h 45m Upgrade now Fare £184.00 ADD PREMIUM ECONOMY Continue Extra legroom & priority +£120 Add upgrade",misdirection,,altair business review upgrade to business flight ab412 economy lie flat seat lounge fast track london lhr frankfurt fra 340 tue jul 8 07 10 09 55 1h 45m upgrade now fare 184 00 add premium economy continue extra legroom priority 120 add upgrade
misdirection38.png,data\synthetic2\misdirection\misdirection38.png,Synthetic,Figma,,Beacon Add extras to your trip Breakfast - $14 Add Complete Comfort Bundle - SAVE20% Airport transfer + breakfast + late checkout + insurance $74 <2 Airport transfer - $28 Add Late checkout - $18 Add,misdirection,,beacon add extras to your trip breakfast 14 add complete comfort bundle save20 airport transfer breakfast late checkout insurance 74 2 airport transfer 28 add late checkout 18 add
misdirection4.png,data\synthetic2\misdirection\misdirection4.png,Synthetic,Figma,,"Horizn aries Stays Journeys CuratedLists About I don't know % Check-in from 15:00: Check-: Preferences & Agreements partners. lagree to the Booking Term: 's & Conditions and Privacy P Flying in out by 11:00 - Late arrivals: please call ahead Send me personalised travel offers, destination inspiration, and exclusive member rates from Horizn Atlas and selected Continue to Payment > 6 256-bit SSL- Your payment data is never stored | Powered by Stripe @ Booking reserved for 09:47 Total NOK15,810 = €1,380 - taxes incl LOCATION A sieres tose Stavanger (SVG)—2h15min 4 Stavanger — 3h 30min a 2 * Secure Free cancel Verified 24h support Hi",misdirection,,horizn aries stays journeys curatedlists about don know check in from 15 00 check preferences agreements partners lagree to the booking term conditions and privacy flying in out by 11 00 late arrivals please call ahead send me personalised travel offers destination inspiration and exclusive member rates from horizn atlas and selected continue to payment 6 256 bit ssl your payment data is never stored powered by stripe booking reserved for 09 47 total nok15 810 1 380 taxes incl location sieres tose stavanger svg 2h15min 4 stavanger 3h 30min 2 secure free cancel verified 24h support hi
misdirection5.png,data\synthetic2\misdirection\misdirection5.png,Synthetic,Figma,,"Ae Driftline Hotels Santorini, Greece - Aug 14-19 - 2 guests My Trips — Sign In 2 Select Room 3 © Oia, Santorini, Greece Ae ean Crest Suites (1,284 reviews) Travelers’ Choice 2024 —_ Exceptional Staff Your Booking Summary Aegean Crest Suites - Santorini CHECK-IN CHECK-OUT Aug 14, Wed Aug 19, Mon 5 Nights - 2 Adults Caldera View Plunge Pool Suite 1 room - King bed - Sea View Filter Rooms: All Rooms @ Sea View Pool Access Accessible Sort by: Recommended v Room Rate (5 nights) $1,945 20% Member Discount -$389 Caldera View Plunge Pool Suite",misdirection,,ae driftline hotels santorini greece aug 14 19 2 guests my trips sign in 2 select room 3 oia santorini greece ae ean crest suites 1 284 reviews travelers choice 2024 exceptional staff your booking summary aegean crest suites santorini check in check out aug 14 wed aug 19 mon 5 nights 2 adults caldera view plunge pool suite 1 room king bed sea view filter rooms all rooms sea view pool access accessible sort by recommended room rate 5 nights 1 945 20 member discount 389 caldera view plunge pool suite
misdirection6.png,data\synthetic2\misdirection\misdirection6.png,Synthetic,Figma,,"Ae Driftline Hotels Santorini, Greece - Aug 14-19 - 2 guests My Trips — Sign In Ug Yeu! Hug 1; Mon Cycladic Honeymoon Suite (0) 5 Nights - 2 Adults King bed - 68m? - Max 2 guests - Panoramic Sea View - Private Pool v WiFi v AC v Breakfast v SpaAccess v Butler Service . Caldera View Plunge Pool Suite Free cancellation before Aug 12 1 room - King bed - Sea View $512 per night = LIMITED DEAL — 20% OFF APPLIED! Select This Room Total: $2,566 $2,048 Your exclusive member discount has been automatically applied View All Deals 2 Rooms Left Blue Dome Deluxe Room (o) Queen bed - 38m? - Max 2 guests - Partial Sea View Room Rate (5 nights) $1,945 v WiFi v AC v Breakfast Extra 20% Member Discount -$389 X Non-refundable Resort Fee ($42/night x 5) $210 $247 per night Service Charge (3%) $233 Total: $1,235 otek Sty Tourism Tax $78 Total $2,077 Hotel Amenities * Resort Fee and Service Charge are collected at property. Not included in the member discount. 2 Infinity Pool Private Beach #8 Full Spa 44 Fine Dining Prices shown in USD. Exchange rates may vary.",misdirection,,ae driftline hotels santorini greece aug 14 19 2 guests my trips sign in ug yeu hug 1 mon cycladic honeymoon suite 0 5 nights 2 adults king bed 68m max 2 guests panoramic sea view private pool wifi ac breakfast spaaccess butler service caldera view plunge pool suite free cancellation before aug 12 1 room king bed sea view 512 per night limited deal 20 off applied select this room total 2 566 2 048 your exclusive member discount has been automatically applied view all deals 2 rooms left blue dome deluxe room queen bed 38m max 2 guests partial sea view room rate 5 nights 1 945 wifi ac breakfast extra 20 member discount 389 non refundable resort fee 42 night 5 210 247 per night service charge 3 233 total 1 235 otek sty tourism tax 78 total 2 077 hotel amenities resort fee and service charge are collected at property not included in the member discount 2 infinity pool private beach 8 full spa 44 fine dining prices shown in usd exchange rates may vary
misdirection7.png,data\synthetic2\misdirection\misdirection7.png,Synthetic,Figma,,"® WanderMint Sort by: Our Top Picks v Price Range: $80-$900 47 properties in Reykjavik D 5 nights - 2 g Exceptional Stars: kv Q. Reykjavik, Iceland - Dec 2-7 - 2 guests Zz Explore My Trips (AM Signin Guest Rating: 8+ v Price Range $80-$900 QummmmQ) @) Breakfast Included @) Free Cancellation Clear filters Aurora Ridge Retreat Reykjavik - 5-star - Geothermal Spa Estate Iceland's most celebrated northern lights retreat — floor-to- ceiling volcanic glass, private geothermal pools, and nightly aurora experiences curated by our expert guides. 4 Geothermal Pool Q Breakfast Incl. % Free Cancel & Airport Transfer Wine Cellar 9.7 - Exceptional (2,841 revie\ - . AB9 iri Tota rights: View on Map Aurora Ridge Showing properties within 12km of Reykjavik Center",misdirection,,wandermint sort by our top picks price range 80 900 47 properties in reykjavik 5 nights 2 exceptional stars kv reykjavik iceland dec 2 7 2 guests explore my trips am signin guest rating 8 price range 80 900 qummmmq breakfast included free cancellation clear filters aurora ridge retreat reykjavik 5 star geothermal spa estate iceland most celebrated northern lights retreat floor to ceiling volcanic glass private geothermal pools and nightly aurora experiences curated by our expert guides 4 geothermal pool breakfast incl free cancel airport transfer wine cellar 9 7 exceptional 2 841 revie ab9 iri tota rights view on map aurora ridge showing properties within 12km of reykjavik center
misdirection8.png,data\synthetic2\misdirection\misdirection8.png,Synthetic,Figma,,"One-time payment - No processing fees Saves $48 vs installment plan Card details Complete your payment securely Card Number 4242 4242 4242 4242 Expiry MM/YY MM/YY Name on Card Alex Morgan ing Address Enter billing address © 256-bit SSL encryption - PCI DSS compliant VISA mastercard cv AMERICAN EXPRESS us v © Pay Shibuya Lumiére Hotel Shibuya, Tokyo - 4-star tok IO Check-i Check-out: Nov 17, Sun 5 nights - 2 adults - Superior Deluxe Room Room Rate (5 nights) Early Bird Discount (10%) City Tax Hotel Service Fee Booking Fee Total Taxes calculated in JPY, converted at today's rate Free cancellation until Nov 8 - 9.1/10 Guest Score Y Your room is held for 14:15 TripHarbor © 2024 - Security - Privacy - Terms - help@tripharbor.io 3:00 PM 1:00 AM",misdirection,,one time payment no processing fees saves 48 vs installment plan card details complete your payment securely card number 4242 4242 4242 4242 expiry mm mm name on card alex morgan ing address enter billing address 256 bit ssl encryption pci dss compliant visa mastercard cv american express us pay shibuya lumi re hotel shibuya tokyo 4 star tok io check check out nov 17 sun 5 nights 2 adults superior deluxe room room rate 5 nights early bird discount 10 city tax hotel service fee booking fee total taxes calculated in jpy converted at today rate free cancellation until nov 8 9 1 10 guest score your room is held for 14 15 tripharbor 2024 security privacy terms help tripharbor io 3 00 pm 1 00 am
misdirection9.png,data\synthetic2\misdirection\misdirection9.png,Synthetic,Figma,,"wb TripHarbor 01Search — 02Hotel — 03 Details —- 04 PAYMENT — 05 Confirm STEP 04 / SECURE PAYMENT How would you like to pay? Your booking is held for 13:55 minutes TripHarbor Pay Later | most roruian + Split into 4 interest-free installments 4x $312 Starting today Today Jan 15 Feb 15. Mar 15 $312 $312 $312 $312 Y Nocredit checks ¥ Zero interest Y Flexible dates Y Priority support included Total: 31,248 - A $48 processing fee applies to installment plans @ SSL Encrypted Booking Booking Summary Shibuya Lumiére Hotel Shibuya, Tokyo - 4-star tok IO Check-in: Nov 12, Tue 3:00 PM Check-out: Nov 17, Sun 11:00 AM 5 nights - 2 adults - Superior Deluxe Room Room Rate (5 nights) $1,100 Early Bird Discount (10%) -$n10 City Tax $58 Hotel Service Fee $42 Rooking Fee 110, Need Help?",misdirection,,wb tripharbor 01search 02hotel 03 details 04 payment 05 confirm step 04 secure payment how would you like to pay your booking is held for 13 55 minutes tripharbor pay later most roruian split into 4 interest free installments 4x 312 starting today today jan 15 feb 15 mar 15 312 312 312 312 nocredit checks zero interest flexible dates priority support included total 31 248 48 processing fee applies to installment plans ssl encrypted booking booking summary shibuya lumi re hotel shibuya tokyo 4 star tok io check in nov 12 tue 3 00 pm check out nov 17 sun 11 00 am 5 nights 2 adults superior deluxe room room rate 5 nights 1 100 early bird discount 10 n10 city tax 58 hotel service fee 42 rooking fee 110 need help
nexatrips.jpg,data\synthetic2\misdirection\nexatrips.jpg,Synthetic,Figma,,"A Z NexaTrips Search hotels, flights, and more... Q) Log in M Bookings YE Cort (0) i >) Home > Bookings > Hotel > Booking Details Check Availability Wed, May 22 Hotel Details ee Guest ron Adults 2 Children 0 Wi-Fi Pool Spa tee TOR He 456 reviews View All Reviews Rooms & Pricing Room Type $499 Deluxe Suite * 48 Executive Suite 4 47 Royal Suite wg Tox $49.90 $299 per night $399 per night $499 per night => @ 73 & & & & }— ie “ aE ee FH FreewiFi Al] Breakfast included Poot Access BD Room service a Payment Method Facilties (24-hour front desk (0 Airport shuttle E) bacon eros (Eat BeokNow ) C1 Restourant Laundry services © Porking RP Pook Now D Gym CO Concierge service O Bar",misdirection,,nexatrips search hotels flights and more log in bookings ye cort 0 home bookings hotel booking details check availability wed may 22 hotel details ee guest ron adults 2 children 0 wi fi pool spa tee tor he 456 reviews view all reviews rooms pricing room type 499 deluxe suite 48 executive suite 4 47 royal suite wg tox 49 90 299 per night 399 per night 499 per night 73 ie ae ee fh freewifi al breakfast included poot access bd room service payment method facilties 24 hour front desk 0 airport shuttle bacon eros eat beoknow c1 restourant laundry services porking rp pook now gym co concierge service bar
roamio.jpg,data\synthetic2\misdirection\roamio.jpg,Synthetic,Figma,,"R Roamio _ Destinations ~ Experiences ~ Journal Group Trips Digital Key & Check-in Explore Kyoto Map ie =) sei BSL] Ce Digital key Map @ Satellite 3) cb, Booking Confirmation PDF L "" & A, Insurance Policy 00C 4, Booking Confirmation PDF ‘Sunna: ¥2000 lo 9 Hoshinoya Kyoto Gion: ¥2000 9 cb, Insurance Policy DOC Enhance Your Kyoto Journey | Kiyomizu-dera: ¥400 Hoshinoya View More Places rd Book Private Tea Ceremony _Kaiseki Dinner Reserve Airport Transfer (Special Rate) Your Stay at 'Hoshinoya Kyoto’ Ryokan Room Type ™ - Tsukikusa Villa Garden View » Onsen Tub * Futon beds Amenities Ryokan Dinner Garden Access ® Air Conditioning 2 rch hotels. Q s Search hotels. s Booking Details & Status Trip ID: #RA-4927 Destination: Kyoto, Japan Hotel: 'Hoshinoya Kyoto’ Ryokan Dates: Oct 15-22, 2024 Status: Confirmed & Paid (=) Rey Keep Booking & Manage Trip Need to cancel your booking? Click here. 7 Rating & Review 4.9/5 Read 1,200 Reviews Booking Price Total $3,850 Breakdont -$1750 Total $3,850 View Payment Breakdown ‘Terms & Conditions Privacy Policy",misdirection,,roamio destinations experiences journal group trips digital key check in explore kyoto map ie sei bsl ce digital key map satellite 3 cb booking confirmation pdf insurance policy 00c 4 booking confirmation pdf sunna 2000 lo 9 hoshinoya kyoto gion 2000 9 cb insurance policy doc enhance your kyoto journey kiyomizu dera 400 hoshinoya view more places rd book private tea ceremony kaiseki dinner reserve airport transfer special rate your stay at hoshinoya kyoto ryokan room type tsukikusa villa garden view onsen tub futon beds amenities ryokan dinner garden access air conditioning 2 rch hotels search hotels booking details status trip id ra 4927 destination kyoto japan hotel hoshinoya kyoto ryokan dates oct 15 22 2024 status confirmed paid rey keep booking manage trip need to cancel your booking click here 7 rating review 4 9 5 read 1 200 reviews booking price total 3 850 breakdont 1750 total 3 850 view payment breakdown terms conditions privacy policy
taranova.jpg,data\synthetic2\misdirection\taranova.jpg,Synthetic,Figma,,Q era Nova rave Check-in Date May 20 Check-out Date May 23 Guests 2 Adults Clear Filters Sort By Price Low to High ‘THE PLATINUM SUITE 4 King Bed 2h Room Service $599 Home Flights Activities Blog Contact THE PLATINUM SUITE Your most comfortable stay yet. Grand Palace Hotel $599 / night STANDARD ROOM 1 veen Bed Werk $299 QQ Senin Villa Roma Hotel Grand Palace Hotel 48% © weptire © woomsare © eatuRooH enon sare awa “D 2ukROOM SERVICE MINI BAR sears $599,misdirection,,era nova rave check in date may 20 check out date may 23 guests 2 adults clear filters sort by price low to high the platinum suite 4 king bed 2h room service 599 home flights activities blog contact the platinum suite your most comfortable stay yet grand palace hotel 599 night standard room 1 veen bed werk 299 qq senin villa roma hotel grand palace hotel 48 weptire woomsare eaturooh enon sare awa 2ukroom service mini bar sears 599
terranova.jpg,data\synthetic2\misdirection\terranova.jpg,Synthetic,Figma,,"€@ TerraNova Travels ee ""Serengeti Wildlife Safari sa Reno Dates: Aug 15-22, 2024 = Location: Serengeti National Park, Tanzania Flights Stays Packages Stays Safari Lodge: ‘Cheetah’s Roost’ (Unique hotel name) Activities Cheetah's Roost Choose a room mane Cheetatis lodge. Inspiring Tales Activities Luxury Tent Suite $1,290 per night ) Outdoor shower Jeep Tour includes Book Now Total Price: $4,980 ‘ui ‘Savanna View Bungalow inerary : ‘Aug 15-22, 2024 ‘$2,900 per night Aug 15,2024 € Outdoor shower © Jeep Tour includes Location Serengeti National Park Book Now Tanzania Location ? Serengeti National Park Familly Safari Lodge Tanzania {$1,800 per night 6) Outdoor shower Itinerary © Jeep Tour includes Parol Lodge © Free Wi-Fi Itinerary Book Now Step 1: Acrione booking Step 2: confirmations. Payment and Finalization Payment and Finalization © Payment options PayPal (n tlernal cost card CONFIRM & PAY Modify or Cancel Change of plans? We can help adjust your booking. Cancel Booking iC Search, Special Offer! 15% off Hot Air Balloon rides. lid with bookings is week only) ‘Sey ead %, > ee %, $120right % bs] a Log ‘pwpows Coasts Avene - “3 On - 9 4An ey Coastal rive eo oon Road Refine Your Journey Price 2 _____» $100 $55 Group Size 40 50 Activity Free Wi-Fi Breakfast Included Air Conditioning Balcony Terms & Conditions Privacy Policy",misdirection,,terranova travels ee serengeti wildlife safari sa reno dates aug 15 22 2024 location serengeti national park tanzania flights stays packages stays safari lodge cheetah roost unique hotel name activities cheetah roost choose room mane cheetatis lodge inspiring tales activities luxury tent suite 1 290 per night outdoor shower jeep tour includes book now total price 4 980 ui savanna view bungalow inerary aug 15 22 2024 2 900 per night aug 15 2024 outdoor shower jeep tour includes location serengeti national park book now tanzania location serengeti national park familly safari lodge tanzania 1 800 per night 6 outdoor shower itinerary jeep tour includes parol lodge free wi fi itinerary book now step 1 acrione booking step 2 confirmations payment and finalization payment and finalization payment options paypal tlernal cost card confirm pay modify or cancel change of plans we can help adjust your booking cancel booking ic search special offer 15 off hot air balloon rides lid with bookings is week only sey ead ee 120right bs log pwpows coasts avene 3 on 9 4an ey coastal rive eo oon road refine your journey price 2 100 55 group size 40 50 activity free wi fi breakfast included air conditioning balcony terms conditions privacy policy
voyage.jpg,data\synthetic2\misdirection\voyage.jpg,Synthetic,Figma,,"VoyageBound Destinations Deals Experiences My Bookings Complete Your Booking Trip to Paris Price Breakdown {| Gota Promo Code? Hotel Marais Paris 4.8 Nightly Rate (7 nights) $3,845.00 U I k Taxes & Fees $44.00 ntoc Le Grand Deluxe Room r Booking Fee $32.00 = ge & Sep 12-19, 2024 TRIP TOTAL © Sep 12-19, 2024 2 adults, 2 child $3,845.00 Secret Deals! & GET 10% OFF NOW! Enter your code *Discount applies aftr fll payment.* CENTRAL ) Payment . Credit Card PayPal Paris PP Cardholder Name Card Number fe] Expiration Date cw MM/YYYY B cw v Apply a small $25 carbon offset contribution (recommended) and proceed. { Confirm Without Offset ) Support = Summary © Tokyo, Paris 2% Flights & Hotel Secured © Nightly Rate Sep 12-19, 2024 () Taxes & Fees Sep 12-19, 2024 © Booking Fee Standard Single Room wes ete tte 42) BS we RECENTLY VIEWED HOTELS Hotel Marais Paris tees etek 45) Breakfast Included Air Conditioning RECENTLY VIEWED HOTELS Hotel Marais Paris tee wee 47) Breakfast Included Air Conditioning",misdirection,,voyagebound destinations deals experiences my bookings complete your booking trip to paris price breakdown gota promo code hotel marais paris 4 8 nightly rate 7 nights 3 845 00 taxes fees 44 00 ntoc le grand deluxe room booking fee 32 00 ge sep 12 19 2024 trip total sep 12 19 2024 2 adults 2 child 3 845 00 secret deals get 10 off now enter your code discount applies aftr fll payment central payment credit card paypal paris pp cardholder name card number fe expiration date cw mm yyyy cw apply small 25 carbon offset contribution recommended and proceed confirm without offset support summary tokyo paris 2 flights hotel secured nightly rate sep 12 19 2024 taxes fees sep 12 19 2024 booking fee standard single room wes ete tte 42 bs we recently viewed hotels hotel marais paris tees etek 45 breakfast included air conditioning recently viewed hotels hotel marais paris tee wee 47 breakfast included air conditioning
voyage_2.jpg,data\synthetic2\misdirection\voyage_2.jpg,Synthetic,Figma,,"VoyagerPro Flights Hotels Vacation Packages Car Rentals Discounts Your Trip to Pa © Tokyo, Japan Fiction 6&3 May 18 - May 22 (frerian) & adults, 1child a07% & =z Unlock 10 % [o} Enter Coupon Code: H6tel de la Ville - Paris 48 Hétel de la Ville - Paris is tinnique et! laraen description ata sslanw throoitning hotel. Doen for overroking and comfose and foot Classic Parision. Guest Reviews & ""Jeinnis reviews anmn code with cozy cozy is y aromh of ran room with the haticmom..."""" More... applies to be only. Non-transferable. Subtotal: $1,450.00 Taxes & Fees: $125.00 Hotel Location Total Payable: $1,575.00 9 Map data ©2022 Google Terms of Use ° a iv) Account Favorites Room Type Select City View Deluxe $395 might @ Free Wi-Fi Classic Double $280 night ® Breakfast Superior Suite $550 night @ Breakfast",misdirection,,voyagerpro flights hotels vacation packages car rentals discounts your trip to pa tokyo japan fiction 6 3 may 18 may 22 frerian adults 1child a07 unlock 10 enter coupon code h6tel de la ville paris 48 tel de la ville paris is tinnique et laraen description ata sslanw throoitning hotel doen for overroking and comfose and foot classic parision guest reviews jeinnis reviews anmn code with cozy cozy is aromh of ran room with the haticmom more applies to be only non transferable subtotal 1 450 00 taxes fees 125 00 hotel location total payable 1 575 00 9 map data 2022 google terms of use iv account favorites room type select city view deluxe 395 might free wi fi classic double 280 night breakfast superior suite 550 night breakfast
wanderlust.jpg,data\synthetic2\misdirection\wanderlust.jpg,Synthetic,Figma,,"Wanderlust Travel ©1°L0ne oesTWNATIONS MeV RPS. GUDES SUPPORT —_C, Seach RB PLAN YOUR NEXT ADVENTURE TO IT) etl > Nels > The rand Hotel rence The Grand Hotel, Florence Finer © Adar mst BRK daMatons «Treen ‘Comfort Double Room Executive Suite Amenties| Amenities Aree Beeeon $180rion EEE | $320 ED Wanderlust Travel “#92! Company. Contact emi TS om Shesser a ‘ana want cat ypu Comactus Temata cents enteustotom Pray Poy Pow arent rn Sign in/Register Checkout SAVE $250! Limited Offer YOUR SAVINGS: $250.00 Total to Pay: $980.00 Fit Booking Detals MPLETE BOOKING Payment & Credit/Debit card [O} {eee SE) BP PayPal rors @B VISA me COMPLETE BOOKING",misdirection,,wanderlust travel 1 l0ne oestwnations mev rps gudes support seach rb plan your next adventure to it etl nels the rand hotel rence the grand hotel florence finer adar mst brk damatons treen comfort double room executive suite amenties amenities aree beeeon 180rion eee 320 ed wanderlust travel 92 company contact emi ts om shesser ana want cat ypu comactus temata cents enteustotom pray poy pow arent rn sign in register checkout save 250 limited offer your savings 250 00 total to pay 980 00 fit booking detals mplete booking payment credit debit card eee se bp paypal rors visa me complete booking
false_ur_01].png,data\synthetic2\obstruction\false_ur_01].png,Synthetic,Figma,,"Refine your stay 14 Nov 2026 17 Nov 2026 2 Adults - 1 Room NIGHTLY RATE ———— 4,000 — 225,000 EXPERIENCES CO Lake view CO Private butler CO Spaaccess 1 Heritage tour © ONLY 2 DELUXE ROOMS LEFT OFFER EXPIRES IN 08:26 Suites & Residences 3 of 26 accommodations available for your dates. Deluxe Lake Suite 58 m? - Lake view - King bed Hand-knotted rugs, a marble bath and a private balcony overlooking Lake Pichola. Breakfast for two included. ONLY 2 LEFT Heritage Courtyard Room 42 m? - Courtyard view - Queen Hand-knotted rugs, a marble bath and a private balcony overlooking Lake Pichola. Breakfast for two included. e \t(zay PER NIGHT 28,900 Taxes & fees calculated later PER NIGHT %6,400 Taxes & fees calculated later UNAVAILABLE",obstruction,,refine your stay 14 nov 2026 17 nov 2026 2 adults 1 room nightly rate 4 000 225 000 experiences co lake view co private butler co spaaccess 1 heritage tour only 2 deluxe rooms left offer expires in 08 26 suites residences 3 of 26 accommodations available for your dates deluxe lake suite 58 lake view king bed hand knotted rugs marble bath and private balcony overlooking lake pichola breakfast for two included only 2 left heritage courtyard room 42 courtyard view queen hand knotted rugs marble bath and private balcony overlooking lake pichola breakfast for two included zay per night 28 900 taxes fees calculated later per night 6 400 taxes fees calculated later unavailable
false_ur_02].png,data\synthetic2\obstruction\false_ur_02].png,Synthetic,Figma,,"(>) skyloop Flights Filters STOPS Non-stop Astop 2+ stops DEPARTURE Before 8 AM BAM-2PM After 2PM AIRLINES Skyloop Partner carriers MAX FARE up to 78,000 Stays payment Loyalty Support %} — Skyloop SL412 Fastest 06:20 BLR Only 3 seats remaining at this fare > Skyloop SL 908 1:05 BLR } — Skyloop SL 233 19:40 BLR 2h 25m - non-stop 2h 30m - non-stop 2h 40m - non-stop 2,140 miles A. Rao ~ all interfaces 13:35 22:20 BOM 34,499 base fare 75,240 base fare 36,120 base fare",obstruction,,skyloop flights filters stops non stop astop 2 stops departure before 8 am bam 2pm after 2pm airlines skyloop partner carriers max fare up to 78 000 stays payment loyalty support skyloop sl412 fastest 06 20 blr only 3 seats remaining at this fare skyloop sl 908 1 05 blr skyloop sl 233 19 40 blr 2h 25m non stop 2h 30m non stop 2h 40m non stop 2 140 miles rao all interfaces 13 35 22 20 bom 34 499 base fare 75 240 base fare 36 120 base fare
false_ur_03.png,data\synthetic2\obstruction\false_ur_03.png,Synthetic,Figma,,"Skyloop SL 412 - BLR — BOM Fri 14 Nov 2026 - Economy Saver 06:20 a kempegowda Intl - 12 non-stop CABIN BAG CHECK-IN BAG ‘Tkg included 15 kg included Fare rules + Change permitted up to 24h before departure, fee applies. + Cancellation refund credited as Skyloop wallet balance. + Fare quoted excludes charges applied at checkout. 08:45 Chhatrapati Shivaji -T2 SEAT Standard, assigned at check-in Only 3 seats remaining 04:49 Base fare 74,499 Charges are calculated at the checkout step.",obstruction,,skyloop sl 412 blr bom fri 14 nov 2026 economy saver 06 20 kempegowda intl 12 non stop cabin bag check in bag tkg included 15 kg included fare rules change permitted up to 24h before departure fee applies cancellation refund credited as skyloop wallet balance fare quoted excludes charges applied at checkout 08 45 chhatrapati shivaji t2 seat standard assigned at check in only 3 seats remaining 04 49 base fare 74 499 charges are calculated at the checkout step
false_ur_04.png,data\synthetic2\obstruction\false_ur_04.png,Synthetic,Figma,,"eo skyloop Flights Stays seach tee EEE vermen Checkout Contact details Email Alternate contact Passenger 1- Adult Title Date of birth Loyalty Support 2,140 miles A. Rao ~ all interfaces Price increases in 04:09 Mobile number Fare breakdown Base fare - 1 adult GST number (optional) ADDITIONAL CHARGES - Priority Boarding Fee Processing Fee Airport Convenience Fee cst First name Last name Total payable Continue to payment Nationality Frequent flyer 4,499 3599 3349 2275 810 76,532",obstruction,,eo skyloop flights stays seach tee eee vermen checkout contact details email alternate contact passenger 1 adult title date of birth loyalty support 2 140 miles rao all interfaces price increases in 04 09 mobile number fare breakdown base fare 1 adult gst number optional additional charges priority boarding fee processing fee airport convenience fee cst first name last name total payable continue to payment nationality frequent flyer 4 499 3599 3349 2275 810 76 532
false_ur_05.png,data\synthetic2\obstruction\false_ur_05.png,Synthetic,Figma,,"o | Meridian Venues Venues vendors Approvals _—_ Invoices CORPORATE BOOKING POR oirecrory [MMEMMEN wizard CHECKOUT PAYMENT = allinterfaces Availability recalculated every 60 seconds Directory / Mumbal / Meridian Grand Ballroom DAY RATE %1,85,000 ckout are not included Date 12 Dec 2026 Hours 08:00 - 23:00 Attendees 450 A d-step booking wizard mut completed before payment. Meridian Grand Ballroom Bandra Kurla Complex, Mumbai - 1,240 m?- Column-free capacity Layours LOAD-IN RATING 450 6 05:00 4.8/5",obstruction,,meridian venues venues vendors approvals invoices corporate booking por oirecrory mmemmen wizard checkout payment allinterfaces availability recalculated every 60 seconds directory mumbal meridian grand ballroom day rate 1 85 000 ckout are not included date 12 dec 2026 hours 08 00 23 00 attendees 450 step booking wizard mut completed before payment meridian grand ballroom bandra kurla complex mumbai 1 240 column free capacity layours load in rating 450 6 05 00 4 8 5
ml_obstruction1.png,data\synthetic2\obstruction\ml_obstruction1.png,Synthetic,Figma,,"— Bj Meatlite & Complete your medical profile before payment can be unlocked. All fields marked with * are mandatory. Your information is stored securely and shared only with your treating physician. Profile completion MEDICAL HISTORY Previous Medical Conditions * Diagnosed conditions (e.g. Hypertension, Diabetes, Asthma...) Known Allergies * All known allergies including medications, foods, environmental. (Currant Medications * All current medications with dosage and frequency. e-0-0-© 0/11 fields complete ‘ORDER SUMMARY Dr. Sebastian Voss 14 Aug - 3:00 PM - Neurology Conan £320 Booking fee 215 Teel £335 ‘Complete all mandatory fields 10 unlock payment 11 fields remaining @ PAYMENT LOCKED Profile completion ox",obstruction,,bj meatlite complete your medical profile before payment can be unlocked all fields marked with are mandatory your information is stored securely and shared only with your treating physician profile completion medical history previous medical conditions diagnosed conditions hypertension diabetes asthma known allergies all known allergies including medications foods environmental currant medications all current medications with dosage and frequency 0 0 0 11 fields complete order summary dr sebastian voss 14 aug 3 00 pm neurology conan 320 booking fee 215 teel 335 complete all mandatory fields 10 unlock payment 11 fields remaining payment locked profile completion ox
ml_obstruction10.png,data\synthetic2\obstruction\ml_obstruction10.png,Synthetic,Figma,,"Equipment checklist Tick every item you will bring. Each of the seven safety steps must be submitted individually; you cannot jump ahead, and returning to a previous step clears the steps after it. O Waterproof jocket (taped Insulating mid-layer x2 Head torch + spare batteries Personal first-aid kit ‘Sun protection (SPF 30+) OFOFOPOFO ‘Two days of trail food [e) Oo 0 0 0 O ‘Walking boots, ankle support 1.5L water capacity Whistle & emergency shelter Paper map & compass: Fully charged mobile phone A guide will re-check this list at the trailhead. Items ticked here must also be confirmed again in step 6 (Adventure experience). Back to weather warning Still required Fitness assessment Locked Emergency contact Locked Adventure experience Locked Insurance review Locked Payment locked £348.00 for Fell Hollow Wild Camp will remain unpayable until all seven safety steps are submitted and reviewed by a guide. Average completion time for the safety ‘workflow: 22 minutes. Steps expire after 48 hours and must be repeated.",obstruction,,equipment checklist tick every item you will bring each of the seven safety steps must be submitted individually you cannot jump ahead and returning to previous step clears the steps after it waterproof jocket taped insulating mid layer x2 head torch spare batteries personal first aid kit sun protection spf 30 ofofopofo two days of trail food 0 0 0 walking boots ankle support 1 5l water capacity whistle emergency shelter paper map compass fully charged mobile phone guide will re check this list at the trailhead items ticked here must also be confirmed again in step 6 adventure experience back to weather warning still required fitness assessment locked emergency contact locked adventure experience locked insurance review locked payment locked 348 00 for fell hollow wild camp will remain unpayable until all seven safety steps are submitted and reviewed by guide average completion time for the safety workflow 22 minutes steps expire after 48 hours and must be repeated
ml_obstruction2.png,data\synthetic2\obstruction\ml_obstruction2.png,Synthetic,Figma,,"o—_—_ ® E Tickets ‘Membership Family Profile Step 2 of 5— Payment is locked until all steps are completed Create VeloPass Membership Register for a free VeloPass account to access your tickets Full Name * Your legal name Email Address * email@example.com Phone Number * +1 (555) 000-0000 OO lagree to VeloPass Terms of Service, Privacy Policy, and to receive booking elated communications. 4 Preferences Booking Progress [2] Membership 3 Family Profile 4 Preferences 5 Rewards Tos $240 ia Payment Locked 4 steps remaining 5 Rewards Payment",obstruction,,tickets membership family profile step 2 of 5 payment is locked until all steps are completed create velopass membership register for free velopass account to access your tickets full name your legal name email address email example com phone number 1 555 000 0000 lagree to velopass terms of service privacy policy and to receive booking elated communications 4 preferences booking progress 2 membership 3 family profile 4 preferences 5 rewards tos 240 ia payment locked 4 steps remaining 5 rewards payment
ml_obstruction3.png,data\synthetic2\obstruction\ml_obstruction3.png,Synthetic,Figma,,"@Q_ Wellness Consultation Form Payment remains disabled until every field is completed. This ensures your therapist can provide the safest, most effective treatment possible. Consultation progress i SKIN & WELLNESS PROFILE SKIN TYPE * Select. S$ HEALTH & SAFETY KNOWN ALLERGIES * List all known allergies (products, fragrances, nuts, latex..) MEDICAL CONDITIONS * Any skin conditions, chronic illness, recent surgery, pregnancy... PREVIOUS SPA TREATMENTS * Select. ORDER SUMMARY Hot Stone Deep Tissue Massage Treatment #140 Booking fee £8 Total £148 Payment disabled until all consultation fields are completed Your Therapist Maya Chen",obstruction,,wellness consultation form payment remains disabled until every field is completed this ensures your therapist can provide the safest most effective treatment possible consultation progress skin wellness profile skin type select health safety known allergies list all known allergies products fragrances nuts latex medical conditions any skin conditions chronic illness recent surgery pregnancy previous spa treatments select order summary hot stone deep tissue massage treatment 140 booking fee 8 total 148 payment disabled until all consultation fields are completed your therapist maya chen
ml_obstruction4.png,data\synthetic2\obstruction\ml_obstruction4.png,Synthetic,Figma,,"AX PAYMENT_LOCKED J) PAYMENT_TERMINAL Payment becomes available only after completing all 9 required sections of your learner profile, This information personalises your course experience and calibrates your Al tutor. . . ‘Quantum Computing Essentials, - by Prof. Elara Voss 8/9 sections initialised Total $aa9 PROFILE_COMPLETION * Educational Background Educational Background * Select... @ Learning Goals Learning Goats * Select... j@ Career Interests Career Interests * Select... 4 SkiLL Assessment Skill Assessment * Select. @ Weekly Schedule Weekly Schedule * Select.. . Fy PAYMENT_LOCKED Mi Device Information Device Information + Select.",obstruction,,ax payment locked payment terminal payment becomes available only after completing all 9 required sections of your learner profile this information personalises your course experience and calibrates your al tutor quantum computing essentials by prof elara voss 8 9 sections initialised total aa9 profile completion educational background educational background select learning goals learning goats select career interests career interests select 4 skill assessment skill assessment select weekly schedule weekly schedule select fy payment locked mi device information device information select
ml_obstruction5.png,data\synthetic2\obstruction\ml_obstruction5.png,Synthetic,Figma,,‘Step 1 of 4 — Complete all verification pages before payment is unlocked. Verification Steps @ Government ID Verification Complete ¥ Bristol — Bath Seat 12A £6.50 Phone OTP Verification ™ Travel Preferences a Complete ¥ Travel Preferences Complete all 4 remaining In progress. Select preference. ¥ verification steps to unlock : PREFERRED SEAT POSITION * Payment Locked =) Emergency Contact TRAVEL PURPOSE * li: Verification Incomplete 2) Passenger Profile © Commuting © Leisure / Tourism )) Travel Dectaration Olveaa lprorunent © Shopping = O Visiting family © Other 4 steps remaining before payment unlocks.,obstruction,,step 1 of 4 complete all verification pages before payment is unlocked verification steps government id verification complete bristol bath seat 12a 6 50 phone otp verification travel preferences complete travel preferences complete all 4 remaining in progress select preference verification steps to unlock preferred seat position payment locked emergency contact travel purpose li verification incomplete 2 passenger profile commuting leisure tourism travel dectaration olveaa lprorunent shopping visiting family other 4 steps remaining before payment unlocks
ml_obstruction6.png,data\synthetic2\obstruction\ml_obstruction6.png,Synthetic,Figma,,"01 MEDICAL HISTORY MEDICAL HISTORY — PART 1 ANCE FERENGES All six consultation stages must be completed in sequence. The deposit screen stays locked until stage 6 is submitted. Progress is not saved between stages. Do you have a diagnosed blood or clotting disorder? Are you currently taking anticoagulants, retinoids or steroids? Have you had an adverse reaction to tattoo pigment before? Do you have diabetes, enilepsy or a heart condition? ‘Are you pregnant or breastfeeding? Have you consumed alcohol in the last 24 hours? VES VES VES VES VES VES No No No No No No T FORMS REMAINING STAGES 02 - Skin assessment 03 - Pain tolerance 04- Design preferences 05 - Consent forms 06 - Lifestyle survey DEPOSIT LOCKED £120.00 deposit for VEX » 20 Jan 15:00 cannot be paid until all six consultation stages are completed and countersigned by the studio. PAY DEPOSIT @",obstruction,,01 medical history medical history part 1 ance ferenges all six consultation stages must be completed in sequence the deposit screen stays locked until stage 6 is submitted progress is not saved between stages do you have diagnosed blood or clotting disorder are you currently taking anticoagulants retinoids or steroids have you had an adverse reaction to tattoo pigment before do you have diabetes enilepsy or heart condition are you pregnant or breastfeeding have you consumed alcohol in the last 24 hours ves ves ves ves ves ves no no no no no no forms remaining stages 02 skin assessment 03 pain tolerance 04 design preferences 05 consent forms 06 lifestyle survey deposit locked 120 00 deposit for vex 20 jan 15 00 cannot be paid until all six consultation stages are completed and countersigned by the studio pay deposit
ml_obstruction7.png,data\synthetic2\obstruction\ml_obstruction7.png,Synthetic,Figma,,"AMOUNT DUE £10,626.00 Booking summary — MC-2027-04418 Hall Date Hours Kingsway Audit Tuesday 9 February 2027 08:00 - 18:00 Pay now — blocked Layout Delegates Organisation ‘Theatre, 420 seats 240 Halvorsen Logistics Ltd Documents accepted: 0 of 5 Billing contact Purchase order Payment terms D. Halvorsen PO-88213 Card or BACS, prepaid Payment method Corporate card BACS transfer Invoice (approved accounts) Payment cannot be submitted until all five compliance documents are uploaded and accepted.",obstruction,,amount due 10 626 00 booking summary mc 2027 04418 hall date hours kingsway audit tuesday 9 february 2027 08 00 18 00 pay now blocked layout delegates organisation theatre 420 seats 240 halvorsen logistics ltd documents accepted 0 of 5 billing contact purchase order payment terms halvorsen po 88213 card or bacs prepaid payment method corporate card bacs transfer invoice approved accounts payment cannot be submitted until all five compliance documents are uploaded and accepted
ml_obstruction8.png,data\synthetic2\obstruction\ml_obstruction8.png,Synthetic,Figma,,"Confiemation 2 of § Confirm your Fan Club membership VIP Gull tickets are issued through the Nordlys Fan Club. Please review and confirm each ‘statement below. All five confirmation pages must be completed in order before the payment step becomes available. (©. | confirm that the Fan Club membership number above belongs to me. (confirm that | have read the VIP benefit list on the previous page. (I confirm the ticket holder name cannot be changed after this step. (confirm | will receive Fan Club service messages about this booking. Membership number NL-88 204 117 - Joined 12 Jan 2026 - Tier: Gull. Continue to page 3 of 5 (Merchandise preferences), then page 4 (Venue rules) and page 5 (Final confirmation). Back to VIP benefits 3 confirmation pages remaining Payment (4 980 kr) unlocks after confirmation page 6. Pay — locked",obstruction,,confiemation 2 of confirm your fan club membership vip gull tickets are issued through the nordlys fan club please review and confirm each statement below all five confirmation pages must be completed in order before the payment step becomes available confirm that the fan club membership number above belongs to me confirm that have read the vip benefit list on the previous page confirm the ticket holder name cannot be changed after this step confirm will receive fan club service messages about this booking membership number nl 88 204 117 joined 12 jan 2026 tier gull continue to page 3 of 5 merchandise preferences then page 4 venue rules and page 5 final confirmation back to vip benefits 3 confirmation pages remaining payment 4 980 kr unlocks after confirmation page 6 pay locked
ml_obstruction9.png,data\synthetic2\obstruction\ml_obstruction9.png,Synthetic,Figma,,"Confiemation 2 of § Confirm your Fan Club membership VIP Gull tickets are issued through the Nordlys Fan Club. Please review and confirm each ‘statement below. All five confirmation pages must be completed in order before the payment step becomes available. (©. | confirm that the Fan Club membership number above belongs to me. (confirm that | have read the VIP benefit list on the previous page. (I confirm the ticket holder name cannot be changed after this step. (confirm | will receive Fan Club service messages about this booking. Membership number NL-88 204 117 - Joined 12 Jan 2026 - Tier: Gull. Continue to page 3 of 5 (Merchandise preferences), then page 4 (Venue rules) and page 5 (Final confirmation). Back to VIP benefits 3 confirmation pages remaining Payment (4 980 kr) unlocks after confirmation page 6. Pay — locked",obstruction,,confiemation 2 of confirm your fan club membership vip gull tickets are issued through the nordlys fan club please review and confirm each statement below all five confirmation pages must be completed in order before the payment step becomes available confirm that the fan club membership number above belongs to me confirm that have read the vip benefit list on the previous page confirm the ticket holder name cannot be changed after this step confirm will receive fan club service messages about this booking membership number nl 88 204 117 joined 12 jan 2026 tier gull continue to page 3 of 5 merchandise preferences then page 4 venue rules and page 5 final confirmation back to vip benefits 3 confirmation pages remaining payment 4 980 kr unlocks after confirmation page 6 pay locked
obst-ii_1.png,data\synthetic2\obstruction\obst-ii_1.png,Synthetic,Figma,,,obstruction,,
obst-ii_2.png,data\synthetic2\obstruction\obst-ii_2.png,Synthetic,Figma,,"STEP 1 OF 3 Create your Lumiere account ‘An account is required to continue with this reservation. FULL NAME Required EMAIL ADDRESS Required MoBILe NUMBER Required PASSWORD Required CONFIRM PASSWORD Required 1 agree to the membership terms, cancellation policy and privacy notice.",obstruction,,step 1 of 3 create your lumiere account an account is required to continue with this reservation full name required email address required mobile number required password required confirm password required 1 agree to the membership terms cancellation policy and privacy notice
st_obstruction1.png,data\synthetic2\obstruction\st_obstruction1.png,Synthetic,Figma,,"Create Your StayNest Account onan Shama 91967 ate ofBith+ Naonaiey® ame dian v ese confmthefobowing* 1D tageetothe amet Conon andre Poy* 1 leone orecavebookngcantmsteneandupdite ial 1D leona eyes orcde* 1 lagiete Suyen""sCanclatenanatunaPalcy* mouldiketorecaneeackemanberdeszandtirs 1D consent tales shingmypecferenceswihparmerotel: Create Account & Continue to Paymen ead haveansecount? Signin",obstruction,,create your staynest account onan shama 91967 ate ofbith naonaiey ame dian ese confmthefobowing 1d tageetothe amet conon andre poy 1 leone orecavebookngcantmsteneandupdite ial 1d leona eyes orcde 1 lagiete suyen scanclatenanatunapalcy mouldiketorecaneeackemanberdeszandtirs 1d consent tales shingmypecferenceswihparmerotel create account continue to paymen ead haveansecount signin
st_obstruction10.png,data\synthetic2\obstruction\st_obstruction10.png,Synthetic,Figma,,"Travel Preferences Your Booking Hel onalise your journey of 4 MEAL PREFERENCE SEAT PREFERENCE Standard Meal ¥ Window D Tue, 12 Aug 2025 o 10:18 PURPOSE OF TRAVEL s 30 e.g. Tourism, amily Visit c Economy P adult ACCOMMODATION IN DESTINATION e.g. Hotel name, Addr Total £486 ACCESSIBILITY REQUIREMENTS it Payment locked until all 4 Cl Wheelchair Assistance verification steps are completed. D Visual impairment Support CD Hearing Impairment Support None required ‘Save & Continue —",obstruction,,travel preferences your booking hel onalise your journey of 4 meal preference seat preference standard meal window tue 12 aug 2025 10 18 purpose of travel 30 tourism amily visit economy adult accommodation in destination hotel name addr total 486 accessibility requirements it payment locked until all 4 cl wheelchair assistance verification steps are completed visual impairment support cd hearing impairment support none required save continue
st_obstruction11.png,data\synthetic2\obstruction\st_obstruction11.png,Synthetic,Figma,,"® CineplexNova Now Playing ‘Coming Soon Experiences Offers Gift Cords Movie § Sects Membership Enreliment Payment ‘gm CineplexNova Membership Required to Complete Booking ‘Teaccess our booking platform and secure your tickets, you must enralin the CineplexNova Membership Programme. Membership gives you access 10 ‘exclusive member pricing, erly booking windows, and personalised recommendations. Please complete al ields below to proceed to payment. Personal Details Your Booking FULL NAME * DATE OF BIRTH * z ‘Sophie Harrington dd-mm-yyyy ¢ = s Lallaby of the Stars PHONE NUMBER * crys RSA apat +44 7700 900000 London Seats ees Format Max Date Today Showtime 750M Movie Preferences * cor) £29.00 ‘Select ot least 3 favourite genres to help us personalise your experience. 18. Complete membership enrolment ‘Action || Comedy (Drama Horror Romance ry Documentary | Animation | Mystery PREFERRED CINEMA FORMAT * Wi Stondard @ IMAX lM 4DX I 3D W 4KLaser Ml Dolby Atmos",obstruction,,cineplexnova now playing coming soon experiences offers gift cords movie sects membership enreliment payment gm cineplexnova membership required to complete booking teaccess our booking platform and secure your tickets you must enralin the cineplexnova membership programme membership gives you access 10 exclusive member pricing erly booking windows and personalised recommendations please complete al ields below to proceed to payment personal details your booking full name date of birth sophie harrington dd mm yyyy lallaby of the stars phone number crys rsa apat 44 7700 900000 london seats ees format max date today showtime 750m movie preferences cor 29 00 select ot least 3 favourite genres to help us personalise your experience 18 complete membership enrolment action comedy drama horror romance ry documentary animation mystery preferred cinema format wi stondard imax lm 4dx 3d 4klaser ml dolby atmos
st_obstruction12.png,data\synthetic2\obstruction\st_obstruction12.png,Synthetic,Figma,,"I Event Brief Required to Complete Booking eT uae Rooms avallabilit Brief Completion Of 7 sections completes 4) Event Details requires Select. v Select. . 2) Guests require Select. v dd-mm-yyyy 0% Complete all 7 sections to ‘unlock payment Booking Summary ‘The Bellevue Rooms Venue Hire £12,960",obstruction,,event brief required to complete booking et uae rooms avallabilit brief completion of 7 sections completes 4 event details requires select select 2 guests require select dd mm yyyy 0 complete all 7 sections to unlock payment booking summary the bellevue rooms venue hire 12 960
st_obstruction13.png,data\synthetic2\obstruction\st_obstruction13.png,Synthetic,Figma,,@ Insurance Questionnaire ‘Stop of 6 — Coverage assessment DO YOU HAVE PERSONAL CAR INSURANCE? ‘Yes — Fully Comprehensive a POLICY NUMBER ADM=2025~10000X No CLAIMS DISCOUNT (YEARS) eg.5 INSURANCE PROVIDER NAME eg. Admiral POLICY EXPIRY DATE dd-mm-yyyy PREFERRED COVERAGE LEVEL Full Damage Waiver oe Ford Mustang GT Sports Car Duration Says Pickup ‘Aug 2025 Return 17 Aug 2025 Location LHR Terminal Est. Total £870 @ Complete all6 steps to unlock payment Step 3of6.,obstruction,,insurance questionnaire stop of 6 coverage assessment do you have personal car insurance yes fully comprehensive policy number adm 2025 10000x no claims discount years eg 5 insurance provider name eg admiral policy expiry date dd mm yyyy preferred coverage level full damage waiver ford mustang gt sports car duration says pickup aug 2025 return 17 aug 2025 location lhr terminal est total 870 complete all6 steps to unlock payment step 3of6
st_obstruction14.png,data\synthetic2\obstruction\st_obstruction14.png,Synthetic,Figma,,"Driving History Travel tineary Insurance Questionnaire ‘Safety Checst Rental Preferences ‘Add-on Review jm Safety Checklist ‘Stop 4 of 6 — Allitemsmustbe acknowledged confirm hold a valid rving licence and am authorised to drive inthe UK id W_acknowiedge thatthe vehicle must be returned with the same fuel level a refuelling Ford Mustang GT charge applies. Sports Car uration Sdays understand thatll traffic fines incurred during the rental period are my sole responsibilty. Fickup 12g 2025 Return 17Aug2025 Location LHR Terminal 5 confirm thave read and accept the DriveX Vehicle Use Agreement and Damage Policy. Ea £870 W_Locknowiedge that smoking, pets, and off-road driving are strietly prohibitedin this vehicle, @ Complete all 6 steps to unlock payment Step 4of6. Confirm All & Continue — Please acknowledgeall 5 remaining items",obstruction,,driving history travel tineary insurance questionnaire safety checst rental preferences add on review jm safety checklist stop 4 of 6 allitemsmustbe acknowledged confirm hold valid rving licence and am authorised to drive inthe uk id acknowiedge thatthe vehicle must be returned with the same fuel level refuelling ford mustang gt charge applies sports car uration sdays understand thatll traffic fines incurred during the rental period are my sole responsibilty fickup 12g 2025 return 17aug2025 location lhr terminal 5 confirm thave read and accept the drivex vehicle use agreement and damage policy ea 870 locknowiedge that smoking pets and off road driving are strietly prohibitedin this vehicle complete all 6 steps to unlock payment step 4of6 confirm all continue please acknowledgeall 5 remaining items
st_obstruction15.png,data\synthetic2\obstruction\st_obstruction15.png,Synthetic,Figma,,"A. Profile Completion Required Before Payment ‘To finalise your DriveX booking, you must complete your driver profile and rental preferences across 6 steps. This allows us to verify your eligibility, ‘configure your rental, and provide the right coverage. Payment will be unlocked after all steps are submitted. Driving History Travel tineary Insurance Questionnaire Sefety Checklist RentalPreferences ‘Add-on Review a RentalPreferences ‘Stop 5 of 6 — Customise your rental experience PREFERRED FUEL POLICY PICKUP TIME PREFERENCE Full-to-Full Early Morning (06-00-08:00) v RETURN TIME PREFERENCE IN-CAR TEMPERATURE PREFERENCE Morning Y Cool 18-20°C) a MUSIC / ENTERTAINMENT PREFERENCES ANY SPECIAL DRIVER REQUIREMENTS ‘2g. Radio, Streaming via Bluetooth ‘eg. Hand controls, none oe Ford Mustang GT Sports Car Duration Says Pickup ‘Aug 2025 Return 17 Aug 2025 Location LHR Terminal Est. Total £870 @ Completeall6 stops to unlock payment Step 5.of6.",obstruction,,profile completion required before payment to finalise your drivex booking you must complete your driver profile and rental preferences across 6 steps this allows us to verify your eligibility configure your rental and provide the right coverage payment will be unlocked after all steps are submitted driving history travel tineary insurance questionnaire sefety checklist rentalpreferences add on review rentalpreferences stop 5 of 6 customise your rental experience preferred fuel policy pickup time preference full to full early morning 06 00 08 00 return time preference in car temperature preference morning cool 18 20 music entertainment preferences any special driver requirements 2g radio streaming via bluetooth eg hand controls none ford mustang gt sports car duration says pickup aug 2025 return 17 aug 2025 location lhr terminal est total 870 completeall6 stops to unlock payment step 5 of6
st_obstruction16.png,data\synthetic2\obstruction\st_obstruction16.png,Synthetic,Figma,,"GSI Now Showing Coming Soon Membership Complete Membership Enrollment to Finalize Tickets ‘To ensure the best cinematic experience and secure your selected seats, please complete your CCineMagic Gold enrollment. © Loyalty Registration ‘Q Alert Settings ral Name SMS Notifications Enter your fullname a @e en Adtran isaeNamber te Pe us ; ee sss 000-0000 Weckly Premiere Gee t Movie Preferences a Comedy Indie Proceed to Payment -> one mpl eid ete pc.",obstruction,,gsi now showing coming soon membership complete membership enrollment to finalize tickets to ensure the best cinematic experience and secure your selected seats please complete your ccinemagic gold enrollment loyalty registration alert settings ral name sms notifications enter your fullname en adtran isaenamber te pe us ee sss 000 0000 weckly premiere gee movie preferences comedy indie proceed to payment one mpl eid ete pc
st_obstruction17.png,data\synthetic2\obstruction\st_obstruction17.png,Synthetic,Figma,,The journey begins with asingle step. Create Your Account to Proceed COMPLETE REGISTRATION,obstruction,,the journey begins with asingle step create your account to proceed complete registration
st_obstruction18.png,data\synthetic2\obstruction\st_obstruction18.png,Synthetic,Figma,,STEP 3 OF 3 Complete your profile All fields are required before payment can be opened. DATE OF BIRTH * NATIONALITY * DD /MM/YYYY Select PASSPORT /ID.NO.* —_ ISSUING COUNTRY * YA1234567 Select HOME ADDRESS * Street and number city * POSTAL CODE * MOBILE NUMBER * OCCUPATION * +39... Select PURPOSE OF STAY * Select & Continue to payment,obstruction,,step 3 of 3 complete your profile all fields are required before payment can be opened date of birth nationality dd mm yyyy select passport id no issuing country ya1234567 select home address street and number city postal code mobile number occupation 39 select purpose of stay select continue to payment
st_obstruction19.png,data\synthetic2\obstruction\st_obstruction19.png,Synthetic,Figma,,"Pre-payment verification ‘Complete all four pages to unlock the payment screen. Progress is saved per page. & o @ Phone OTP ‘Travel preferences Emengency contact Page Lot 4 Page 2 ofa Page 3 of Page dof 4 @ Page 1 Identity verification \ Page 2 Phone OTP Passport y 491 9800021 1234567 Resend available in 02:00 (f Page 3 - Travel preferences DDIMM/YYYY Upload front of document - JPG or PDF, max 5 MB Select Y) (set Select v Select Upload selfie holding document © Page 4- Emergency contact Select I Iconfirm the emergency contact details are accurate",obstruction,,pre payment verification complete all four pages to unlock the payment screen progress is saved per page phone otp travel preferences emengency contact page lot 4 page 2 ofa page 3 of page dof 4 page 1 identity verification page 2 phone otp passport 491 9800021 1234567 resend available in 02 00 page 3 travel preferences ddimm yyyy upload front of document jpg or pdf max 5 mb select set select select upload selfie holding document page 4 emergency contact select iconfirm the emergency contact details are accurate
st_obstruction2.png,data\synthetic2\obstruction\st_obstruction2.png,Synthetic,Figma,,"SkyDrift Search Fights Seat Ada-ons: Flights My Trips Check-in SkyPass Help ‘© Membership Payment coon | signin) (SESE Step 3 of 4— Membership Z UNLOCK BEFORE YOU FLY You're almost there! Complete your booking with SkyPass to unlock priority benefits. Pierty Boarding 1% FreeSeat Selection ‘Board before Zone 1 ‘Any seaton any fight fy 10kg Extra Baggage 5] tomoe Access er fight, both ways BEL 0+ sirpors in nso [Bj FreeCanceltation 4 Wnstant Refunds Upto 2s before dep. Back to source in 4 hrs ‘Annual Membership FYI jycor += £83 per month - Cancel anytime ‘Try SkyPass Free for 30 Days",obstruction,,skydrift search fights seat ada ons flights my trips check in skypass help membership payment coon signin sese step 3 of 4 membership unlock before you fly you re almost there complete your booking with skypass to unlock priority benefits pierty boarding 1 freeseat selection board before zone 1 any seaton any fight fy 10kg extra baggage 5 tomoe access er fight both ways bel 0 sirpors in nso bj freecanceltation 4 wnstant refunds upto 2s before dep back to source in 4 hrs annual membership fyi jycor 83 per month cancel anytime try skypass free for 30 days
st_obstruction20.png,data\synthetic2\obstruction\st_obstruction20.png,Synthetic,Figma,,"CINEQUAD CLUB ENROLMENT Membership registration must be completed before tickets canbe paid for. Seats F8, F9 ere held against this form. SEIS 1- PERSONAL DETAILS: 3 - FAVOURITE GENRES: 5 LOYALTY PROGRAMME FULL NAME © Ssletatless ive MEMBERSHIP TIER * © Action sci — © DATE OF BIRTH“ 1 brame comedy HOME CINEMA * pommmryyyy Select v BE tovitter WE Documentary GENDER = REFERRAL CODE @ Animation 1 Romance Select ¥ Optional cry a PINCODE * Horror 1 Regional CARD LINKAGE ~ Pune, 411008, Select ¥ 4- NOTIFICATIONS MOBILE NUMBER = Omens 6 - COMMUNICATION PREFERENCES Every Wecheaday,by email PREFERRED CHANNEL * eMalL = WH Newrelease alerts Select v Push notification Cconracr FREQUENCY = 1 Booking reminders z Select v 2 - MOVIE PREFERENCES SMS ta hours before showtime FILMS WATCHED PER MONTH * PREFERRED LANGUAGE * WE Cub points statement Select - Monthly. by emai Select . PREFERRED FORMAT ~ Ihave read the CineQuad Club membership rules. Select v USUAL SHOWTIME © Select v ‘Sections completed: 0 of 6- Payment opens after enrolment is submitted CONTINUE TO PAYMENT",obstruction,,cinequad club enrolment membership registration must be completed before tickets canbe paid for seats f8 f9 ere held against this form seis 1 personal details 3 favourite genres 5 loyalty programme full name ssletatless ive membership tier action sci date of birth 1 brame comedy home cinema pommmryyyy select be tovitter we documentary gender referral code animation 1 romance select optional cry pincode horror 1 regional card linkage pune 411008 select 4 notifications mobile number omens 6 communication preferences every wecheaday by email preferred channel emall wh newrelease alerts select push notification cconracr frequency 1 booking reminders select 2 movie preferences sms ta hours before showtime films watched per month preferred language we cub points statement select monthly by emai select preferred format ihave read the cinequad club membership rules select usual showtime select sections completed 0 of 6 payment opens after enrolment is submitted continue to payment
st_obstruction21.png,data\synthetic2\obstruction\st_obstruction21.png,Synthetic,Figma,,"Verify your number Event brief Code sent to 491 80-44 Every field marked required must be completed before the payment section becomes available. 4 9 1 7 Select ¥ | 1800 250 © Number verified BRIEF COMPLETION Select Y Select Y Select . 2 of 7 required fields complete CATERING PREFERENCE * SERVICE STYLE bar service * Event type Select Y Select ¥ Select ¥ Guest count Seating errangement DECORATION THEME * FLORAL BUDGET BAND * [ENTERTAINMENT * Catering preferences Select Y Select ¥ Select ¥ Decoration theme Entertainment PARKING REQUIREMENT * ACCOMMODATION NEEDED * Torat suger * Parking Select Y select ¥ select v ‘Accommodation Budget PREFERRED PHOTOGRAPHER * PREFERRED MAKEUP VENDOR * PREFERRED PRIEST / OFFICIANT * Vendors Vendor name Vendor name Name ‘Special instructions Rituals, accessibility noads, timing constraints.. D. Site visit required before event D external décor vendors: Fireworks / sparkler exit planned & Payment section unlocks when the brief is complete. G PROCEED To PAYMENT",obstruction,,verify your number event brief code sent to 491 80 44 every field marked required must be completed before the payment section becomes available 4 9 1 7 select 1800 250 number verified brief completion select select select 2 of 7 required fields complete catering preference service style bar service event type select select select guest count seating errangement decoration theme floral budget band entertainment catering preferences select select select decoration theme entertainment parking requirement accommodation needed torat suger parking select select select accommodation budget preferred photographer preferred makeup vendor preferred priest officiant vendors vendor name vendor name name special instructions rituals accessibility noads timing constraints site visit required before event external cor vendors fireworks sparkler exit planned payment section unlocks when the brief is complete proceed to payment
st_obstruction22.png,data\synthetic2\obstruction\st_obstruction22.png,Synthetic,Figma,,"Select - Progress Step 1047: paymentlocted © Step 4- Safety checklist > Step 5- Rental preferences 1D Seatbett policy CJ Speed limits: FUEL PLANS Select . 1D Alcohol policy C Toll transponder use (Damage reporting D Breakdown procedure Select v D Child seat fitting C) Fuel type check PREFERRED SEAT SETUP * Select . Step 6 - Add-on review Step 7 - Profile completion Each extra must be explicitly confirmed or declined, home apbness * ditional driver dd) ( Decine Child seat Add Decline ov mee’ oof box mar) (betine eMpLover + Work PHONE * Snow chains ves Pesine NOTES FOR THE RENTAL DESK * Wi-Fi hotspot dd) ( Decine Payment becomes available after step 7 is submitted. 8, Goto payment",obstruction,,select progress step 1047 paymentlocted step 4 safety checklist step 5 rental preferences 1d seatbett policy cj speed limits fuel plans select 1d alcohol policy toll transponder use damage reporting breakdown procedure select child seat fitting fuel type check preferred seat setup select step 6 add on review step 7 profile completion each extra must be explicitly confirmed or declined home apbness ditional driver dd decine child seat add decline ov mee oof box mar betine emplover work phone snow chains ves pesine notes for the rental desk wi fi hotspot dd decine payment becomes available after step 7 is submitted 8 goto payment
st_obstruction23.png,data\synthetic2\obstruction\st_obstruction23.png,Synthetic,Figma,,"Wait! One More Thing. your exclusive park benefits, we need a few more details to finalize your prof Payment Locked All visitor information must be verified before checkout is accessible. fi Family Profile Household Nickname Primary Home Resort a & Visitor Verification Legal Name (as on ID) Date of Birth ® Thrill Rewards & Comms Join WildThrill Rewards Program am polns on ever ie, meal and hotel tay. Membership i fee Ill Personalized Newsletters Recenve excsve prenews of ew atractions and skp: the-tne offers oeeiaiamiiatinia =",obstruction,,wait one more thing your exclusive park benefits we need few more details to finalize your prof payment locked all visitor information must be verified before checkout is accessible fi family profile household nickname primary home resort visitor verification legal name as on id date of birth thrill rewards comms join wildthrill rewards program am polns on ever ie meal and hotel tay membership fee ill personalized newsletters recenve excsve prenews of ew atractions and skp the tne offers oeeiaiamiiatinia
st_obstruction24.png,data\synthetic2\obstruction\st_obstruction24.png,Synthetic,Figma,,"SerenePath @ Personalized Consultation Form © Ourspecialists require your fullhistory toproceed. Paymentis disabled until ll elds ae com 1. Skin Analysis Select the profile that best describes your skin condition throughout a typical day. Oily /Congested Frequent shine and visible pores throughout theday. Ba Combination COllyT-2one with drier cheeks and perimeter. ) Dry / Dehydrated Tightness and occasional fiaking or dullness. io) Sensitive Prone to redness itching, or reactive flare- ws. 2. Allergies Citical for formulacompounding Nuts & Seed Oils ) EssentialOils / Fragrance ) Latex/ Adhesives ) Vitamin C Derivatives ) Alpha-Hydroxy Acids x",obstruction,,serenepath personalized consultation form ourspecialists require your fullhistory toproceed paymentis disabled until ll elds ae com 1 skin analysis select the profile that best describes your skin condition throughout typical day oily congested frequent shine and visible pores throughout theday ba combination collyt 2one with drier cheeks and perimeter dry dehydrated tightness and occasional fiaking or dullness io sensitive prone to redness itching or reactive flare ws 2 allergies citical for formulacompounding nuts seed oils essentialoils fragrance latex adhesives vitamin derivatives alpha hydroxy acids
st_obstruction25.png,data\synthetic2\obstruction\st_obstruction25.png,Synthetic,Figma,,"Medilux jooking Journey Need Assistance? Doctors Clinics Executive Patient Profile Refining your bespoke clinical path. All data is encrypted with military-grade protocols. fib Family Medical History Hereditary Conditions & Lifestyle & Habits Dietary Preference No Restrictions, Activity Level € Previous Step Concierge Membership Immediate Family Notes ee _ Estimated Fee: $4,500.00",obstruction,,medilux jooking journey need assistance doctors clinics executive patient profile refining your bespoke clinical path all data is encrypted with military grade protocols fib family medical history hereditary conditions lifestyle habits dietary preference no restrictions activity level previous step concierge membership immediate family notes ee estimated fee 4 500 00
st_obstruction26.png,data\synthetic2\obstruction\st_obstruction26.png,Synthetic,Figma,,"4 Nordic Blue Cruises Booking Summary ‘7 Nights-Norwogian Fjords Ne Route Cabins (@ Payment SELECTED CABIN change Deluxe Balcony Suite Deck 12+ Cabin 1204 Total Amount © Help center $4,250.00 Explore Destinations My Bookings © Complete your traveler profile before payment. Traveler Profile We require detailed information for all passengers to ensure a smooth journey through international waters and fjord ports. & Identification & Legal Passport Number Passport Expiy Date Enter passport number dd-mm-yyyy [=] Visa Status (Schengen Area) ‘Country of Citizenship Not Required (EU/EEA Citizen) Y | eg. Norway ‘SI Travel History & Security Recent International Travel (Last 24 Months) List countries visited and dates. Emergency Contact Name Fullname Emergency Contact Relationship & Phone #XX XXX XX XXX",obstruction,,4 nordic blue cruises booking summary 7 nights norwogian fjords ne route cabins payment selected cabin change deluxe balcony suite deck 12 cabin 1204 total amount help center 4 250 00 explore destinations my bookings complete your traveler profile before payment traveler profile we require detailed information for all passengers to ensure smooth journey through international waters and fjord ports identification legal passport number passport expiy date enter passport number dd mm yyyy visa status schengen area country of citizenship not required eu eea citizen eg norway si travel history security recent international travel last 24 months list countries visited and dates emergency contact name fullname emergency contact relationship phone xxx xxx
st_obstruction27.png,data\synthetic2\obstruction\st_obstruction27.png,Synthetic,Figma,,"Player Verification Al complete your profile to finalize booking, Skill Assessment Technical Proficiency Statement. matches player level Service Speed Capability Match Endurance Level Select range. . Low Mid High Self-Assessment Summary Briefly outline your primary strengths and weakn: lp Back to Profile Continue to Fitness >",obstruction,,player verification al complete your profile to finalize booking skill assessment technical proficiency statement matches player level service speed capability match endurance level select range low mid high self assessment summary briefly outline your primary strengths and weakn lp back to profile continue to fitness
st_obstruction28.png,data\synthetic2\obstruction\st_obstruction28.png,Synthetic,Figma,,"Dashboard Services MyPets History 1#@ Action Required grooming session. ‘Complete your pet profile before payment. We need these details to ensure the safety and comfort of your pet during their HF Mdentity & Health @ Pehavior& Care Breed ‘Age (Years) ‘Behavioral Info — Ne } || (snes -)} — re Pte Describe allergies, previous surgeries, or sensitivities. & Click to upload PDF or JPEG [aioe ents ony 0 pert bate } ‘Emergency Contact [see [m= (© tet Gnesi nye",obstruction,,dashboard services mypets history 1 action required grooming session complete your pet profile before payment we need these details to ensure the safety and comfort of your pet during their hf mdentity health pehavior care breed age years behavioral info ne snes re pte describe allergies previous surgeries or sensitivities click to upload pdf or jpeg aioe ents ony 0 pert bate emergency contact see tet gnesi nye
st_obstruction29.png,data\synthetic2\obstruction\st_obstruction29.png,Synthetic,Figma,,"AX NORDVIK Sailings Ships Destinations Onboard =~ Guest services STEP 3 OF 4 REQUIRED Complete your traveler profile before payment. Allnine sections below must be completed and saved for each guest before the payment step becomes available. Sections cannot be submitted individually and partial profiles are not retained between sessions. 1. Passport details Allfields required for every guest PASSPORT NUMBER * Country oF Issue * ISSUE DATE + EXPIRY DATE + PLACE OF BIRTH * SECOND NATIONALITY (IF ANY) * 2. Visainformation Required even where visa-exempt VISA TYPE * VISA NUMBER * ISSUING CONSULATE * VALID FROM * VALID UNTIL * SCHENGEN ENTRIES USED (LAST 180 DAYS) * EUR€ +4755301200 SIGN IN PROFILE PROGRESS 1 Passport details 2. Visainformation 3. Emergency contact 4, Travel history 5. Dietary preferences 6. Medical dectarations 7. Cabin preferences 8, Travelinsurance 9. Loyalty enrollment Payment locked Card, Vipps and bank transfer become selectable after the traveler profiles saved in full. Deposit of €720 will be charged at that point.",obstruction,,ax nordvik sailings ships destinations onboard guest services step 3 of 4 required complete your traveler profile before payment allnine sections below must be completed and saved for each guest before the payment step becomes available sections cannot be submitted individually and partial profiles are not retained between sessions 1 passport details allfields required for every guest passport number country of issue issue date expiry date place of birth second nationality if any 2 visainformation required even where visa exempt visa type visa number issuing consulate valid from valid until schengen entries used last 180 days eur 4755301200 sign in profile progress 1 passport details 2 visainformation 3 emergency contact 4 travel history 5 dietary preferences 6 medical dectarations 7 cabin preferences 8 travelinsurance 9 loyalty enrollment payment locked card vipps and bank transfer become selectable after the traveler profiles saved in full deposit of 720 will be charged at that point
st_obstruction3.png,data\synthetic2\obstruction\st_obstruction3.png,Synthetic,Figma,,"B GlossUp so My Sookings Git Corde Memberships Help us personalise your experience ai ye0* Wealth Safety nformation® fue yy on leis peuctngeit)* fg Armonia Koran Sulphate, ereny Cott Nae Speci agus ores ornare shin cenin ita)* arn anata Patera Sst napa Soctne eyouhandl pon) 1 leanert so ssp song mypezanalanhess rman for seniecuomstin* [D teenth th enh nforon pred accu * 1D tages receve ppinment enor nd syste va hats 1D tweaks recae prsenleesboauy sp and ates",obstruction,,glossup so my sookings git corde memberships help us personalise your experience ai ye0 wealth safety nformation fue on leis peuctngeit fg armonia koran sulphate ereny cott nae speci agus ores ornare shin cenin ita arn anata patera sst napa soctne eyouhandl pon 1 leanert so ssp song mypezanalanhess rman for seniecuomstin teenth th enh nforon pred accu 1d tages receve ppinment enor nd syste va hats 1d tweaks recae prsenleesboauy sp and ates
st_obstruction30.png,data\synthetic2\obstruction\st_obstruction30.png,Synthetic,Figma,,"Billing address ‘VAT number (optional) Total €1,050 Payment is locked ‘The session planning form must be completed before any payment method can be selected. Card number Expiry eve Open planning form",obstruction,,billing address vat number optional total 1 050 payment is locked the session planning form must be completed before any payment method can be selected card number expiry eve open planning form
st_obstruction31.png,data\synthetic2\obstruction\st_obstruction31.png,Synthetic,Figma,,"REQUIRED STEP - PAYMENT LOCKED Session planning form Alleight sections are mandatory. The payment panel stays disabled until every field is filled and the form is submitted in a single pass — drafts are not saved. 1) Event purpose Occasion Publication or channel Client brand 3) Shot preferences Must have shot? required Intended use of images Deadline Reference campaign required Must have shot 2. 2) Photography style Preferred style Colour or monochrome Retouch level 4) Wardrobe information leek] deserietion. Progress 0/8 required Grain/ clean Contrast preference Crop ratios required leek 2 deseriotion,",obstruction,,required step payment locked session planning form alleight sections are mandatory the payment panel stays disabled until every field is filled and the form is submitted in single pass drafts are not saved 1 event purpose occasion publication or channel client brand 3 shot preferences must have shot required intended use of images deadline reference campaign required must have shot 2 2 photography style preferred style colour or monochrome retouch level 4 wardrobe information leek deserietion progress 0 8 required grain clean contrast preference crop ratios required leek 2 deseriotion
st_obstruction32.png,data\synthetic2\obstruction\st_obstruction32.png,Synthetic,Figma,,Search Bookings Locations Teams Invoices ‘Support Team plan 8 of 12 seats assigned Confirm reserva’ Primary contact name Work email Mobile Purchase order reference Workspace profile required before payment. DeskGrid requires a complete business profile for every reservation. The eight sections must be submitted before card details can be entered — this applies to returning members on each new reservation. Payment Invoice (20 days) Summary Foundry Studios - Desk D7 Dedicated desk - 3-month term from 18 Apr 2026 Monthly rate £265.00 Deposit £265.00 ‘Setup fee £0.00 Due today £530.00 Business profile: 0 of 8 sections complete.,obstruction,,search bookings locations teams invoices support team plan 8 of 12 seats assigned confirm reserva primary contact name work email mobile purchase order reference workspace profile required before payment deskgrid requires complete business profile for every reservation the eight sections must be submitted before card details can be entered this applies to returning members on each new reservation payment invoice 20 days summary foundry studios desk d7 dedicated desk 3 month term from 18 apr 2026 monthly rate 265 00 deposit 265 00 setup fee 0 00 due today 530 00 business profile 0 of 8 sections complete
st_obstruction33.png,data\synthetic2\obstruction\st_obstruction33.png,Synthetic,Figma,,Search Bookings Locations Teams Invoices ‘Support Team plan 8 of 12 seats assigned Confirm reserva’ Primary contact name Work email Mobile Purchase order reference Workspace profile required before payment. DeskGrid requires a complete business profile for every reservation. The eight sections must be submitted before card details can be entered — this applies to returning members on each new reservation. Payment Invoice (20 days) Summary Foundry Studios - Desk D7 Dedicated desk - 3-month term from 18 Apr 2026 Monthly rate £265.00 Deposit £265.00 ‘Setup fee £0.00 Due today £530.00 Business profile: 0 of 8 sections complete.,obstruction,,search bookings locations teams invoices support team plan 8 of 12 seats assigned confirm reserva primary contact name work email mobile purchase order reference workspace profile required before payment deskgrid requires complete business profile for every reservation the eight sections must be submitted before card details can be entered this applies to returning members on each new reservation payment invoice 20 days summary foundry studios desk d7 dedicated desk 3 month term from 18 apr 2026 monthly rate 265 00 deposit 265 00 setup fee 0 00 due today 530 00 business profile 0 of 8 sections complete
st_obstruction34.png,data\synthetic2\obstruction\st_obstruction34.png,Synthetic,Figma,,@ NEOPAWS — seavices GROOMERS STUDIOS PLANS LOGS Nope 3 - ONLINE | account APPOINTMENT NP-88214 OWNER RECORD Tue 87 Apr 2626 - 16:38 - Studio Alpha OWNER NAME CONTACT NUNBER EMAIL Services £130.08 Studio Levy £4.58 ADDRESS LINE 1 PosTcope PREFERRED CONTACT METHOD Total £134.58 GATE 1 OF 1 - REQUIRED COMPLETE YOUR PET PROFILE BEFORE PAYMENT. The nine-section pet profile and identity verification must both be completed before any payment method becomes selectable. Profiles are not carried over between appointments. ee T @9O,obstruction,,neopaws seavices groomers studios plans logs nope 3 online account appointment np 88214 owner record tue 87 apr 2626 16 38 studio alpha owner name contact nunber email services 130 08 studio levy 4 58 address line 1 postcope preferred contact method total 134 58 gate 1 of 1 required complete your pet profile before payment the nine section pet profile and identity verification must both be completed before any payment method becomes selectable profiles are not carried over between appointments ee 9o
st_obstruction35.png,data\synthetic2\obstruction\st_obstruction35.png,Synthetic,Figma,,@ ssetectroom @ Booking details @ Academic profile Academic profile must be completed before booking confirmation. All6 sections and 24 fields are required. Payment opens once every section is marked complete. Academic profile - 2 of 24 felds completed 1. University details UNIVERSITY * FACULTY / SCHOOL * Required Required CAMPUS * STUDENT ID NUMBER * Required Required 4 Payment Required,obstruction,,ssetectroom booking details academic profile academic profile must be completed before booking confirmation all6 sections and 24 fields are required payment opens once every section is marked complete academic profile 2 of 24 felds completed 1 university details university faculty school required required campus student id number required required 4 payment required
st_obstruction36.png,data\synthetic2\obstruction\st_obstruction36.png,Synthetic,Figma,,PROGRAMME SALONS PATRONAGE AUREA ConcierGce Account e -) -) © 8 0 5 Serpe feat ten beteornpleted berorearen ment ecrese rails Merchandise interests Collection preferences I vinyl pressings I Programme books I sikscores Séléne Aubry 22 May 2026- Box M4-MS,obstruction,,programme salons patronage aurea conciergce account 8 0 5 serpe feat ten beteornpleted berorearen ment ecrese rails merchandise interests collection preferences vinyl pressings programme books sikscores ne aubry 22 may 2026 box m4 ms
st_obstruction4.png,data\synthetic2\obstruction\st_obstruction4.png,Synthetic,Figma,,a Verify your mobile number Required for booking confirmation and venue communication Emer 6-aigh OTP,obstruction,,verify your mobile number required for booking confirmation and venue communication emer 6 aigh otp
st_obstruction5.png,data\synthetic2\obstruction\st_obstruction5.png,Synthetic,Figma,,"eevee verses veruedwate cocoon Paty vemyacventoet Fates sons ff Complete Your Event Briet cour es cama Sar en Descestne Tene Catering & Dietary Requirements * cierto” Meatsace sie"" Dey Regan a Boveage Sup Couple & Contact Deas * racy Canetti scons ora Prteresammunsten poy Reston gure cer Payment Due Today (Deposit) old Package 2395000 epost 20%) ‘7000 ost es) zi3e60 Total Due Now 290,860 ‘Submit Brief & Pay Deposit €90,860->",obstruction,,eevee verses veruedwate cocoon paty vemyacventoet fates sons ff complete your event briet cour es cama sar en descestne tene catering dietary requirements cierto meatsace sie dey regan boveage sup couple contact deas racy canetti scons ora prteresammunsten poy reston gure cer payment due today deposit old package 2395000 epost 20 7000 ost es zi3e60 total due now 290 860 submit brief pay deposit 90 860
st_obstruction6.png,data\synthetic2\obstruction\st_obstruction6.png,Synthetic,Figma,,"° (Create Account Verify Email Complete Profile “ate aVelour stays account to continue ‘AVelour Stays membership allows us to personalise your experience, store your preferences, and provide ‘exclusive member rates. You're usta few quick steps from your booking. Create Your Account ‘Step 1 of 3— Account credentials FIRST NAME LAST NAME e.g. James ‘e.g. Whitmore EMAIL ADDRESS you@example.com PASSWORD Atleast 8 characters CONFIRM PASSWORD Repeat your password BB gree to the Terms & Conditions and Privacy Policy, and consent to receiving booking confirmations and account updates via email Create Account & Continue Your Booking HOTEL ‘The Cavendish Royal Mayfair, London Checkin Check-out Guests Total 4 Payment Deluxe Queen Room 35 Aug2025 20 Aug2025 2Adults £2716 Price held for 30 minutes",obstruction,,create account verify email complete profile ate avelour stays account to continue avelour stays membership allows us to personalise your experience store your preferences and provide exclusive member rates you re usta few quick steps from your booking create your account step 1 of 3 account credentials first name last name james whitmore email address you example com password atleast 8 characters confirm password repeat your password bb gree to the terms conditions and privacy policy and consent to receiving booking confirmations and account updates via email create account continue your booking hotel the cavendish royal mayfair london checkin check out guests total 4 payment deluxe queen room 35 aug2025 20 aug2025 2adults 2716 price held for 30 minutes
st_obstruction7.png,data\synthetic2\obstruction\st_obstruction7.png,Synthetic,Figma,,"Create Account Verify Email “ate aVelour stays account to continue ‘AVelour Stays membership allows us to personalise your experience, store your preferences, and provide ‘exclusive member rates. You're usta few quick steps from your booking. Verify Your Email Address ‘Step 2 of 3— We've sent a 6-digit code to your@emall.com Please check your inbox and enter the verification code below. The code expires in 10 minutes. VERIFICATION CODE e.g. 847 291 Didn't receive the code? Resend code Verify & Continue 3 Complete Profile Your Booking HOTEL ‘The Cavendish Royal Mayfair, London Room Checkin Check-out Guests Total 4 Payment Deluxe Queen Room 15 Aug 2025 20 Aug 2025 2Adults £2716 Price held for 30 minutes",obstruction,,create account verify email ate avelour stays account to continue avelour stays membership allows us to personalise your experience store your preferences and provide exclusive member rates you re usta few quick steps from your booking verify your email address step 2 of 3 we ve sent 6 digit code to your emall com please check your inbox and enter the verification code below the code expires in 10 minutes verification code 847 291 didn receive the code resend code verify continue 3 complete profile your booking hotel the cavendish royal mayfair london room checkin check out guests total 4 payment deluxe queen room 15 aug 2025 20 aug 2025 2adults 2716 price held for 30 minutes
st_obstruction8.png,data\synthetic2\obstruction\st_obstruction8.png,Synthetic,Figma,,"f Emergency Contact Information Last step b CONTACT FULL NAME e.g. Sarah Whitmore CONTACT PHONE NUMBER #44 7800 123456 CONTACT ADDRESS LINE 1 Example Road country United Kir jore payment RELATIONSHIP CONTACT EMAIL ample.com erry Postcope SWIA TAA Complete Verification & Proceed to Payment — Your Booking ° Tue, 12 Aug 2025 o 10:18 s 30 c Economy Passeng 1 Adute Total £486 it Payment locked until all 4 verification steps are completed.",obstruction,,emergency contact information last step contact full name sarah whitmore contact phone number 44 7800 123456 contact address line 1 example road country united kir jore payment relationship contact email ample com erry postcope swia taa complete verification proceed to payment your booking tue 12 aug 2025 10 18 30 economy passeng 1 adute total 486 it payment locked until all 4 verification steps are completed
st_obstruction9.png,data\synthetic2\obstruction\st_obstruction9.png,Synthetic,Figma,,"o——_—__-® Identity Verification Phone Verification B Phone Verification (OTP) Requ MOBILE NUMBER +44 o We've sent a 6-digit OTP to your phone number. It expires in 5 minutes. ENTER OTP CODE 4 Emergency Contac! Your Booking o Tue, 12 Aug 2025 o 10:18 s 30 c Economy P 1 Adute Total £486 it Payment locked until all 4 verification steps are completed.",obstruction,,identity verification phone verification phone verification otp requ mobile number 44 we ve sent 6 digit otp to your phone number it expires in 5 minutes enter otp code 4 emergency contac your booking tue 12 aug 2025 10 18 30 economy 1 adute total 486 it payment locked until all 4 verification steps are completed
