image_name,image_path,website,source,page,text,category,severity
hotel_0.png,data\raw\agoda\hotel_0.png,agoda,Real,,"UMS Q Text search Your budget (per night) MIN MAX 7 Rs. 1,46,690 Popular filters for Mumbai Refrigerator Bathtub Balcony/terrace Smoking area Family/child friendly Restaurants Front desk [24-hour] Book without credit card OOO0O0000 Residency Hotel Andheri ***4 @ Andheri East, Mumbai - 0.4 km to center 196 m from Western Express Highway + 3.5 km from Juhu Beach @ Agoda Preferred @ Coupon Code WEEKENDSALE applied - Rs. 1,530 off! Hotel cliffton **** @ Andheri West, Mumbai - 3.6 km to center 2025 Award 918 m from Oshiwara Station + 3.5 km from Juhu Beach — Booked 29 times today = r>] @ Agoda Preferred @ Coupon Code WEEKENDSALE applied - Rs. 605 off! 8.0 Excellent 1,412 reviews 8.3 Location score ‘Be Rs. 1,530 applied Per night after taxes and fees 12,836 -66% Rs. 4,381 7.6 Very good 2,552 reviews (1) ‘HE Rs. 605 applied Per night after taxes and fees 12,351 -72% rs. 3,490 a + FREE CANCELLATION",,
hotel_1.png,data\raw\agoda\hotel_1.png,agoda,Real,,"L_J Vile Parle (155) ai 7.8 Very good 2,981 reviews Hotel Parle International *** Panvel (105. "" @ Vile Parle, Mumbai - 1.6 km to center 7 QO (708) ‘ . ‘ A 165 m from Vile Parle Railway Station - 2.0 km from 8.5 Location score ivali i Dh, Juhu Beach oO Borivali (96) y ‘ Top attractions Z ' Booked 17 times today ° : ‘BE Rs. 454 applied oO Khar (89) Per night after taxes and fees Beach, Nightlife _759 16,749 -75% Show 25 more Vv Rs. 4,187 @ Coupon Code WEEKENDSALE applied - Rs. 454 off! + FREE CANCELLATION Payment options Ginger Mumbai, Andheri 6.6 Good (MIDC) * &* 2,514 reviews @ Andheri East, Mumbai - 0.5 km to center ONLY 3 LEFT oO Free cancellation (2122) (Pay at the hotel (1122) oO P. (1822) 1.2 km from Chakala - J.B. Nagar + 4.7 km from Juhu r) ay Now Beach 'H Rs. 634 applied oO Book without credit card (319) Booked 13 times today Per night after taxes and fees 14,422 -62% Star rating oO Agoda Luxe (11) [TD te tee tee (134) [te ete e (397) rs. 0,413 @ Coupon Code WEEKENDSALE applied - Rs. 634 off! + FREE CANCELLATION 8.2 Excellent 3,273 reviews Lemon Tree Premier, Mumbai International Airport **** M Andheri Fact Miumhai . City canter T1 eee A7R) 8.6 Location score",,
hotel_10.png,data\raw\agoda\hotel_10.png,agoda,Real,,travel_2.png,,
hotel_11.png,data\raw\agoda\hotel_11.png,agoda,Real,,"- - 1 May 2026 2 May 2026 2 adults Q. Hotel Airport International SJ Friday 3 Saturday Be Overview Rooms Trip recommendations Facil Reviews Location > fom Rs. 0,760 QiZaVagT Sy Back to Top # WwW Bar Airport transter Family room W Luggage’storage Gauas ¢ Daily Internet/Wi-Fi fee: 337 INR Full policy About us Hotel Airport International—steps from Mumbai Domestic Airport and Vile Parle station—perfect for two travelers needing quick... Read more This property is in high demand! 16 travelers have booked today. Select your room Q We price match! Email property WY Free cancellation @ Pay at the hotel od Non-smoking BA Twin Bed it City view Cj Quick Answers =",,
hotel_12.png,data\raw\agoda\hotel_12.png,agoda,Real,,"(J Double (333) [J Single/twin (290) King (184) [) Queen (178) (J Bunk bed (8) Popular with families oO Kids stay for free Location rating O 9+ Exceptional (52) O 8+ Excellent (244) O 7+ Very good (391) Looking for something special? 4 May 2026 Friday fF] 2 May 2026 2 adults — Saturday _ & 2025 Award Hotel cliffton **** 7.6 Very good @ Andheri West, Mumbai - 3.6 km to center 2,552 reviews 918 m from Oshiwara Station + 3.5 km from Juhu Beach ON EFT Booked 29 times today (1) ‘Be Rs. 605 applied @ Agoda Preferred Per night after taxes and fees ® Best price for 4-star properties 12,391 -72% ns. 3,490 a @ Coupon Code WEEKENDSALE applied - Rs. 605 off! + FREE CANCELLATION Hotel Sterling Executive *** New to Agoda @ Navi Mumbai, Mumbai - 13.8 km to center 1.1 km from Turbhe Railway Station ONLY 5 LEFT ‘BE Rs. 396 applied Per night after taxes and fees. 2,363 17% O @ Coupon Code WEEKENDSALE applied - Rs. 396 off! rs. 1 ;966 a",,
hotel_13.png,data\raw\agoda\hotel_13.png,agoda,Real,,"Q Hotel Airport International 5 imay 2026 Overview Rooms Dee pnorws Executive Single Room 13 m7/140 ft? Max1adult 1 single bed & City view 'S Private bathroom (® Shower & Internet access — wireless ¥& Blackout curtains ®& Air conditioning @ Free bottled water & Refrigerator & Extra long bed Quick Answers Email property Trip recommendations = 2 May 2026 3 Saturday Location > Facil Reviews a 1 adult Room capacity exceeded @ © Free Cancellation @ Y Pay at hotele Y Parking vy Express check-in v Free WiFi See details a 1 adult Room capacity exceeded @ { Breakfast Included © Free Cancellation @ Y Book and pay now Y Parking vy Express check-in op Denn WARE: aR 2 adults Vv 1 room won Rs. 3,760 Back to Top BAT 569 -73% 1 room v 23,150 per night with taxes Book FREE Cancellation B44 569 -70% Last 3 rooms! 1room Vv KE Rs. 255 applied 23,420 Book per night with taxes FREE Cancellation Last 3 rooms!",,
hotel_15.png,data\raw\agoda\hotel_15.png,agoda,Real,,"Crivago Destination x Check-in/out Guests and rooms | Mumbai 1 May - 2 May 2 Guests, 1 Room @) = Filters (1) Price & Re... V Price Vv Location Vv < city centre Breakfast included Free cancellation WiFi Parking Restaurant More stays you may like | We found 404 hotels from 180 sites How payments to us affect ranking (@) S x FabExpress Orange Suite *** at Agoda Ls a Hi @ 01.128 ratings) Y Free cancellation “ 9 3.1 km to City centre Our lowest price wNSlLE *~: Budget-friendly stay in Mumbai, 31,904 View > >"" — Inviting lobby with on-site fireplace Past week: %2,299 ean —~- Navi Mumbai ae iG %2,326 Booking.com a oe id ass v %2,314 Priceline N ; ; Treebo Tryst Widlor Boutique ell NN kh Treebo Hotels (Goo gl b i, Location data from OpenStreetMaps . ; Mboteot & Book direct with hotel 3 MapData 10km Terms Report a map error @® Very good (719 ratings)",,
hotel_16.png,data\raw\agoda\hotel_16.png,agoda,Real,,"@) Crivago Destination x Check-infout Guests and rooms Mumbai 7 May - 21 May 2 Guests, 1 Room = Filters (1) Sortby v Price v Location V Hot deals Hotels Rating: 8.0+ Near city centre Breakfast included Free cancellation * > We found 249 hotels from 180 sites How payments to us affect ranking @) ; Bneyand Bhiwandi 9 4.5 km to City centre 35,495 > Lael . . 276,933 total *% On-site restaurant with bar, Outdoor swimming pool with waterfall %5,120 Agoda v Locomo Mumbai - Stay Work Eat Hostelworld a v Free cancellation Hostel @ Excellent (2,537 ratings) . 5,775 Q 4.3 km to City centre %80,850 total > *: Expansive rooftop terrace with city a y , i 4 views, Thoughtfully designed dorms... %5,700 Booking.com v (Google Location data from Open EB MapData 10kmL—_______1 ""Terms Report a map error",,
hotel_17.png,data\raw\agoda\hotel_17.png,agoda,Real,,"/ Destination Crivago Mumbai = Filters (1) Sortby v Price Vv Location V We found 249 hotels from 180 sites (210 ratings) 9 10.3 km to City centre Ramee Guestline Hotel Dadar kak @ Very good (6,087 ratings) 9 7.4 km to City centre *~: Multiple on-site dining options, Wellness amenities including sauna Gluinanor Miumbkaj Garansan +++ Check-in/out 7 May - 21 May Hot deals Hotels Rating: 8.0+ & Book direct with hotel v Free cancellation Y Breakfast included 33,988 "" 255,837 total View Deal > Expedia v Free cancellation before 6 May 35,645 «9,083 379,035 total View Deal > %5,529 Agoda %6,813 MakeMyTrip Guests and rooms 2 Guests, 1 Room Near city centre Google’ Breakfast included Bhayandar EB Map Data @) Free cancellation * > How payments to us affect ranking @) Bhiwandi > Location data from Open 10km L______4 ""Terms Report a map error",,
hotel_18.png,data\raw\agoda\hotel_18.png,agoda,Real,,"@) = Filters (1) Sortby v Price v Location V Hot deals Hotels Rating: 8.0+ Near city centre Breakfast included Free cancellation * > Crivago Destination x Check-infout Guests and rooms Map area 7 May - 21 May 2 Guests, 1 Room How payments to us affect ranking @) We found 296 hotels from 180 sites rooms with smart televisions 5,980 Agoda v Sky suites by Monarch *** CREREED Tip.com asai-Virar Good (1,008 ratings) Y Free cancellation > 9 Navi Mumbai, 13.3 km to Mumbai 5,403 - %4,502 of * Panoramic city and wetland views, 263,024 total Event and wedding facilities %4,495 Agoda v The Fern Residency Mumbai, Mir... hk Marriott Bonvoy & Book direct with hotel aw <A Location data from OpenStreetMaps EB MapData 20kmL—____1_ Terms_ Report a map error Google’ @® Very good (8 ratings)",,
hotel_19.png,data\raw\agoda\hotel_19.png,agoda,Real,,"Crivago Destination x Check-in/out Guests and rooms | Map area 7 May - 21 May 2 Guests, 1 Room @) = Filters (1) Sortby v Price Vv Location V Hot deals Hotels Rating: 8.0+ Near city centre Breakfast included Free cancellation X > We found 296 hotels from 180 sites How payments to us affect ranking @) %6,578 Irip.com Hotel Residency Andheri *** Expedia @©D very good (5,425 ratings) V Free cancellation before 6 May 36,233 <,860 Q 5.2 km to City centre 387,260 total w Deal > *~ Rendezvous restaurant with diverse cuisine, Dedicated fitness center %6,003 Agoda v Treebo Trend Kings Inn Vashi *** Treebo Hotels . Book direct with hotel ® Good (160 ratings) % Ook arece wit nore! v Free cancellation Y Breakfast included 9 13.4 km to City centre *: Essential laundry service, Convenient %2,270 Pe Sd _l Location data from OpenStreetMaps EB MapData 20kmL—____1_ Terms_ Report a map error Google’",,
hotel_2.png,data\raw\agoda\hotel_2.png,agoda,Real,,"XS FF Very good (ills) Looking for something special? 485 Great for Groups #4 Great for Families & Workation Friendly Pets Allowed Near popular attractions oO Colaba Causeway (65) oO Gateway of India (55) oO Nariman Point (41) oO Mani Bhavan Gandhi Museum (33) oO Chhatrapati Shivaji Terminus (31) oO Juhu Beach (25) (J sri Sri Radha Gopinath Temple (17) @ Vasai, Mumbai - 35.0 km to center Sahara Star Hotel ***** @ Vile Parle, Mumbai - 1.2 km to center 1.1 km from Vile Parle Railway Station + 2.9 km from Juhu Beach Booked 55 times today @ Agoda Preferred Sold out on your dates! 8.0 Excellent 4,826 reviews 8.8 Location score @ MEGA SALE Per night after taxes and fees 38,992 -68% Rs. 12,567 + FREE CANCELLATION",,
hotel_20.png,data\raw\agoda\hotel_20.png,agoda,Real,,"@) = Filters (1) Sortby v Price Vv Location V Hot deals Hotels Rating: 8.0+ Near city centre Breakfast included Free cancellation X > Crivago Destination x Check-in/out Guests and rooms Map area 7 May - 21 May 2 Guests, 1 Room How payments to us affect ranking @) We found 296 hotels from 180 sites €B Excellent (8,808 ratings) v Free cancellation before 5 May 27,237 9,208 Q 3.8 km to City centre 31,01,316 total w Deal > *~ Multi-cuisine restaurant, Cinnamon, India's first SMART hotel %5,240 Agoda 7,003 Booking.com Preferred Hotels 2 Resort % Book direct with hotel © very good (8,181 ratings) Vv Free cancellation before 5 May v Breakfast included ) yy 9 Navi Mumbai, 13.8 km to Mumbai N | 4 ‘ SX Location data from OpenStreetMaps % Direct to Aksa Beach, Outd 39,561a € AG! Irece access 10 ssa Beach, OUICOOr ' w Deal > Cogs €B MapData 20kmL.__4 Terms Report amap error pool with poolside bar 31,33,850 total",,
hotel_21.png,data\raw\agoda\hotel_21.png,agoda,Real,,"/ Destination Check-in/out Crivago x Guests and rooms Map area 7 May - 21 May 2 Guests, 1 Room @) Free cancellation * > = Filters (1) Sortby v Price Vv Location V Hot deals Hotels Rating: 8.0+ Near city centre Breakfast included We found 296 hotels from 180 sites How payments to us affect ranking @) Hotel Suba International **** Expedia © Excellent (8,808 ratings) v Free cancellation before 5 May 9 3.8km to City centre 27,237 29,208 %1,01,316 total ww Deal > *~ Multi-cuisine restaurant, Cinnamon, India's first SMART hotel %5,240 Agoda 7,003 Booking.com The Resort ***** Loyalty deal. Preferred Hotels & Book direct with hotel © very good (8,181 ratings) Vv Free cancellation before 5 May v Breakfast included 9 Navi Mumbai, 13.8 km to Mumbai ] ~ Location data from OpenStreetMaps E I Google EB MapData 20kmL—____1_ Terms_ Report a map error _ =a eran",,
hotel_22.png,data\raw\agoda\hotel_22.png,agoda,Real,,"Where to: vates” traveners: eee, ~ De Q Mumbai, Maharashtra, India | 8 Thu 7 May - Thu 21 May © 2travellers, 1 room Member Prices 200+ properties rovcwroncrervois (sin QE Continue with your booking > Feedback Guest Inn Residency View in a map Mumbai 32% off Compare properties 348-495 732,907 Get a side-by-side view of for 14 nights, 1 room up to 5 properties. Fully refundable 32,351 per night includes taxes & fees 5.6 47 reviews We have 1 left at this price Search by property name Select your room > .g. Marriott _Q 2g Mario The St. Regis Mumbai Mumbai 2 Pool Filter by Extended Stay at The Best Address Book for 3 nights & enjoy exclusive savings on food 2 havarana ena traatmante lamndry carvirac and Ct",,
hotel_23.png,data\raw\agoda\hotel_23.png,agoda,Real,,"Excellent 4.8 | (66 Ratings) +% 2,193 taxes & fees Per Night",,
hotel_24.png,data\raw\agoda\hotel_24.png,agoda,Real,,gB Inaugural Offer: Special discount of 417 applied. Valid for first 5 bookings of this property,,
hotel_25.png,data\raw\agoda\hotel_25.png,agoda,Real,,"CITY, AREA OR PROPERTY Goa, India __| 4Star __| Breakfast Included __| 3Star Price Per Night %0-%3500 = 3500 - = 7500 = 7500 - = 11500 = 11500 - = 15000 = 15000 - ¥ 30000 = 30000+ Your Budget Min to Max (70) (212) (120) (595) (343) (120) (51) (151) (92) CHECK-IN CHECK-OUT GUESTS Fri, 1 May 2026 Sat, 2 May 2026 2 Adults (80 Photos & Videos > ) (29 Photos & Videos > ) | Entire 3-Bedroom Serviced Apartment Couple Friendly v Book with 0 Payment v Free Cancellation till 24 hrs before check in +, Stunning beach access, spacious apartments, delightful homemade breakfast offered. ElsponsoreD Wc STARHOST Etereo Stays Luxury Apartments in Baga RL Likea4e ? Arpora | 2.6 km drive to Baga Beach | Entire 1-Bedroom Serviced Apartment Couple Friendly v Book with 0 Payment v Free Cancellation @) SEARC! Limited Time Offer =46;860 7,511 +2% 2,193 taxes & fees Per Night Excellent (44 Ratings) Limited Time Offer 25399 -9. 7Q2 Ask me anything! i A",,
hotel_26.png,data\raw\agoda\hotel_26.png,agoda,Real,,Limited Time Sale,,
hotel_27.png,data\raw\agoda\hotel_27.png,agoda,Real,,oe Explore the benefits before making your final decision! Secure your trip and travel worry-free,,
hotel_28.png,data\raw\agoda\hotel_28.png,agoda,Real,,ACT FAST! SINGLE UNITThis stay usually gets booked weeks in advance. Book now before it’s gone.,,
hotel_29.png,data\raw\agoda\hotel_29.png,agoda,Real,,"Early Bird Deal a4 H44 £9,666",,
hotel_3.png,data\raw\agoda\hotel_3.png,agoda,Real,,"Looking for something special? Great for Groups #4 Great for Families & Workation Friendly Sahara Star Hotel ***** @ Vile Parle, Mumbai - 1.2 km to center 1.1 km from Vile Parle Railway Station + 2.9 km from Juhu Beach Pets Allowed Near popular attractions Booked 55 times today oO Colaba Causeway (65) ® Agoda Preferred oO Gateway of India (55) oO Nariman Point (41) oO Mani Bhavan Gandhi Museum (33) [] Chhatrapati Shivaji Terminus (31) Aralia A Business Hotel Andheri MIDC x** @ Andheri East, Mumbai - 0.1 km to center 1.2 km from Chakala - J.B. Nagar Booked 23 times today @ Agoda Preferred oO Juhu Beach (25) (J sri Sri Radha Gopinath Temple (17) oO Marine Drive (16) Sold out on your dates! 8.0 Excellent 4,826 reviews 8.8 Location score @ MEGA SALE Per night after taxes and fees 38,992 -68% Rs. 12,567 + FREE CANCELLATION 7.9 Very good 1,579 reviews ‘Be Rs. 1,376 applied Per night after taxes and fees »",,
hotel_30.png,data\raw\agoda\hotel_30.png,agoda,Real,,"Early Bird Deal 46675 € 10,995",,
hotel_31.png,data\raw\agoda\hotel_31.png,agoda,Real,,B Inaugural Offer: Special discount of 279 applied. Valid for first 5 bookings of this property,,
hotel_32.png,data\raw\agoda\hotel_32.png,agoda,Real,,"CITY, AREA OR PROPERTY Goa, India EXPLORE ON MAP Q is) Applied Filters CLEAR | Early Bird Deals | Suggested For You Early Bird Deals (J 5 Star (14) (J 4star (28) ia Breakfast Included (60) (| 3Star (18) CHECK-IN Fri, 1 May 2026 CHECK-OUT GUESTS Sat, 2 May 2026 2 Adults (S) Villa 5 3BHK Villa With Private Pool Nerul | 2.9 km drive to Candolim Beach | Entire 3-Bedroom Villa SEARCH Limited Time Offer v Free Cancellation z 4,621 Book with 20 Payment +2656 taxes & fees Per Night (13 Photos & Videos > ) New to MakeMyTrip (65 Photos & Videos > ) StayVista at Mai Ludvina Assagao | 5.8 km drive to Vagator Beach | Entire 3-Bedroom Villa Couple Friendly v Book with 0 Payment v Free Cancellation Early Bird Deal 328485 FON 965 Ask me anything! i",,
hotel_33.png,data\raw\agoda\hotel_33.png,agoda,Real,,gB Inaugural Offer: Special discount of 3000 applied. Valid for first 10 bookings of this property,,
hotel_34.png,data\raw\agoda\hotel_34.png,agoda,Real,,Limited Time Sale Special discount available on this property. Book by 21st April to save BIG!,,
hotel_35.png,data\raw\agoda\hotel_35.png,agoda,Real,,Congratulations! Exclusive Discount of INR 5643 Applied on your first booking SELECT TO AVAIL,,
hotel_36.png,data\raw\agoda\hotel_36.png,agoda,Real,,Q@ Free cancellation till 1 hr of departure,,
hotel_4.png,data\raw\agoda\hotel_4.png,agoda,Real,,"Your budget (per night) (On ©) MIN MAX Rs. Op Rs. 1,46,690 Popular filters for Mumbai oO Refrigerator (J Bathtub oO Balcony/terrace oO Smoking area (J) Famity/chitd friendly oO Restaurants (J Front desk [24-hour] oO Book without credit card Ramee Guestline Hotel Junu, Mumbai **** @ Juhu Beach, Mumbai - 3.5 km to center 894 m from J V P D Bus Station » 213 m from Juhu Beach @ Coupon Code WEEKENDSALE applied - Rs. 637 off! Sai Palace Hotel *** @ Andheri East, Mumbai - City center 385 m from Western Express Highway + 3.9 km from Juhu Beach f.2 Very gooa 1,908 reviews ONLY 5 LEFT @. ‘Bt Rs. 637 applied Per night after taxes and fees 20,922 -c9% Rs. 6,502 8.5 Excellent 993 reviews 8.9 Location score Sold out on your dates! A",,
hotel_5.png,data\raw\agoda\hotel_5.png,agoda,Real,,"Your budget (per night) vunu beacn Booked 25 times today MAX -{Rs. 1,46,690 Popular filters for Mumbai OOO000000 Avion Hotel **4 @ Vile Parle, Mumbai - 1.3 km to center 920 m from Vile Parle Railway Station + 2.7 km from Juhu Beach Refrigerator Bathtub Balcony/terrace Smoking area @ Coupon Code WEEKENDSALE applied - Rs. 497 off! Family/child friendly Restaurants Milan International Hotel **4 @ Vile Parle, Mumbai - 2.8 km to center Front desk [24-hour] 745 m from Santacruz + 1.4 km from Juhu Beach Booked 14 times today Book without credit card Boosted Per night after taxes and fees 18,935 -60% Rs. 7,560 + FREE CANCELLATION 6.8 Good 697 reviews 8.4 Location score Rs. 497 applied Per night after taxes and fees 16,266 -71% Rs. 4,750 + FREE CANCELLATION 6.4 Good 1,325 reviews (1) ‘BE Rs. 495 applied Per night after taxes and fees Pf AMRF —-na; A",,
hotel_6.png,data\raw\agoda\hotel_6.png,agoda,Real,,"motel supreme VOMIOrts - eee Your budget (per night) Mumbai Airport *** 160 reviews O-—_———— @ Andheri East, Mumbai - City center 8.1 Location score 1.0 km from Western Express Highway + 3.6 km from MIN MAX > eo, Rs. 640 applied Rs. 0}----- Rs. 1,46,690 Per night after taxes and fees 8,827 -57% Popular filters for Mumbai Rs. 3,760 @ Coupon Code WEEKENDSALE applied - Rs. 640 off! + FREE CANCELLATION oO Refrigerator oO Bathtub @g Spring Season Limited time offer oO Balcony/terrace Gulf Hotel Colaba *** 6.7 Good South Mumbai, Mumbai - 20.6 km to center 1,009 reviews 1.9 km from Churchgate Railway Station - 567 m from Gateway of India + 1.1 km from Nariman Point ONLY 3 LEFT Booked 19 times today eo, Rs. 327 lied 's. 327 applies oO Smoking area (J) Famity/chitd friendly Per night after taxes and fees 5,909 -21% rs. 4,681 A @ Coupon Code WEEKENDSALE applied - Rs. 327 off! + FREE CANCELLATION 7.0 Very good a ) oO Restaurants (J Front desk [24-hour] oO Book without credit card Ramee Guestline Hotel Khar",,
hotel_7.png,data\raw\agoda\hotel_7.png,agoda,Real,,"; ; 4 May 2026 2 May 2026 Q. Jyoti Dwelling Hotel Friday | 3 Saturday Overview Rooms — 116 See photos Deluxe 20 m7/215 ft? + Max 2adults 1 double bed & City view © Private bathroom (® Shower & Wi-Fi [free] ® Air conditioning & Coffee/tea maker & Refrigerator j Quick Answers Email property Trip recommendations Location > Facil Reviews v raising v Free WiFi @ AGODA_SPONSORED - 2 465 off! See details Rewards & discounts ¥% Spring Season : 2 765 off! a 1 adult Room capacity exceeded @ ¥Y Non-refundable (Low price!) @ Y Book and pay now v Free fitness center access Y Parking v Free WiFi @ AGODA_SPONSORED - 2 261 off! See details Rewards & discounts aR 2 adults 1 room won Rs. 4,756 Back to Top per night with taxes Z48.207 -75% aK Rs. 260 applied 24,551 per night with taxes ifonly takes ""2 minutes Limited availability 1room Vv it only takes 2 minutes Limited availability",,
hotel_9.png,data\raw\agoda\hotel_9.png,agoda,Real,,"This price is guaranteed for... (0) 00:19:22 @ Parking le Great choice on price — this is the lowest rate at Jyoti Dwelling Hotel. @ We have limited availability at this price - book now! NEXT: FINAL STEP You won't be charged yet. @ Auto-applied coupon @ WEEKENDSALE Coupon applied Rs. 464.58 off We price match. Find it for less, and we'll match it! @ You saved Rs. 464.58 on this booking! 75% OFF TODAY Original price (1 room x 1 night) Rs. 19,626.20 Our price Rs_5,22T-13 WEEKENDSALE Coupon applied -Rs. 464.58 Bookina fees FREE",,
airbnb_0.png,data\raw\airbnb\airbnb_0.png,airbnb,Real,,Lakefront Cabin 5 by Tranquil Stays © Prcesinckde al fees ¥1B.125 for rights Syearshosting | nn azr2006 72572006 Fury fends welcome Sguests Bring your pts along for thestay. ag] _______J Freocneelstontlere Ae ty ones a CSD —— Fe Report thisting Come stay at our Lakefront cozy cabin located on the banks of Pawna Dam. The cabins relocated in the most serene spot of Pawna Dam with the direct view of water from the front facade. Perfect for couples looking for tranquilocations.. The space: We have a total of 5 cabins placed next to each ather. The cabins are placedin sucha ‘manner that all of them get a view of the Dam.,,
airbnb_10.png,data\raw\airbnb\airbnb_10.png,airbnb,Real,,"S Confirm and pay Proceed to payment You'll be directed to Razorpay to complete payment. By selecting the button, l agree to the booking terms. Continue to /Razorpay ® Cottage in Alibaug - Breeze Cottage 2 4 483(23) 43 Guest favourite Free cancellation Cancel before 21 April for a full refund. Full policy. Dates Change 22-25 Apr 2026 Guests Change 3adults Price details 3nights x 25,9151 177453 Taxes 27775 Total INR 18,5228 Price breakdown",,
airbnb_11.png,data\raw\airbnb\airbnb_11.png,airbnb,Real,,"Qairbnb @ Anywhere — Anyweek Add guests 8 What you'll do After years reporting from stadium tunnels and press rooms, I've learned that matchday's electric VIP access to a LALIGA match with Isabel Forner Go behind the scenes at Mendizorroze Stadium with the renowned commentator. See the teams warm up from the sidelines, check out media-only areas, and watch a LALIGA EA Sports match from a VIP suite. Vitoria-Gasteiz - Performances ao 9 Hosted by Isabel Sports journalist and LALIGA expert Mendizorroza Stadium Vitoria-Gasteiz, Basque Country @ Official LALIGA experience Created to bring you closer to LALIGA Coming 30 Apr Become ahost",,
airbnb_12.png,data\raw\airbnb\airbnb_12.png,airbnb,Real,,"Qairbnb @ Anywhere — Anyweek Add guests 8 Becomeahost @ = Kayaking experience on the Chapora river. Join me for a kayaking adventure in the clean, idylic backwaters of the Chapora river. $498 - 220 reviews Revora - Water sports ao 9 Hosted by SoulCandy Tours Goa Local experienced kayaker (revora church) Revora, Goa What you'll do From 22,500 / guest Show dates",,
airbnb_13.png,data\raw\airbnb\airbnb_13.png,airbnb,Real,,"* 4.98 - 230 reviews Marcel ‘Watford, United kings corey Rupesh was extremely knowledgeable, friendly, ‘and responsible. He knows a lot about Goan history ‘and about the local fora & fauna, We basically floated about 5km downstream, on the Chapora River, and then kayaked back up to the starting... ‘Show more ‘Adharsh Sunnyvale, CA dette Fo vary Kayaking was truly the highlight of our Goa trip! Rupesh shared in-depth history about the river and the surrounding landin such an engaging way, we were completely captivated, We also learned lot ‘about the various birds around us, which made th... ‘Show more ‘Sumeet Berlin, Germany dette aowary 2026 ‘One of the best experiences overall. Location, kayaking, vibes, food were all perfect @ Anynere —Anyweek —Addquests 7, United King trite February 2026 Wow, that was so much more than a kayak tripll Lots of history, food, culture and wildlife all rolled in. Rupesh was super attentive, proactive and generous throughout which made it an amazing experience, not just an activity. One of the best... Show more GA Chloe Bristol, United King trite February 2026 Kayaking with Rupesh was the highlight of our time inGoa, The stretch of river we were on was Peaceful and we saw lots of wildlife, even though it was not early in the morning. Rupesh was a biliant guide, friendly and knowledgeable of the local.. Show more Somya Dharamshala, nia dette Janwary First of al, location was really beautiful. have been ‘to Goa for so many times before, but this experience was something really different. Specially | would recommend taking the early ‘morning slot for the kayaking. As there are lot of... Show more Show all reviews From 22,500 / guest Free cancellation Tomorrow, 16 April 748-9:30am Tomorrow, 16 April 720-9:45am Tomorrow, 16 April 75pm Friday, 17 April 748-2:30am Friday, 17 April 730-9:5am Show all dates Show dates 1S spots available 1S spots available 1S spots available 1S spots available 1S spots available Become ahost ®",,
airbnb_14.png,data\raw\airbnb\airbnb_14.png,airbnb,Real,,"ExperiencesinMumbai 21-22 Apr 3 guests Becomeahost @ = Originals Type» = Timeofday v8 Filters Mumbai Street Food and Local Mumbai Morning Markets: Flowers, Fish, Explore iconic sights Of Mumbai in Explore Mumbai's night life in an Explore Dharavi's hidden gems Explore Mumbai heritage Market Tour and More Four Hours Aircon Car 2hours-21and22 Apr land 22 Apr ""1 and 22. urs: land 22 Apr From 1,000 / guest 4: om 21,250 / quest -# 4.98.64 reviews From 31750 / guest # 494.68 reviews 13500 / quest 499-192 eviews om #356222978 / quest # 50-108 reviews Local culture andhistory > > Dharavi Slum Tour with Optional Dhobi Explore the Ancient Elephanta Caves Mumbai Sightseeing & Elephanta Caves Explore Mumbai Night Tour with Car Stroll through Mumbai's colonial past, Bandra Heritage Walk Guided Tour ghat Laundry Allinctusive Guided Tour & Guide 25hou 22Ap¢ 2Shours-21 and 22 Apr 2hours-21and22 Apr hours: 21 and 22 ‘hours -21 and 22 Apr From: From 3900 / quest om 3750 / quest -# 4.96 762 reviews jews m 88580-37650 / quest From #529935,400, © 2026 Airbnb, Inc. - Privacy - Terms - Company details @ English(IN) & INR Support &resources V",,
airbnb_15.png,data\raw\airbnb\airbnb_15.png,airbnb,Real,,"id ; + Mumbai's flavors at Aachen GUEESY ical train and taxi to iconic spots, savor snacks, non-vegetarian specialties, and Mumbai - Food tours edby ver Mumbai through its flavors by Ticket window 000 / quest bai, Maharashtra 000 / quest 000 / vest Show dates reseancélaton Become a host",,
airbnb_16.png,data\raw\airbnb\airbnb_16.png,airbnb,Real,,"S Confirm and pay Book for just your group Make it private for free Qa Just you and your group will attend this experience. Learn more Proceed to payment You'll be directed to Razorpay to complete payment. By selecting the button, lagree to the booking terms and release and waiver. View Privacy Policy. Continue to /Razorpay Taste Mumbai's flavors at sunset Free cancellation Cancel before 20 Apr, 5:30pm (IST) for a full refund Date Tuesday, 21 Apr 2026 5:30pm -7:45pm Guests Change Sadults Price details 23,000 x 3 adults 29,000 Enter a coupon Total INR 29,000",,
airbnb_17.png,data\raw\airbnb\airbnb_17.png,airbnb,Real,,"Visit hidden gems with a Mumbai local Ghours- 21 and 22 Apr From $2,250 / quest -* 50-10 reviews Mumbai Full Day City & Bollywood Tour Experience Shours-21and 22 Apr From 36,550 / quest Bandra Walking Tour: Fishing Village & Culture 2hours.21 and 22 Apr From £1850 / guest Explore Mumbai City Tour including Car 4thours-21 and 22 Apr From #799937,200 / quest peed’ Oe Company details Terms © 2026 Airbnb, Inc. - Privacy @ Experiences in Mumbai @ Originals Type v NU re Dharavi Slum and World’s Biggest Open- AirLaundry Shours 21 and 22 Apr From $950 / quest -# 4.95 -19 reviews Mumbai City Tour & Cooking Experience with Meal 6hours.21 and 22 Apr From 38550 / guest <€ Time of day wv 2-22 Apr Becomeahost @ 3guests Ca} Mumbai local transport tour 35hours-21 and 22 Apr 425 / quest Taste hidden gems of Mumbai street food Shours- 21 and 22 Apr From 32.378 / quest From over Mumbai's Soul with an Architect Guide Shours-21 and22 Apr From 8450 / quest Mumbai Full-Day Sightseeing and Dharavi Slum Tour 4hours-21 and 22 Apr From $2,850 / quest -# 50-3 reviews Taste Mumbai's flavors at sunset 25hours-21 and 22 Apr From 33,000 / guest Explore Mumbai Heritage Walking Tour 2Shours.21 and 22 Apr From 21330 / quest -#475-4reviews ® English (IN) = INR Support & resources V",,
airbnb_18.png,data\raw\airbnb\airbnb_18.png,airbnb,Real,,"Behind the flame and fusion flavors by Erick Book with me and get $300 off this Aprill Use code CHEFS0CDMX at checkout (Limited time only!) Hurry! §, Automatically translated #50 - 18reviews fa From 26,478 / quest Minimum 11,336 to book Free cancellation Chef in Mexico City Provided at your home 9 & Anywhere Show dates ‘Any week Pizza class Learn to prepare traditional sourdough pizzas, served with appetizers and dessert. The pizza oven is provided in this offering, 26,478 / gue Taco omacase Dine on a 7-course omakase-style tasting menu featuring handmade tortillas. Tacos are prepared using traditional and modern technique... 210,257 / guest - Minimum 218,893 to book Fresh Pasta Class Learn to make your own fresh pasta and sauces with snacks and dessert included. 210,797 / guest - Minimum 218,893 to Fine dining tasting Feast on a 7-course Mexican fusion tasting menu prepared using traditional and modern techniques. This seasonal menu features fres... 217,274 / quest - Minimum 232,389 to book Become a host e",,
airbnb_19.png,data\raw\airbnb\airbnb_19.png,airbnb,Real,,"Aaramghar Stays - 3BR Secret Garden w/ Breakfast Entire home in Pokharkarwadi, India ‘Miguests. Sbedrooms.Sbeds-3bathrooms, +500. reviews © Prcesinchde al fees $70,000 for2 nights Hosted by Aaramghar Stays a Superhost- 4yearshesting (exec eco srrnes ays72005 By Outsoorentertsoment oust ¥ ‘The sunbeds, pool tesco ring and BBQ are are rst forsumvrer tps esigned for staying coo! ae rarer) ary * ‘Beat the heat with the A/C, portable fan and ceiling fan. a ween C=» You canchackinwith the bulding state Youwontbe charged yet FE Report thiststing scape tothis charming 2-Bedroom Spanish-style chalet, nestled amit lush greenery and breathtaking mountain views. Designed with elegant tall celings and spacious interiors, the vila offers alarge living and dining area perfect for gatherings. Step outside to.enjoy the expansive garden, relax by the large private swimming pool, and soak in the serene natural suroundings. A perfect retreat for families and friends seeking comfort, space, and tranquility. The space..",,
airbnb_2.png,data\raw\airbnb\airbnb_2.png,airbnb,Real,,"Premium 4BHK Stay | Calm + Spacious + Elegant @ Share © save Entire apartment in Bengaluru, India 8 guests - 4 bedrooms - 4 beds. 4 bathrooms '® Prices include allfees Guest One of the most loved homes on 497 33 20,083 for 2 nights favourite & — Airbnb, according to guests seen Reviews 5/1/2026 5/3/2026 Hosted by Siddarth ‘Superhost -8 months hosting guest Free cencelationbefore 30 Apa eo Designed for staying cool Beat the heat with the A/C and ceiling fan. Reserve",,
airbnb_20.png,data\raw\airbnb\airbnb_20.png,airbnb,Real,,"i Confirm and pay 1. Log in or sign up 2. Add a payment method 3.Review your reservation Aaramghar Stays - 3BR Secret Garden w/ Breakfast 45013) F Supethost Free cancellation Cancel before 6 August for a full refund. Full policy Dates change: 7-9 Aug 2026 Guests eam adult Price details 2nights x ®35,000.00 270,000.00 Taxes 212,600.00 Total INR 382,600.00 Price breakdown This property requires a 210,000.00 security deposit. twill be collected separately by the property prior toyour arrival or at check-in.",,
airbnb_3.png,data\raw\airbnb\airbnb_3.png,airbnb,Real,,"Qairbnb 1H) Anyurere —Anyweek — Addguests @ Become ahost Premium 4BHK Stay | Calm Spacious Elegant Entire apartment in Bengaluru, India © Prcesinckce al fees 8 quests bedrooms. beds 4 bathrooms vont Jp caper aneg — Guestsovethi able stay Fe Report thiststing [Abright, spacious 4BHK wrapped in reenery—perfect for families, group stays & peaceful work trips. Enjoy cozy bedrooms, balcony coffee moments. foosbail/board",,
airbnb_4.png,data\raw\airbnb\airbnb_4.png,airbnb,Real,,"Qairbnb Entire rental unit in Mapgaon, India 3 guests- 1bedroom- 1bed- bathroom +475. Treviews Oe Syearshosting By Outdoor entertsiment ‘The fresco dining and outdoor seting ae gret for summer trips. Q) Extraspacious Guests ovethis home's spaciousnes fora comfortable sty. © Paktortree Trisis oneofthefew places in thearea with free parking Welcome to Oasis, your cosy Alibaug hideout (3 ‘This sunfiled 18HK has a comfy bed, kitchenette, and breezy balcony for slow mornings Enjoy beach walks, breakfast at home, or work with fast WF S440 F9.720 for2nights Freocneelstontlere Ae Youwontbechargedyet Fe Reportthiststing Become ahost",,
airbnb_5.png,data\raw\airbnb\airbnb_5.png,airbnb,Real,,"« Confirmand pay 1. Log in or sign up 2. Add a payment method 3.Review your reservation Hillview 6 475(118) Free cancellation Oasis | Cozy 1BHK With Cancel before 21 April for a full refund. Full policy Dates 22-24 Apr 2026 Guests adults Price details 2nights x %5700 Long stay discount Taxes Total INR Price breakdown ® 2180.00 discount appi change: change: =1400 -81680 %486 10,206",,
airbnb_6.png,data\raw\airbnb\airbnb_6.png,airbnb,Real,,"Price breakdown 2nights - 22-24 Apr =11,400 Long stay discount -21,680 This discount is available because you are staying for 2 days. Taxes Total INR 10,206",,
airbnb_7.png,data\raw\airbnb\airbnb_7.png,airbnb,Real,,"Villa Rustica, Heritage Cottage In A Coconut Grove ® Share © save Entire villa in Donde Tarf Nandgaon, India 4 guests - 2 bedrooms - 3 beds: 2 bathrooms +4.75- 208 reviews © Rare find! This place is usually booked 41,083 for 3 nights a Hosted by Rajan : 7 years hosting contonn cocxour 4/22/2026 4/25/2026 §% —_Furryftiends welcome quests Bring your pets along for the stay. ~ ottawa ‘The firepit, alfresco dining, BBQ area and outdoor seating are great for summer trips. You won't be charged yet",,
airbnb_8.png,data\raw\airbnb\airbnb_8.png,airbnb,Real,,"& Cottage in Alibaug - Breeze Cottage 2 @ Share © save Entire cabin in Boris, India 4 guests - 1 bedroom - 2 beds -1 bathroom Guest One of the most loved homes on g favourite Airbnb, according to guests Hosted by Tanvi Superhost -5 years hosting ‘A, Amazing outdoor space Guests mention the pool and garden as highlights. 217,746 for 3 nights asso “ime | Si rewey Reviews Sauests Free cancellation before 21 April Reserve You won't be charged yet",,
airbnb_9.png,data\raw\airbnb\airbnb_9.png,airbnb,Real,,"S Confirm and pay 1. Login or sign up 2. Add a payment method 3. Review your reservation ~ % Cottage in Alibaug - A Breeze Cottage 2 MB) 4.83(23) 43 Guest favourite Free cancellation Cancel before 21 April for a full refund. Full policy Dates Change 22-25 Apr 2026 Guests Change adults Price details nights x %5,915. 177453 Taxes ws Total INR 18,5228 Price breakdown",,
cleartrip_0.png,data\raw\cleartrip\cleartrip_0.png,cleartrip,Real,,"Gicleartrip 1 ruprort company @ Offers Business» — «@ My Trips Support Save max on Flights! Upto 25% off | Flight from 21,499 | Upto 100% off on seats/meals CTFKSBIC suve Now Flat 10% off O oneway (© Round trip & 1 Adult, Economy ~ 7 Track flights: > BOM - Mumbai, IN © % Bir- Bengaluru, IN More offers View all Tue, Jul 28 Return Get a Flat 7% off on Flights fusinss Fares by Cesrtip ‘Student Senior tizen ‘Armed forces Get a Flat 7% off on Flights with with OO eretzeecaccisn rages KALE Ernsogooge discounts Uplovean ct Oputeoo st tas Bank My Zone & Neo Corsa! Book Now! _} Non-stop flights only ‘Search Flights Know more < > COuEIE 2 Ty Up to 20% off m Flat 10% off “vin Far is nner Up to 25%0 Flat 12% off Up to 710,000 off Up to 75000 Off, Up to 22500 off. is ’ - oot Ne ig ms - cn comes i",,
cleartrip_1.png,data\raw\cleartrip\cleartrip_1.png,cleartrip,Real,,"One way v — BOM- Mumbai, IN BLR - Bengaluru, IN Tue, Jul 28 ‘Traveller, Economy (Business Fares by Cearip student Senior etzen Armes forces ) fret sen tet Eotoem,Secamts | Upioteooa Cpranono ot 143 of 143 flights @ W710 25% off @ Setup 10 20% off @ UPt0 25% off + 3 Mont 'SBIMAX | wan Sol crean cares TRAVELMAX | Appicaie ona payments. 'SBIEMI | on soicreatcar wi ctupgrade Get free/discounted seat & meal ¢ Mon.27 Jul Tue, 28Jul Wed, 29.Jul Thu, 30Jul_-— Fr, 31Jul_ Sat O1Aug Sun, 02Aug with Cleartrip upgrade 26,304 25,531 25,525 25,525, 85,525, 25,308 25,525, ‘Show CT upgrade flights _( warece fights ID) siting Departure Duration ‘arial Price Partial Refundable (OD Mumbaichatrapati.. —&5,537 oss Tstop 12400 off with FESTIVEMAX (CO Navi Mumbai,NaviM.. %,799 = © include check-in baggage © Show multi-aitine itineraries Details CO & Airindia xpress €5,798",,
1_home.png,data\raw\easemytrip\1_home.png,easemytrip,Real,,"Av =Sindiav © & EMTMate © EMTDesk @EMTRoyale { Explore Bharat Join EMTPro com, ‘Agent travel solution Corporate travel program For Prime Members A Tour to India Enjoy More Benefits — Bharat ka Travel App — SFlights [{jHotels trains fHeus Wetolidays cabs @ activities PB) visa ooMore FROM To DEPARTURE DATE RETURN DATE TRAVELLER & CLASS Delhi Mumbai 13 apr2o26 Book a round trip [traveller v SEARCH [DEL] Indira Gandhi international Airport [80M] Chhatrapati Shivaji International A. Monday to save more Economy EMT Airport Experience @ S7 Best Flight Deals { Monuments ©) Metro GiftCards (J emTcards (6) Forexcash&Cards ( Exclusive Offers Bank Offers Flight Hotel Bus Holidays Cabs",,
hotel_0.png,data\raw\easemytrip\hotel_0.png,easemytrip,Real,,"14/04/2026 15/04/2026 ag ‘= SY Zip By Spree Hotels Brookefield Excellent rs kok Bengaluru Urban>Bengaluru>AECS Layout»Brookefield | 9 Explore Map = y ie Couple Friendly * restaurant « wifi + 24-hour room service + gym GD ese Z 4,503 * 15% Discount on Food & Soft Beverages night * Flat 2500 Cashback on Bookings above 25000 View Rooms “Subject avaiabiny © scan QR to Book this hotel atz 4,401 <>) HSBC Bank Credit Card EMI - Get INR 1265 Off > Login to Book at 2 4,502 Q__ Enter hotel name or location Filters Reset g Lowest Price Guarantee e cheaper than anywhere Last Minute Deals \ Spree Resort At Century Wintersun Excellent Ba reviews kk Bengaluru Urban>Bengaluru Couple Friendly * restaurant « wifi + 24-hour room service * 10% Discount on Food & Soft Beverages * Flat 2500 Cashback on Bookings above 25000 “Subject avaiabiny @ scan QR to Book this hotel at @4,258 <> HSBC Bank Credit Card EMI - Get INR 1224 Off",,
hotel_1.png,data\raw\easemytrip\hotel_1.png,easemytrip,Real,,Hurray You Got 2500 Cashback,,
hotel_2.png,data\raw\easemytrip\hotel_2.png,easemytrip,Real,,"S fe) EaseMyTrip,, 2 & & 20 — Bharat ka Travel App Flights Hotels Trains Bus Holidays. Cabs Activities Visa More |. Review and Travellers > 2 Payment Zip By Spree Hotels Brookefield *** Site 627, Aecs Layout, Kundalahalli, Brookefield, Bengaluru, Karnataka 560037 Check-In Check-Out Guest 14 Apr 2026 15 Apr 2026 2 Adults, 1 Child 12:00 PM 11:00 AM 1 Room |1 Night Room Type: Deluxe King Or Twin Bed Room Inclusions: @ 15% Discount on Food & Soft Beverages @ Breakfast not included @ welcome Drink @ 10% Discount on Laundry @ Complimentary Mineral Water Daily 1 bottles @ Free wi @ Complimentary stay for children under 5 years without extra bed @ Complimentary Tea/Coffee Maker with Daily Replenishments Cancellation Policy: Booking is non refundable. @®) Guest Details Title First Name Last Name [Change Hotel] [change Room: ©@© Room Price Details 1Room X 1 Night Total Discount © Price After Discount Taxes & fees Grand Total © Customer Service v © = 5,621 es 2 4,503 2253 24,756 Lowest Price Guarantee You're getting the lowest price available anywhere Offers & Promo Codes EMTHOTELS @ Remove Congratulations! instant Discount of Rs. 556 has been applied successfully. @ emtnotets EMTHOTELS ~ Get Rs. 556 Off on hotel booking CD EMTCAIF",,
hotel_3.png,data\raw\easemytrip\hotel_3.png,easemytrip,Real,,"Modify Search 14/04/2026 15/04/2026 \ Q Enter hotel name or location Filters Reset Lowest Price Guarantee Hotels cheaper than anywhere Last Minute Deals Upto 60% off Price Z1- 2,000 {| €2,001- @ 4,000 = 4,001 - Z 8,000 8,001 - Z 20,000 © scan QR to Book this hotel at Z 1,916 ' Spree Hotel Jaipur kkk Jaipur>Bani Park Couple Friendly Local IDs Accepted * restaurant + wifi + 24-hour room service + gym * 15% Discount on Food & Soft Beverages * Flat 2500 Cashback on Bookings above 25000 “Subject avaiabiny Richi Rich Studio Apartment ak Jaipur>Shyam Nagar Couple Friendly Local IDs Accepted * swimming pool « restaurant * gym Excellent 996 reviews 1,481 +806 taxes & fees / night View Rooms",,
hotel_4.png,data\raw\easemytrip\hotel_4.png,easemytrip,Real,,"wT. : = = EaSeMyTrip,,,, a 2 ES S — Bharat ka Travel oo Flights Hotels Trains Bus —_ Holidays Visa |. Review and Travellers > 2 Payment Spree Hotel Jaipur **> D-55-A, Madho Singh Rd, Bani Park, Jaipur, Rajasthan 302016 Check-In Check-Out 14 Apr 2026 15 Apr 2026 02:00 PM 12:00 PM Room Type: Deluxe Twin Room Inclusions: @ 15% Discount on Food & Soft Beverages @ Breakfast not included @ Complimentary Packaged Water Daily | bottles [Change Hotel] Guest 1 Adult 1 Room |1 Night [change Room: @ Complimentary stay for children under 5 years without extra bed @ Complimentary Tea/Coffee Maker with Daily Replenishments. © Free wi Cancellation Policy: Booking is non refundable. @ Suest Details Title First Name Room1 Adult} Mr. ¥ ENTER FIRST NAME Last Name ENTER LAST NAME ©@© Room Price Details 1Room X 1 Night Total Discount © Price After Discount Taxes & fees Grand Total © Customer Service v © 22,446 -2 486 1,960 zu %2,070 Lowest Price Guarantee You're getting the lowest price available anywhere Offers & Promo Codes EMTHOTELS & Remove Congratulations! Instant Discount of Rs. 242 has been applied successfully. @ ewtuotets EMTHOTELS ~ Get Rs. 242 Off on hotel booking oO EMTCAIF",,
hotel_5.png,data\raw\easemytrip\hotel_5.png,easemytrip,Real,,"EMTSALE Help us preserve India’s Heritage & Green Spaces! Th : intain ¢ okingl Z164 instant discount + 2102 Cashback GRAB20 Up to 20% instant off Mytrip EMTBOBDC for payments ma OUR OFFERINGS Make your travel easy with a wide range of products and services. Ques Flight Hotels Trains Holidays POPULAR DESTINATION Bus Cabs Airiines Airports INTERNATIONAL DESTINATION Trovel Guides Check PNR Status EMT PRO Activities POPULAR AIRLINE Travel Updates Corporate travel Blog Flight Check-in CONNECT WITH US WOELES OFFERS EMT INSIGHTS MEDIA INVESTOR RELATIONS CURRENT OPENINGS, wt DOWNLOAD EASEMYTRIP APP SCAN QR CODE EaseMyTrip. seo a [at Dowricadon the | EaseMyTrip offers ‘End to End travel solutions including alk tickets for more than 400 intemational and domestic airlines, hotel bookings for nearly | million hote!s in inciia Google play | App Store App Store cand abroad, cab booking with 4000+ cab operators, bus tickets with 2000+ bus operators, and railway tickets in india forall major cities.",,
hotel_6.png,data\raw\easemytrip\hotel_6.png,easemytrip,Real,,"14/04/2026 © r5/os/2026 ae Rooms Overview Amenities Location Booking Policy Guest Rating 4.2/5 Rating Category fxcellent Based on N16 reviews Cleanliness ho Location GUEST RATING ——— 35 4.2/5 Sleep Quality as bocerton Nie reviews ——___—. Rooms —_——__— 35 service 35 Value —EE 35 What our guests say Fantastic stay Vinodi23456890123 Awesome stay Helpfull staff Neat and clean room Breakfast was superb Will be coming soon when ever visit again Bengaluru Try ones best hospitality ever seen in | stay hotels All basic needs... Nov 2022 Good stay nice staff clean atmosphere catering needs to be improved i.e. reduce chilly flavour best managers they will address possportag437345268 Good reception best manager and ambient stay! House keeping is good. But catering needs to be improved because too much chilly powder is being used especially in rott, parora sidedishOther than. ct 2022 Avery good affordable stayyyy YorunegStvamuna8a This hotel is very good according to its price, | booked it through online and the hotel is open 24hrs for check in, We really enjoyed our stay and room was clean and cozy and food taste was good but... Dec 2022",,
hotel_7.png,data\raw\easemytrip\hotel_7.png,easemytrip,Real,,"Bangalore, India 14/04/2026 15/04/2026 1 Room, 3 Guests ( Modify Search ) Taj West End, Bengaluru ***** 9 #25 Race Course Road View on map Rooms Overview Amenities Location Booking Policy Guest Rating parden View King Bed This hotel is covered under Lowest Price Guarantee! View Detalls Benefits 1 Room only © Room only © Rate includes accommodation and Wi Applicable Taxes extra © Rate includes accommodation and Wi Applicable Taxes extra i for upto 4 Devices. for upto 4 Devices. 3x Guest |1xRoom Per Night Price Book Now and Get 3,686 OFF e28,200 F 24,534 + 85,076 Taxes & fees (Per Night) Cancellation Policy: Or This hanbing ie men ref imdinhte Luxury Room Garden View King Bed © Freetolletries @ toning facilities @ luggage Storage @ Front Desk Select Rooms 6 rmtocnmmntensingtoesssey Excellent 5084 reviews €28,200 % 24,534 25,076 Taxes & fees Base price (Per Night) © Parking facility (As Per Availabilty) + More Amenities EMTHOTELS Coupon code Is applied Book Now @ Flat z500@",,
hotel_8.png,data\raw\easemytrip\hotel_8.png,easemytrip,Real,,"EaseMyTrip,,,, a =| — Bharat ka Travel zp — Flights Hotels Trains L.Reviewand Travellers > 2. Payment Taj West End, Bengaluru #25 Race Course Road @ Guest Details Adult Room 1 Title Master @ & 8 Bus Holidays Cabs Check-in 14 Apr 2026 02:00 PM Q 28 Activities Visa More ‘Check-Out 15 Apr 2026 ‘12:00 PM Guest 2 Adults, 1 Child 1Room | 1 Night Room Type: Luxury Room Garden View King Bed Inclusions: @ Room only @ Rate includes accommodation and Wi-Fi for upto 4 Devices. Applicable Taxes extra @ Rate includes accommodation and Wi-Fi for upto 4 Devices. Applicable Taxes extra Cancellation Policy: This booking is non refundable First Name ENTER FIRST NAME First Name ENTER FIRST NAME Last Name ENTER LAST NAME Last Name ENTER LAST NAME [change Hotel] [change Room] © Room Price Details 1Room XI Night Total Discount © Price After Discount Taxes & fees Grand Total Offers & Promo Codes EMTHOTELS. © Customer Service v © 28,200 -23,666 224,534 25,076 29,610 @ Remove ‘Congratulations! Instant Discount of Rs. 3666 has been applied successfully. @ = emtuoteis EMTHOTELS - Get Rs. 3886 Off on hotel booking Get # 4230 Off on Hotel Booking| 22538 instant discount + 21692 O EMTSALE cashback ©. Easepay et flat Rs. 800 OFF on hotel booking",,
hotel_9.png,data\raw\easemytrip\hotel_9.png,easemytrip,Real,,"Q Enter hotel name or location Filters Reset Lowest Price Guarantee Hotels cheaper than anywhere 17/04/2026 19/04/2026 \ eet Couple Friendly + restaurant + wifi + 24-hour room service + gym v Free Cancellation +2 243 taxes & fees / night «18% Discount on Food & Soft Beverages * Flat 2500 Cashback on Bookings above 25000 G Book with ZO ‘Subject to availablity © scan QR to Book this hotel at 4,239 > Login to Book at € 4,336 ‘Spree Resort At Century Wintersun Excellent 273 reviews kkk Bengaluru Urban>Bengaluru Couple Friendly * restaurant ¢ wifi » 24-hour room service z 6,271 | Peng * 10% Discount on Food & Soft Beverages +2 851 taxes & fees / night * Flat 2500 Cashback on Bookings above 25000 View Rooms ‘Subject to availablity",,
travel_0.png,data\raw\easemytrip\travel_0.png,easemytrip,Real,,"€10 € 20 €50 100 @ Add Travel Insurance and Secure your Trip with ACKO Travel Insurance for 215/Person (Upon Selecting Travel Insurance ,You accept the Terms and Conditions of the travel insurance policy) Yes, | want to secure my trip with insurance. More than 36% of our customers choose to secure their trip. No, | do not want to insure my trip Contact Details Your ticket & bus details will be shared here Email Address Phone Number +91 © Use GSTIN for this booking (opTionaL) lagree with T&C , Bus Policies and Privacy Policy of EaseMyTrip.com PayPal VISA RuPayy @@ “nen, ©SACKO Vv Price Summary Onward Fare BaseFare x1 GST Grand Total Offers & Promo Code O EMTYOLO ¢5501 E4662 =839 z5501 Apply Use EMTYOLO and get up to Rs.150 off e) DELIGHT Use this coupon and Win a Flight, Hotel stay ‘and Holiday and Get assured voucher worth Rs.4000 View All Coupons pss Net Easy Banking ~@ EMI Option Safe & Secure Transactions",,
travel_1.png,data\raw\easemytrip\travel_1.png,easemytrip,Real,,"EaseMyT rip,,, a @ & 8 Q 8 \customer service v © — Bharat ka Travel Ago Flights Hotels Trains Bus Holidays Cabs Activities Visa. More Login or Signup QO airport TRANSFER @ OUTSTATION/OTHER @ HOURLY PICK-UP DATE & TIME Airport PickUp — v |) Indira Gandhi International Airport, Terminal 1, | A T AGRAHARAM, A T AGRAHARAM, GUNTUR 04/18/2026 12:35 pm ( SEARCH Filter Reset Dzire Or Equivalent Applied { EMTCAB | 4Seat | ILuggage Bag | AC Book Now and Get Rs 300 OFF* Cab Type =29,862 yP Kilometer Charges AY Fuel Type 2 z 29,562 Sedan 1837 km Included after that 10.25/km charge CNG with refill breaks 5 applicable Book Now Hatchback 4 9 Cancellation Policy ; : & Part Payment - 5 More Options > Free before 6 hours from the journey time. Pay 25 % now and rest to driver Suv 4 of 24/7 customer helpline Suv_luxury 1 S » . Fuel Type J aa Wagon R Or Equivalent Applied (EMAGAET yP 4Seat | ILuggage Bag | AC Book Now and Get Rs 300 OFF* Any 4 30,215 F 29,915 Kilometer Charges FQ Fuel type Diesel 1 1837 km Included after that N/km charge ‘CNG with refill breaks applicable Petrol 1 @ Cancellation Policy <Q PartPayment 4 More Options > cNnG Free before 6 hours from the journey time. Pay 25 % now and rest to driver 6 of 24/7 customer helpline — _",,
travel_2.png,data\raw\easemytrip\travel_2.png,easemytrip,Real,,"More Fare Options Available New Delhi > Bengaluru Onwards Flight Thu-16Apr2026 - 21:55 - 00:50 - AkasaAir Saver © Z 8,738 { BAGGAGE @ 7kgs Cabin Baggage @ 15 Kgs Check-in Baggage 6 FLEXIBILITY © Cancellation fee starts at € 3,999 @ Date Change fee starts at € 2,250 44 SEATS, MEALS & MORE Paid Seat Paid Meal BOOKNOW: Get extra Rs.275 instant discount on this flight Q Lock Price Flexi O Z9,158 f BAccacE @ 7kgs Cabin Baggage @ 15 Kgs Check-in Baggage Wf FLEXIBILITY © Cancellation fee starts at 2,499 @ Date Change fee starts at ¢ 299 4 SEATS, MEALS & MORE @ Complimentary Seat @ Complimentary Meal BOOKNOW: Get extra Rs.275 instant discount on this flight Q Lock Price",,
travel_3.png,data\raw\easemytrip\travel_3.png,easemytrip,Real,,"2’ fh & @ ®&® 8&8 2 B Flights Hotels Trains Bus Holidays Cabs Activities Visa More EaseMyTrip.,,. — Bharat ka Travel App — Ooneway @ Rounp trip @ muiticity DEPARTURE DATE TRAVELLERS 16/04/2026 1 Traveller Delhi(DEL) (C) Bangalore(BLR) (J EasemyTrip Corporate {_] Defence Forces (_| Students (_| Senior Citizens {_]} Doctors & Nurses FILTERS Reset CHEAPEST FASTEST 27,799 | 03h 50m 29,160 | 02h 40m (Non-stop © cm HDFCEMI | Get up to 27500 OFF via HDFC b RBLEMI | Get up to 26000 OFF via RBL Bank Popular Filters al Bank Credit Cards EasyEMI only. Credit Card EMI. Non-stop < Apr 13 Apr 14 Apr 15. Apr 16 Apr 17 Apr 18 ""| Hide Nearby Airports 27,289 27,799 27,289 27,799 27,799 27,289 ""| Depart Before 6 AM _ AIRLINES: DEPARTURE DURATION ARRIVE ""| Depart after 6 PM | @ Indico oonss _ AkasaAir . om \ | IC Air india Express A QP-1350 21:55 Te 00:50 New Delhi onstop Bengaluru Stops Vv Non-stop BOOKNOW: Get extra Rs.275 instant discount on this flight “1 stoy — 1step Flight Details | 2+ stop . AkasaAir 20:50 03h 00m 23:50 Price Range v A ap-1824 . rT ia @) Customer Service v © Login or Signup CLASS Economy v SEARCH = Other Sort Qa ICICIEMI | Get up to 215000 OFF via ICICI 6) Credit Card EMI. Apr 1g Apr 20 Apr 21 > 28,025 27,799 27,289 PRICE 28,738 Q Lock Price 2437 9 Seats Left 28,738",,
travel_4.png,data\raw\easemytrip\travel_4.png,easemytrip,Real,,"EaseMyTrip,,,, ca = io as iad eg Flights Hotels Trains Bus Holidays Cabs Activities — Bharat ka Travel App — Flight Detail K New Delhi to Bengaluru s Thu-I6Apr2026 | AkasaAir + 21:55-00:50 + Economy + Non-stop + 02h 55m 02h 551 A AkasaAir 21:55 ™ QP-1350 New Delhi (DEL) Boeing 737 Thu-16Apr2026 Terminal -1 Saver Fare Rules Baggage Hassle-Free Journeys Guaranteed. Select Exclusive Services to Enjoy Smooth & Seamless Journeys Like Never Before! g Free Cancellation for Any Reason Instant refund of approx Z 8,738 on cancellations 24 hrs before departure. Check T&Cs Free Date Change iS) °o® visa More 00:50 Bengaluru (BLR) Fri-I7Apr2026 Terminal-1 Flat 40% OFF ~ #958 1,175 Customer Service v © Price Summary @! yO wo Adult x1 27,278 Total Taxes + z1,460 Grand Total Z8,738 Offers & Promo Code EMTNCF Remove Congratulations! Zero Convenience Coupon is applied- You saved Rs.400 per passenger per sector. “Convenience fees not applicable* () EMTNCF ZERO Convenience Fees O BOOKNOW Get Rs.275 OFF on your flight booking. O) nenieut TAC Anniv",,
travel_5.png,data\raw\easemytrip\travel_5.png,easemytrip,Real,,"Total Taxes + 21,539 @ Add Travel Insurance and Secure your Trip with ACKO @249/Person “ACKO> Discount -2275 (Upon Selecting Travel Insurance ,You accept the Terms and Conditions of the travel insurance policy ) Grand Total 27,288 Yes, | want to secure my trip with insurance. More than 36% of our customer choose to secure their trip. No, | do not want to insure my trip Offers & Promo Code Travellers Details =] Name should be same as in government ID proof BOOKNOW Remove Congratulations! instant Discount of Rs.275 has been applied successfully. ADULT “Additional fees may be applied* Adult 1 v @ Booxnow Get Rs.275 OFF on your flight booking. Title (First Name & Middle name, if any) Last Name Title v © EMTNCF ZERO Convenience Fees Email Id (Optional) Contact Number (Optional) © bewcHt Win a Flight, Hotel stay and Holiday and Get. assured voucher worth INR 4000 (+) Frequent flyer number (optional) Add-ons (Optional) Continue Booki Pre-booked meals, Seats and Baggage are 30% cheaper than on-board price.",,
goibibo_0.png,data\raw\goibibo\goibibo_0.png,goibibo,Real,,"aN Flights Hotels Trains goibibo Bank Offers Flights Hotels DealPanti Da Bus, Hotels, Cabs, Flights, Trains Up to 45% OFF* for your summer trips! (4 Valid till 21st Apr'26 Stay in Ladakh Amid Apricot Blossoms! @ Limited period offer a am oe 88 g Bus Holidays Forex Insurance Offers For You Bus Trains Domestic Hotels Lowest Exchange Rates Guarante Doorstep Delivery Explore Offers Manage Booking (8) my trips View All © Domestic Hotels ORDER FOREX J&K in Bloom, Hotel Deal Inside! @ Limited period offer Hey lam Gia Student goPass",,
hotel_1.png,data\raw\hotwire\hotel_1.png,hotwire,Real,,"Sort by | Price range , Hotel class | _- Amenities \ Areas | Guest ratings | Health and safety — | Best match v | | Any v | | Any v | | Any v | | 1 v | | Any v | | Any v | 4t}, More } Reset LUXURIOUS A iahahaal iti - Infiniti Mall- Malad) 1 area selected to filter your search @ Hot Rate’ 5-star Hotel @) in Mumbai North - Chhatrapati Shivaji Int! Airpor... Aeatiaash 4 ae 9 2.1 miles from search $480= ER:JE9 Good! (682 Expedia: reviews) $117 - per night Madh istand\€) Free @ @_ includes & AH r= Viewall amenities $117 total \ What hotel will | get? Q Seo ad ISKCON Temple, Ji Essanititend © Hot Rate’ 4-star Hotel in Mumbai North - Chhatrapati Shivaji Int! Airport ... 9 4.1 miles from search tees <5) (121 A Expedia reviews) $7 6 per night Free @ @_ Includes =~ Viewall amenities $76 total What hotel will | get? Q i BandraWorll ind} , Trombay Koliwada Turn on price alerts Seallinkeridges Sra CricketiGround Get real-time updates if rates change for this trip. 1 S seasnarra | Shree/Siddy @ Save more when you sign in! x | Google Mumbai rer",,
hotel_2.png,data\raw\hotwire\hotel_2.png,hotwire,Real,,Overview Amenities Health & safety Ratings Room type Location Choose your room Hotel chooses bed type $117 /night pene 5-star hotel a $117 total freee) ; $ ; Itonly takes 2 minutes $480* 1 1 7 /night $117 total $118 total It only takes 2 minutes Select your room . It only takes 2 minutes Location Mumbai North - Chhatrapati Shivaji Intl Airport BOM. Great Location! 4.3) ourcustomers rated the location of this hotel Price checker 4.3 out of 5 Save $63 per night with this Hot Rate® Hotel! Points of interest @ Hot Rate $117 Juhu Beach 2.4 miles a Retail Price $180 ISKCON Temple 2.2 miles JioGarden 2.3 miles,,
hotel_3.png,data\raw\hotwire\hotel_3.png,hotwire,Real,,"hetwire Hotels Cars Flights Vacations y Support MyAccount Bundle your flight < average of $294 Build your package with 2 more options @ Hotel @ Flight tx) é 4 @ Leaving from Q Going to Departing Returning @ Tavelers 7 ic Apr 14 ic Apr 15 = 1 room, 2 travelers Find a deal",,
hotel_4.png,data\raw\hotwire\hotel_4.png,hotwire,Real,,"De. aut View ina map Search by property name Q eg. Marriott Filter by Beach access () Near the beach (3461) Stays within a 15-minute walk to the beach (_) On the beach (221) Nothing between you and the sand Popular filters () Seminyak (1063) () Breakfast included (4397) ©) Pool (8368) () Resort (338) ( Allinclusive (21) eqUILIBRIA SEMINYAK Seminyak ® Breakfast included 2 Pool Luxury One Bedroom Private Pool Villa. 1 Min to eat street, 5 Min to beach, 24hr floating B'fast & Butler, Cooking Class, Canapes, WiFi, Soundproof, Private ""Waterfall’, @ Exceptional 542 reviews The Vira Bali Boutique Hotel & Suite Kuta ® Breakfast included 2 Pool Wonderful 1,004 reviews Ubud Nyuh Bali Resort & Spa Lodtunduh 2 Pool Exceptional 266 reviews $4,499 $1,230 per traveler includes flight + stay $2,459 package total $4438 $776 per traveler includes flight + stay $1,551 package total $4525 $912 per traveler includes flight + stay $1,824 package total",,
hotel_5.png,data\raw\hotwire\hotel_5.png,hotwire,Real,,"Overview About Rooms Accessibility Policies Spa Mahamaya Spa invites relaxation with 3 treatment rooms, including spaces for couples. Skilled therapists offer deep-tissue and hot stone massages in a serene setting adorned with natural elements and bamboo architecture. Guests unwind with aromatherapy, body scrubs, body wraps, and facials while surrounded by lush greenery. The tranquil atmosphere includes flower-filled bathtubs for complete rejuvenation. ‘What guests liked about the spa F]_ The spa at this property offers a range of holistic treatments ina serene environment, with skilled therapists and a tranquil atmosphere. See all spaamenities 5 Package details $9 12 Apr 14 - Apr 22 « Stay (8 nights) + Flight (2 roundtrip tickets), taxes & fees per traveler (includes 1 room) Choose your room (a rooms G bed ) (* beds ) @ beds ) Showing 5 of 5 rooms WL RO 6G . aa ee %",,
hotel_6.png,data\raw\hotwire\hotel_6.png,hotwire,Real,,Rooms Suite with King Bed & Free breakfast P Free self parking [700 sa ft Hl 1 bedroom 4 Sleeps 3 jm 1 King Bed Vv Free welcome drink v Afternoon tea = Free WiFi Non-Refundable @ More details > + $0 We have 2 left per traveler (includes taxes and fees) Accessibility Policies Suite with Twin Beds ® Free breakfast P Free self parking Hl 1 bedroom 2% Sleeps 3 fem 2 Twin Beds v Free welcome drink v Afternoon tea => Free WiFi Non-Refundable @ More details > Save $613 + $0 We have 1 left per traveler (includes taxes and fees) Honeymoon Suite ®@ Free breakfast P Free self parking [700 sa ft Gl 1 bedroom 2h Sleeps 2 jm 1 King Bed v Free welcome drink v Afternoon tea = Free WiFi Non-Refundable @ More details > Save $699 +$52 We have 3 left per traveler (includes taxes and fees),,
hotel_7.png,data\raw\hotwire\hotel_7.png,hotwire,Real,,"Ubud Nyuh Bali Resort & Spa kkk Non-refundable EBB Exceptional 266 reviews Stay details > Suite with King Bed & Snights (check-in Apr 14) fem 1 King Bed Room details > ( Change stay \( Change room ) Flights Roundtrip, 2 travelers (2 adults) feo] Stay flexible with changes included o) We recommend booking a flight with changes included in case your plans change. Change flights Mumbai to Bali 5:15am - 4:40pm (8h 55m, 1 stop) IndiGo + Tue, Apr 14 x, You'll save $1,226 by booking a flight + hotel package ‘A Prices if purchased separately $1,972.70 fi Ubud Nyuh Bali Resort & Spa ‘oval pice - $1,078.00 % BOM - DPS total price Price Details Starting price per traveler $1,525.35 Number of travelers x2 Subtotal $3,050.70 Package savings © ~$1,226.69 Pay now © $1,824.01 Total $1,824.01 Rates are quoted in USD inal details Nex",,
hotel_8.png,data\raw\hotwire\hotel_8.png,hotwire,Real,,Flight details Fare: Saver @ Carry-on bag included @ 1st checked bag included X Non-refundable X Changes not allowed : Change flight ° Change fare ° Seats You can get seat information for this flight by contacting IndiGo after booking. Bag prices may increase at tl Bags v Carry-on bag included v 1st checked bag included ( Add bags),,
hotwire_0.png,data\raw\hotwire\hotwire_0.png,hotwire,Real,,"Advertisements @O: Get =» 60” Save BIG with Hotwire Hot Rate* Hotels! z Save »« $570 on your next trip. Bundle a flight and hotel when you book with Hotwire! Discover where you can go with Hotwire Travel with Hotwire Get to know Hotwire Customer service Deals About us Contact us This site uses cookies and similar tracking technology. As disclosed in our Privacy Statement, we and our partners may collect personal information and other data. By continuing to use our website, you accept our Privacy Statement and Terms of Service. Privacy Statement Terms of Servi Partner with Hotwire Suppliers",,
cozycozy_0.png,data\raw\ixigo\cozycozy_0.png,ixigo,Real,,"Goa, India cozycozy o ¥ Filters Price Accommodation type 3194 / 3264 accommodations 9.0 * 253 reviews = fone ks. al wll 4548 might total: 722739 (5 ¢) Apartment House 100 m? + La Goa Villa - 4bhk Baga Jaq... © Baga © Baga Cancellation Instant booking X273G miene total: 713680 (5 ¢) Entire home House 18m? 1f1 83 1 53 © Calangute Apartment 93m? 9.6 * 420 reviews € Wed 29Apr>Mon4May 56 2218 e =! Sort ""262A men total: 713120 (5 ¢) Entire home View deal Booking.com > View deal Booking.com > View deal Booking.com > ade me ri b Gele es Amboli siete — OD za © GQ zis8 seven © G9) %4200 waned Vv 722042 aier i inem ) 22579 — @%3150 ryrro69l 2 >) Gazsee Eamon > GB z4200) a ear"" @ EP 210008 D €B 23089 a © EB 73200"" i ~~ Panaji “Old Goa — ~ ~~ \) Ajara SITS Chandgad wars Fy V 758416 | ” 31323 Nesari Dadar aaa col + yo Patne Fs A * Belgundi . Berbod 7 a Bhimgad Wildlife Sanctuary Oecbris Gunj",,
flight_0.png,data\raw\ixigo\flight_0.png,ixigo,Real,,"Fare Summary Fare Type Base Fare Taxes & Fees Instant Off Total Amount 3 Travellers Partially Refundable 15,093 11,598 31,983 %24,708 @ Fight Selection — (2) Review & Traveller Details — (3) Add-ons — (4) Payment & _Login/Sign up HYD - NMI Non Refundable Now Departure 22:20 20 Apr, 05:35 Add Free Cancellation to your trip Trusted by most Indian travellers 1 Free Cancellation O Free Cancellation + Rescheduling O @%1,308 traveller @%1,908/traveller v Instant refund of ¥24,708 v Instant refund of %24,708 Y Cancel up to 24hrs before departure Y Change date, airline & even sector for free up to 24hrs v No-questions-asked refund before departure VY 24x7 priority customer service v No-questions-asked refund tec VY 24x7 priority customer service les la ©) I don't want Free Cancellation. Pay $25,800 fee if you cancel or reschedule %24,708 226,694 + 3 Travellers @ Lock Price @%828",,
flight_1.png,data\raw\ixigo\flight_1.png,ixigo,Real,,"@ SALE 1,983 Off Coupon applied. You will get an instant discount of 31983. Know More () HDFCEMI6 %2,000 Off Up to %2,000 Off with HDFC Bank Credit Card EMI Know More () IDFCEMI6 %2,500 Off Up to 5,000 Off with IDFC FIRST Bank Credit Card EMI Know More View All Offers > Fare Summary Fare Type Base Fare Taxes & Fees Instant Off Total Amount 3 Travellers Partially Refundable 15,093 11,598 31,983 %24,708 @ Fight Selection — (2) Review & Traveller Details — (3) Add-ons — (4) Payment & _Login/Sign up AIrporty as the Geparture airport: mw Air-India Express | IX 1512 @93% ©: Fri, 17 Apr 07:35 th 10m NMI - Navi Mumbai Navi Mumbai International Airport Fri, 17 Apr 08:45 HYD - Hyderabad Rajiv Gandhi International Airport Boeing 737 MAX 8 Narrow Narrow (Limited seat tilt) S s 99 ( ) es Hyderabad > Navi Mumbai Mon, 20 Apr + Non-stop * th 20m + Economy Baggage @ Cabin: 7 kg per piece, 1 piece per adult/child th Check-in: 15 kg per piece, 1 piece per adult/child You searched for a flight to BOM (Mumbai Chhatrapati Shivaji International Airport) , but you have selected NMI (Navi Mumbai International Airport) as the arrival airport. mw Air-India Express | |X 1511 (@100% On-time Mon, 20 Apr 05:35 th 20m %24,708 226,694 - 3 Travellers Mon, 20 Apr 06:55 Baggage @ Cabin: 7 kg per piece, 1 piece per adult/child @ Lock Price @%828",,
flight_2.png,data\raw\ixigo\flight_2.png,ixigo,Real,,"Overview Rooms Location Superior Twin Room 1 225sq.ft. {1TwinBed & Sleeps3 Vv Internet Access” Newspaper v Television \ Telephone —_/ Television Vv Ironing facilities \ Fan View Details Reviews Facilities Policies Room With Free Cancellation © Free Cancellation @ © Complimentary Wifi © Free Room Upgrade (Subject to Availal y) Room With Free Cancellation © Free Cancellation @ © Complimentary Wifi Room With Free Cancellation, Breakfast © Free Cancellation @ © Breakfast © Complimentary Wifi 37% off ) ‘@ Book with 20 26499 F4,036 + %617 taxes & fees per night for 1room 3 rooms left Reserve 1Room 36% off @ Book with 0 36899 FA, 366 + %655 taxes & fees per night for 1 room 3 rooms left Reserve 1Room 37% off ©® Book with 70 37200 €4,A72 + %684 taxes & fees per night for 1room 3 rooms left",,
flixbus.png,data\raw\ixigo\flixbus.png,ixigo,Real,,The prices may go up Book your trip in the next 09:31 minutes to secure your spot and avoid price increases later. Ok,,
orbit_0.png,data\raw\ixigo\orbit_0.png,ixigo,Real,,"Re , pay lat . O Reserve now, pay later Sheraton New Delhi Hotel New Delhi Total pri price 2% Pool Fully refundable Reserve now, pay later $175 nightly Excellent $412 total 58 526 reviews ¥ Total with taxes and fees Unlock trip savings up to $186 when you book a car + stay B@ Adda car to your trip and save. Shop car + stay Neighborhood @ New Delhi (1632) O Delhi (and vicinity) (1975) Delhi New Delhi O Delhi (DEL-Indira Gandhi Intl.) ewe! (2239) 2% Pool See more Fully refundable |B Insider Price available Reserve now, pay later $92 nightly - Wonderful $223 total Star rating From 670 reviews v. Total with taxes and fees O 5S stars (61) $147 O Astars (135) $42 VIP Access The Leela Palace New Delhi New Delhi CO 3 stars (1321) $16 2% Pool thy Hot tub See more",,
plumguide_0.png,data\raw\ixigo\plumguide_0.png,ixigo,Real,,"France > Paris > Sainte-Avoye Paris Hideaway PP 4 guests ZX 1bedroom,2beds ™ 1bathroom £2 20sq/m Tucked away on a quiet street in Le Marais, this apartment places you in one of Paris' most desirable postcodes. Inside, it's compact, but thoughtfully laid out, with a stylish little kitchen and living area where French doors open onto Juliet balconies — perfect for keeping things cool in the warmer months and a spot of people-watching. There's not a huge amount of space for cooking or dining, but with cafes and restaurants right on your doorstep, we expect you'll be spending more time in than out. x nise By using Plum Guide, you agree to emCadsaRaltes verage - We rejected 41,781 homes in Paris, so you don't have to. =94244 83,605 night ao 9 (] 13 May - 14 May 1 guest 291,241 x 1 nights 91,241 12% discount — 210,404 Cleaning and service fee Included Taxes Included @ Total non-refundable 380,837 O Total refundable 388,215 Cancel before 6 May, 2026 for a 50% refund. You won't be charged yet View 8 photos",,
stayvista_0.png,data\raw\ixigo\stayvista_0.png,ixigo,Real,,"STAY | VIS’ Overview Highlights Mumbai, Maharashtra {Guest Favourite! 45/5 | 99 Reviews & Upto9Guests & 3Rooms @ & 3Baths Greatfor: QQ View & Kids of by Infinity = Orchard River Bonfire Pool View & Connect with Host | The StayVista Experience if ee Waterway Retreat Wada, Mum... | 19-20Apr | 4 Guests e f) View Brochure +20 Amenities Request Callback ray poem &, Get in touch v Location Experiences 17,703 (for 3 rooms) Per Night + Taxes Sun, 19 Apr Mon, 20 Apr 2:00pm 11:00am Guests v No. of Rooms 4 Adults, 0 Chil... 3 Rooms SUNDAYSALE Apply to save 26% View all offers > Total See details FAQ's Apply 20,889 @ Reserve to get exciting offer for this property!",,
stayvista_1.png,data\raw\ixigo\stayvista_1.png,ixigo,Real,,"a g2Mm &, Get in touch v Home > Villasin Mumbai > Waterway Retreat-Wadain Mumbai > Payment Waterway Retreat - Wada th Share ie 5 {Guest Favourite! 2 Price details Mumbai, Maharashtra . , ‘ You pay zero convenience fees on your booking! @ Rental Charges (?) 217,703 Check-In Check-Out Sun 19 Apr 2026 Mon 20 Apr 2026 GST (As per government guidelines) 33,187 (From 02:00 PM) (Until 11:00 AM) SUNDAYSALE No. of Rooms Guests Apply to save 26% Apply 3 Rooms *% 4 Guests (4 Adults ) Apply offers / Future Stay Voucher / Gift Card > Total Payable %20,889 Booking & Cancellation policy o No Refund On your selected dates Ihave read and accepted the Terms & Conditions , Privacy Policies , Cancellation Policy and Indemnity Form Refund Policy Home Rules and Policy Check-in time: 2:00 PM, Check-out time: 11:00 AM Note: Early check-in and late check-out is subject to availability (at an additional fee) 100% Secure payment Trusted by 5Lakh+ guests",,
kayak_0.png,data\raw\kayak\kayak_0.png,kayak,Real,,"Ki Al Y{A|K| 3 Mumbai 2D Mopa Int! (GOX) @% May #& 20May & 2travellers + AskAl 2 ¥ = Allfilters + SmartFilters V ) Mealplan Y Stops V__—— Hotelclass V — Reviewscore VY Price V — Airlines V — Freebies = Amenities V —Propertystyle V = Pi > *£ = 2 4é Fetching prices... Malgaon r Joel's River Wood Pernem + EB) cecellent (12) tee 2 32,038 216.019 per person = 20:45 Mumbai Chhatrapati Shivaji Intl, Direct Flight + Hotel e See flight details » t Meals not included @ ° oe 9% Shorter flight 216,444 KAYAK MIX Seeall v v Bhumiputra stays — Pernem ~ Good (15) 2 36,311 218.156 per person z = 20:45 Mumbai Chhatrapati Shivaji Intl, Direct Flight + Hotel a See flight details » t Meals not included",,
oyo_0.png,data\raw\oyo\oyo_0.png,oyo,Real,,"EN Search by city, hotel, or neighborht © Nearme Tue, 14 Apr - Wed, 15 Apr 1 Room, 2 Guests | search| ® & 0124-6201611 Login / Signup — (@ Share <—E A. ke] View all photos Super Collection O Sector 5 Sanpada Formerly Opal Comforts iaTstovg 21379 %6299 + taxes & fees: 148 & Company-Serviced [JJ wizaro memser Tue, 14 Apr - Wed, 15 Apr 1 Room, 2 Guests \",,
oyo_1.png,data\raw\oyo\oyo_1.png,oyo,Real,,"ovo < Modify your booking # 1 j i ing! # Yay! you just saved 2291 on this booking! Super Collection 0 Sector 5 Sanpada Formerly Opal Comforts (ZEXE] (1031 Ratings) - very Good 1 Night Enter your details We will use these details to share your booking information Tue, 14 Apr - Wed, 15 Apr 1 Room, 2 Guests Full Name Email Address Classic Room price for 1 Night X 2 Guests %6299 Mobile Number Instant discount -%2481 60% Coupon Discount -%2291 Payable Amount %1527",,
oyo_10.png,data\raw\oyo\oyo_10.png,oyo,Real,,"Login / Signup EN ovo Pimpri Chinchwad, Pune, Maharas © Nearme Tue, 14 Apr — Wed, 15 Apr 1 Room, 2 Guests | search| ® 0724-6201611 z a View Details 2626 24455 ""| + €166 taxes & fees - per room per night | View Details | Collections Family OYOs Login now to get upto 15% lower prices Your friendly neighbourhood stay Enjoy up to 15% extra discount on your bookings For Group Travellers Local ID: ted ocal IDs accepte Hotel O Western Avenue Pune Formerly Happy ... & 7 people booked this hotel in last 6 Thergaon, Pune - 9 4.6 km hours & Company-Serviced OYOs welcomes couples EEE (128 Ratings) - Good Q Reception % Free Wifi Geyser +9 more + View More fw] WIZARD MEMBER Categories Townhouse - Your friendly, premium PI FB5Z 22006 7% off neighbourhood hotel- Serviced b) g ¥ + €160 taxes & fees - per room per night OYO Flagship - Affordable hotels at Prime locations- Serviced by OYO Super Collection O MIDC Pimpari Pune Formerly SK Palace",,
oyo_11.png,data\raw\oyo\oyo_11.png,oyo,Real,,"EN Search by city, hotel, or neighborh« © Nearme Tue, 14 Apr - Wed, 15 Apr 1 Room, 2 Guests | search| ® 0124-6201611_ 7 Login / Signup —— Er Townhouse Somani TC 1189 Ratings TESTE E1676 098 76% off + taxes & fees: $286 NOW TO GET UPTO 15% LOWER Ss u 5.0 - Check-in rating > Delightful experience Tue, 14 Apr - Wed, 15 Apr 1 Room, 2 Guests Amenities Classic 2 & ac & Free Wifi Ov ig) 24-Hour Front Desk #] Power backup = CCTV cameras @® WELCOME80 coupon applied -%2944 MORE OFFERS Show More About this OYO Your savings 2944 Location Total price 1962 The place is located near JSPM College, Pune, Maharashtra. Including taxes & fees @ Amenities Pre Book Meals, Pre Book Meals, Security, Modern Furniture, Spa, Curtains, Cutlery/Crockery, Kitchen, Continue to Book 24/7 Checkin, Kindle, Iron, Wheelchair Accessible, Laptop Friendly, Hair Dryer, Dining Area, In-house Restaurant, Room Area, Bath Tub, Card Payment, Daily Housekeeping, Fire-Extinguisher, Reception, ¥ 9k+ people booked this OYO in last 6 months Buzzer/Door Bell, HDTV, Conference Room, Dish Washer, Attached Bathroom, Mirror, CCTV Cameras,",,
oyo_12.png,data\raw\oyo\oyo_12.png,oyo,Real,,"ovo Search by city, hotel, or neighborh« © Nearme Tue, 14 Apr - Wed, 15 Apr DanCenter Aumenta Villa | 5BHK I Pvt Pool! Baga! GOA Mid range Y Company Serviced Amenities © #6 Ow &® Free Wifi Geyser Show More About this OYO Affordable hotels at prime location. Choose your room 68 Kitchen NK] Power backup EN TReom 1 Guest | seen | @ 0124-6201611 Call us to Book now Login / Signup LOGIN OGIN NOW TO GET UPTO 1 ES F15076 2800 55% off + taxes & fees: €3690 Tue, 14 Apr - Wed, 15 Apr 1 Room, 1 Guest Premium Villa -5BHK 2 @ Apply coupon MORE OFFERS Total price 218766 Including taxes & fees © Continue to Book @ Hurry, Only 1 room left! Cancellation Policy © Callens eafats: manciurne arhiead at the hatal",,
oyo_13.png,data\raw\oyo\oyo_13.png,oyo,Real,,"Login / Signup EN ovo Goa ‘© Near me Tue, 14 Apr - Wed, 15 Apr 1 Room, 1 Guest | search| ® o 2a e2016n1 ow neighbourhood hotel- Serviced by oyo x = ae | =a & Company-Serviced Pare Super Townhouse Madgaon e M1 people booked ‘Acco! ion Type Near Madgaon Railway Station, Goa hours Hotel (ERY (663 ratings) - very Good sig ®& Parking facility Pr Diningarea @FreeWifi +14 more Hotel Facilities a 2 [wy | WIZARD MEMBER | S TV | — & 26309 77% off AC + €133 taxes & fees - per room per night w Wizard Member OYOs Get 5% off ber hotel: . . ‘et 5% off on member hotels Townhouse Margao Near Railway Station Forme... 7 people booked Near Grace Church, Margao, Goa this hotel in last 6 \WV Show Only Wizard Member OYOs hours (ERY (284 ratings) - very Good Check-in features & Free Wifi & Bath Tub Power backup + 16 more (OY wzaro memeer Pay at Hotel",,
oyo_2.png,data\raw\oyo\oyo_2.png,oyo,Real,,"ovo < Modify your booking Yew . . eel #& Yay! you just saved 2076 on this booking! Super Townhouse APMC Market Mumbai Formerly Stayzi Inn i (189 Rati + Excellent Enter your details [45 x | atings) - Excellen 1 Night We will use these details to share your booking information Tue, 14 Apr - Wed, 15 Apr 1 Room, 2 Guests Full Name Email Address Classic Room price for 1 Night X 2 Guests 27065 Mobile Number Instant discount -%3605 491 v 60% Coupon Discount -%2076 Payable Amount 71384 ¥ 9 people booked this hotel in last 6 hours",,
oyo_3.png,data\raw\oyo\oyo_3.png,oyo,Real,,"ovo EN Search by city, hotel, or neighborh« © Nearme Tue, 14 Apr - Wed, 15 Apr 1 Room, 2 Guests | search| ® 0124-6201611_ , Super Townhouse APMC Market Mumbai Formerly Stayzi Inn ORES & Company-Serviced [JJ wizaro memser u 5.0 - Check-in rating > Delightful experience Y company serviced Amenities = ac & Free Wifi Ov Geyser Z] Power backup Q House Keeping Show More About this OYO OYO Townhouse is based on the needs of the millennial traveler. Every single element of the hotel — from the breakfast menu to the booking process has been re-engineered for comfort, efficiency, convenience and affordability. Login / Signup LOGIN NOW TO GET UPTO 15: PRICES F1180 2655 83% off + taxes & fees: €204 Tue, 14 Apr - Wed, 15 Apr 1 Room, 2 Guests Classic 2 @® > WELCOME80 coupon applied -%2076 MORE OFFERS Your savings %2076 Total price 21384 Including taxes & fees © Continue to Book ¥ 9 people booked this hotel in last 6 hours Cancellation Policy ©",,
oyo_4.png,data\raw\oyo\oyo_4.png,oyo,Real,,"‘© Near me ovo Search by city, hotel, or neighborh« EN Tue, 14 Apr - Wed, 15 Apr 1 Room, 2 Guests | search| & 0124-6201611 Login / Signup er) ) tp A Super Townhouse APMC Market Mumbai Formerly Stayzi Inn NOW TO GET UPTO 15% LOWER Ss LOGIN 189 Ratings F1180 2655 83% off + taxes & fees: €204 & Company-Serviced [JJ wizaro memser u 5.0 - Check-in rating > Delightful experience Tue, 14 Apr - Wed, 15 Apr 1 Room, 2 Guests",,
oyo_5.png,data\raw\oyo\oyo_5.png,oyo,Real,,"ovo Vashi, Navi Mumbai, Maharashtra © Nearme Filters Clear All Price 2607 75688 Collections Family OYOs Your friendly neighbourhood stay For Group Travellers Near Airport Local IDs accepted + View More Categories OYO Rooms - Super affordable stays & Company-Serviced Tue, 14 Apr - Wed, 15 Apr EN ""Room 2 Guests | seen | @ Super Townhouse Oak Vashi Vashi, Mumbai - 9 1.7 km (ZEEES (1621 Ratings) - excelient © Reception Free Wifi © Caretaker (OY wzaro memeer F1787 44 73% off + 8190 taxes & fees - per room per night 0124-6201611 Call us to Book now Login / Signup & 10 people booked this hotel in last 6 hours +19 more Super Collection O Lodha Experia Mall Dombiw... & 8 people booked Dombivli East, Mumbai - 9 12.5 km (EES 377 Ratings) - very Good [fi] Elevator (Z) Reception % Free Wifi (OY wzaro memeer FO58 M4289 73% off + 8180 taxes & fees - per room per night this hotel in last 6 hours +8 more",,
oyo_6.png,data\raw\oyo\oyo_6.png,oyo,Real,,"ovo Filters Clear All Price 2607 75688 Collections {_) Family OYOs {_) Your friendly neighbourhood stay {_) For Group Travellers {) Near Airport {_] Local IDs accepted + View More Categories {| OYO Rooms - Super affordable stays Vashi, Navi Mumbai, Maharashtra. ©- Nearme & Company-Serviced & Company Tue, 14 Apr - Wed, 15 Apr EN 1 Room, 2 Guests Search ® DUPE TOWNNUUSE APIVIL IVIarKEt IVIUITIDa! FOr... Vashi, Mumbai - 9 0.8 km (189 Ratings) - Excellent © Reception @ Free Wifi Geyser F1180 2665 80% off + £204 taxes & fees - per room per night Super Collection O Sanpada Railway Junction Vashi, Mumbai - 9 1.9 km (459 Ratings) - Excellent [fH Elevator © Reception # Free Wifi fw] WIZARD MEMBER F3828 44027 68% off + 8594 taxes & fees - per room per night 0124-6201611 Call us to Book now +7 more +9 more Login / Signup & 9 people booked this hotel in last 6 hours ¥ Hurry, Only 1 room left!",,
oyo_7.png,data\raw\oyo\oyo_7.png,oyo,Real,,"Search by city, hotel, or neighborh« © Nearme Tue, 14 Apr — Wed, 15 Apr Super Townhouse APMC Market Mumbai Formerly Stayzi Inn & Company-Serviced [JJ wizaro memser u 5.0 - Check-in rating > Delightful experience Y company serviced Amenities = ac & Free Wifi Ov Geyser Show More NK] Power backup ig) House Keeping 0124-6201611 1 Room, 2 Guests Le=_] S Call us to Book now 189 Ratings F1500 265 78% off + taxes & fees: £238 Tue, 14 Apr - Wed, 15 Apr 1 Room, 2 Guests Classic 2 @® WELCOME80 coupon applied -%2608 MORE OFFERS Your savings %2608 Total price 71738 Login / Signup",,
oyo_8.png,data\raw\oyo\oyo_8.png,oyo,Real,,"Amenities About this OYO Choose your room Ratings and Reviews Hotel Rules What's nearby (@ Share Y company serviced Amenities Ge AC & Free Wifi Ov Geyser Z] Power backup Q House Keeping Show More About this OYO OYO Townhouse is based on the needs of the millennial traveler. Every single element of the hotel — from the breakfast menu to the booking process has been re-engineered for comfort, efficiency, convenience and affordability. Read more Choose your room SELECTED CATEGORY ¥ taxes & fees: €238) Tue, 14 Apr - Wed, 15 Apr 1 Room, 2 Guests || Classic a @® WELCOME80 coupon applied -%2608 MORE OFFERS Your savings %2608 Total price 21738 Including taxes & fees © Continue to Book ¥ 9 people booked this hotel in last 6 hours Cancellation Policy © Follow safety measures advised at the hotel By proceeding, you agree to our Guest Poli",,
oyo_9.png,data\raw\oyo\oyo_9.png,oyo,Real,,"EN ovo Vashi, Navi Mumbai, Maharashtra. © Nearme Tue, 14 Apr- Wed, 15 Apr 1 Room, 2 Guests | search| ® or24-s201611 Filters Clear All 1 OYO in Vashi, Navi Mumbai, Maharashtra Map View @) Sort By Collections © upto 80% off. Valid until 14th Apr 2026. Family OYOs For Group Travellers Hotel O Home Exotic Studio Kalamboli Local IDs accepted Kalamboli, Mumbai - 9 11.5 km OYOs welcomes couples (ZEREY (504 ratings) - Excetient Categories al Home - Villas and apartments with extra space and privacy F1855 26954 68% off + €336 taxes & fees - per room per night Accomodation Type OYO Home Login / Signup Popularity v 800+ people booked this OYO in last 6 months Pas © Private entrance ©)Reception ©) 24-Hour Front Desk +8 more",,
Screenshot 2026-04-14 160545.png,data\raw\priceline\Screenshot 2026-04-14 160545.png,priceline,Real,,"@ sneaking dark pattern -Google x — [BJ Priceline.com-The Best Deals’ % [PB] Mumbai Hotels: 04/15-04/16| x [BJ Priceline.com x [+ ¢ Ask Gemini e] 3 priceline.com/relax-ui/listings?refid=PLGOOGLECPCB&refclickid=d%3AcBRAND16833014270g46024356902310941049094kwd-10842441%7C9062212%7C&destination=50... WW + o Hotels Cars Flights Packages Cruises Experiences WW? join vip Where to? Check-in - Check-out Rooms & Guests ¥ Update Search Mumbai, India 04/15/2026 - 04/16/2026 (1 night) 1 Room, 2 Adults (PESOS See Nasal 1703 hotels for tomorrow in Mumbai, India Thane) *oKalyan Hea Deals For You Fully Refundable Free Breakfast Luxury Pay Later Price ~ Mumbai North - Chhatrapati | Lonavala.. oogle iMap-data ©2026 Compare Properties Get a side-by-side view of up to 5 properties. Sort By Recommended , Amenities => Free Internet Access 1545) @ Free Breakfast 155) Free Parking Ginger Mumbai Airport v Free Internet Access, Free Parking, Fitness Center, Air... @ 1,268 Reviews 4-Star Hotel Top Booked ICONIQA Hotel Mumbai International Airport v Free Internet Access, Free Parking, Swimming Pool, Fi... CEE = Som eu 4 @ Sign in for a VIP-only discount %9,500 Total: 211,210 Includes taxes & fees Local Deal %993 Off Limited time offer 270 311,717 16:05 14-04-2026",,
Screenshot 2026-04-14 160704.png,data\raw\priceline\Screenshot 2026-04-14 160704.png,priceline,Real,,"© sneaking dark pattern - > o¢ pricelin Overview Photos Luxe Queen Room Sleeps 3 - 205 sq ft 1 Queen Bed P Free Parking + Free WIFI Room Details and Photos Non Refundable 79,500 Total: 211,210 includes taxes & fees 2 left at this price for this room on our site Non Refundable 710,300 Total: 212,154 includes taxes & fees 2 left at this price for this room on our site Amenities About Reviews D-Luxe Queen Room Sleeps 3 - 205 sq ft 1 Queen Bed P Free Parking 4 Free WIFI Room Details and Photos Non Refundable 710,500 Total: 212,390 includes taxes & fees 711,299 Total: 213,333 includes taxes & fees Non Refundable {Bi Price includes breakfast Show More v Ask Gemini Luxe Twin Room Sleeps 3 - 205 sq ft 2 Twin Beds ‘Free WIFI P Free Parking Room Details and Photos SOLD OUT This property is in high demand - book available rooms while you can. ea",,
Screenshot 2026-04-14 160742.png,data\raw\priceline\Screenshot 2026-04-14 160742.png,priceline,Real,,"x | [BY Priceline. x Xx |B Priceline - Checkout: Vile Parle. © sneaking dark pattern - € Cc priceline.com/cart/ch ZR Choose Room Guest & Payment Details Almost done! Enter your details and complete your booking now. Ginger Mumbai Airport Mumbai North - Chhatrapati Shivaji International Airport (BOM ) GOOD | 4-STAR HOTEL CHECK-IN CHECK-OUT NIGHT ROOM Wed, Apr 15, 2026 Thu, Apr 16, 2026 1 1 Luxe Queen Room 9 1 Queen Bed VY. Free Wifi VY Free Parking The guest checking into each hotel room must be 21 or older, present a valid Photo ID and credit card. 3 Booking Confirmation Price per night 29,500.00 1room Number of nights 1 Taxes and fees 21,710.00 Total charges 211,210.00 Coupons cannot be redeemed for this booking Prices in INR. Prices include all taxes and fees. GEE = eon ea Ask Gemini Start planning with Penny (x + 16:07 14-04-2026",,
Screenshot 2026-04-14 161150.png,data\raw\priceline\Screenshot 2026-04-14 161150.png,priceline,Real,,"©@ sneaking dark pai x | [BY Pricelinecom-Th % | [BJ Mumbai Hotels: ger MumbaiA x — (B) THEBEST20Tour x {BB Jaipur Pr u (B Mumbaitotels:0 x = + ¢ Ask Gemini < G@ 2% _experiences.priceline.com/India/d723-ttd Qrx o = Filters Tours, Sightseeing & Cruises How to Get Around Sightseeing Tours Tours by Duration Private Sightseeing Tours BusTours > 1,000+ results Sort by: Featured v "" { Special Offer Ww 49 (437) w& 49 (213) w 48 (1,694) w 49 (1,960) Full Day Backwater Village Private Full-Day Jaipur City Tour with Private Mumbai Sightseeing Tour Taj Mahal and Agra Private Car Tour Punting Boat Cruise Car, Guide & Skip-the-Line (Traveller's Choice Award Winner) from Delhi with 5* Lunch 6 hours - Free Cancellation 7 hours - Free Cancellation 4 to 6 hours - Free Cancellation 12 hours - Free Cancellation from 2,600 from %500 from 2,500 from 31,924 22,405 Price varies by group size Price varies by group size Price varies by group size Price varies by group size By clicking “Accept All’, you agree to the storing of cookies on your device to enhance site navigation, analyze site usage, https://experiences priceline.com/tours/Jaipur/Private-Full-Day-Jaipur-City-Tour-with-Various-Options/d4627-3254",,
Screenshot 2026-04-14 161318.png,data\raw\priceline\Screenshot 2026-04-14 161318.png,priceline,Real,,"@ sneaking dark p PB) Pricelinecom-Th x — [BJ] Mumbai Hotels: ¢ x | (BY THEBEST 20 Tou P) Jaipur Private Full x — [B] Mumbai Hotels: Ask Gemini eriences.priceline.com/tour © 7 hours (approx.) @ Pickup offered @® Group discounts O Mobile ticket 210,074.34 Price details @ Discounted rates for children =| Offered in: English and 4 more @© Car + Guide + Entrance Language U English Includes: Private Car with Driver, Guide and Entrance tickets. But Lunch is not included in this price. Date Travelers v v Pickup included Wed, Apr 15 a2 Q& English: In-person +4 more 210,074.34 | Update Search 7:30 AM | | 8:00 AM | | 8:30 AM | | 9:00 AM 2 Adults x 25,037.17 10 AM | 9:30 AM || 10:00 AM || 10:30 AM || 11:00 AM & Book ahead! On average, this is booked 32 days in advance 2 hours left to book. The tour operator will stop accepting © bookings for your date soon. @® Non-refundable - The free cancellation window has closed for okNew this date. 211,918.92 @ Back to top 2 Adults x 25,959.46 4 16:13 Q Search as a @ @ : © 14-04-2026 O Car + Guide + Entrance + Lunch",,
Screenshot 2026-04-14 161403.png,data\raw\priceline\Screenshot 2026-04-14 161403.png,priceline,Real,,"Overview What's Included Meeting and Pickup Itinerary Additional Info Cancellation Policy Reviews 210,074.34 Price details ) Discounted rates for children @ Car + Guide + Entrance Includes: Private Car with Driver, Guide and Entrance tickets. But Lunch is not included in this price. Pickup included vanguage & English: in-person +4 more English 710,074.34 on wave 2 Adults x 75,037.17 ate v ravelers yu 730 AM || 8:00 AM || 8:30 AM || 9:00 AM | Wed, Apr 15 22 7:00 AM ( 9:30 AM || 10:00 AM || 10:30 AM || 1:00 AM | Update Search @ Zhours left to book. The tour operator will stop accepting bookings for your date soon. 6) Book ahead! @ Non-refundable - The free cancellation window has closed for <aNey ‘On average, this is booked 32 days in advance. this date. O Car + Guide + Entrance + Lunch 3M,918.92 2Adults x #5.959.46 © Car+Guide F2127.04 2aduls «#108852 1,000.00 © Guide Only 2 Adults x 2500.00 Back to top",,
sawaari0.png,data\raw\sawari\sawaari0.png,sawari,Real,,"SAVAAR Bes Css) Home > Select Car Trip Type Pick up Time New Delhi - Mathura One way 15-04-2026 7:00 AM Modify Booking y Wagon R © 28% OFF £2,353 {\\3) or equivalent | 4 seater AC Cab = 1 70 2 A } & Driver allowance included A S&S +400 Charges and Taxes ‘ammo (@)_ 166 kms included | Post limit: €11/km , SELECT CAR Inclusions and Exclusions ¥ Toyota Etios @ 28% OFF £2,407 or equivalent | 4 seater AC Cab = 1 ,743 & Driver allowance included S&S + 402 Charges and Taxes (@._ 166 kms included | Post limit: #11/km : SELECT CAR Inclusions and Exclusions v Ertiga © 19% OFF £2,616 = yA La ESD or equivalent | 6 seater AC Cab , See 2,117 ae R EX Driver allowance included + 416 Charnes and Taxes",,
sawari1.png,data\raw\sawari\sawari1.png,sawari,Real,,"PICnup Loco Drop Location <] Personalize Your Journey Enhance your travel experience with our premium add-ons O New Delhi - Mathura Expressway — Most Popular O Cab with Luggage Carrier O New Car Promise - Model that is 2023 or newer O Chauffeurs who know your language Inclusions/Exclusions @ Inclusions e Exclusions vy Base Fare and Fuel Charges ; 166 km v_ Driver Allowance %35, ™149 %249 %199 x Beyond package km charged at %11/km after APP! PROCEED View Fare Break up Aa Base Fare 31,702 Driver Allowance %300 GST 2100.00 Total Fare %2,102",,
Screenshot 2026-04-14 221107.png,data\raw\skyscanner\Screenshot 2026-04-14 221107.png,skyscanner,Real,,"@ Flight Ticket Booking: Cheap Fi X = + +> Ask Gemini - ag xX € G —&_skyscanner.co.in/?locale=en-GB&gclsrc=aw.ds&8iutm_source=google8utm_medium=cpc8utm_campaign=IN-Travel-Search-Brand-SkyscannerPure-Desktop&utm term=s.. ® x @ my C1) a Mz . s~< Skyscanner Hep @ @Y @ Login % Flights ( = Hotels )( > Cars Millions of cheap flights. One simple search. Oneway ¥ From e Depart Travellers and cabin class Mumbai (Any) Goa North Manohar International (GOX) 16/05/2026 1 Adult, Economy Seareh eo @ Add nearby airports WB Add nearby airports ¥) Add ahotel @ Direct flights @ Explore everywhere ENG IN 22:10 cy 6 SW) 14-04-2026 } n 6",,
Screenshot 2026-04-14 221128.png,data\raw\skyscanner\Screenshot 2026-04-14 221128.png,skyscanner,Real,,"Compare Cheap Hotel x S| Cheap domestic flights from MX = + ¢ Ask Gemini G@ 8% _skyscanner.co.in/transport/flights/ibom/gox/260516/?adul i nomyéichildrenv2 homeurtn=0&preferdirects=false&outboundaltsenabled=false.. Oo 1 ae Skyscanner Help English (UK) #8 India ZINR @ )(. a» Cars = Hotels Flexible on your dates? cv Mumbai (Any) - Goa (GOX) - 1 adult, Economy Explore different dates to find cheaper flights 13 May 14May 15 May 23,032 23,586 23,765 17 May 18 May 19 May im] 33,572 3,052 23,580 Flexible dates @ GetPrice Alerts (Checked 19 of 27 5 Show whole month Stops a Cheapest Fastest 23,321 33,586 Sort ¥ Direct thts th from 83,321 stop from 85,825 as SS thos Book with Akasa Air from rom : 2 : 13:05 » 14:30 24,977 BOM Direct GOX Baggage “ Select all Ti deals from (¥) 07:30 ‘nos 08:35 23,638",,
Screenshot 2026-04-14 221444.png,data\raw\skyscanner\Screenshot 2026-04-14 221444.png,skyscanner,Real,,"®& Hotels| Compare Cheap Hotel x = p estic flights from M % | Hotels| Compare Cheap Hotel X + Se skyscanner.co.in/hotels/search?checkin=2026-05-16&checkout=2026-05-18&adults=1 &rooms=1&source=FlightsDayViewOC&entity_id=275418888sort=sort_type_best_d... jere do you want to stay? Check-in Taxes and fees not included | 556 results Display total including taxes ALCORN OR Search as you move the map bid dh. sy Juven”, Reis Magos).. 3.415 + Top reviews Lowest price Most stars Nearest first ¥ RIM Parvoyron ¥10,297 28,559 Old:Goa 1,398 | a earlim 2| 8,200 erie 4 We find prices from all across the web — what providers pay us affects how we sort results. Learn how Skyscanner works Taleiaao, %6,000 mali — %2, %1,598 ta Cruz %807 CARANerteeer 138 2,500 Taj Cidade de Goa Heritage, 9 2,283 Kund Goa Our cheapest price ( 214250 J Bambolim os $14,250 oon ahem ee 0.38 km from Radiance Diagnostics agoda 18,749 Agacaim 4.5/5 12,025 reviews Free cancellation Breakfast included Madkai the Location 4.5/5 8 More deals from v Vasco Chicalim Cortalim 814,250 Da Gama #2511) Dabolim __Sancoale %6,000 sate %2,702 M8 Cozy AC Studio Aptin Panjim 90 a WS : =@om@a 2 gy Zt",,
Screenshot 2026-04-14 221619.png,data\raw\skyscanner\Screenshot 2026-04-14 221619.png,skyscanner,Real,,"| Compare Cheap Hotel X Cc skyscanner.co.in/hotels/search?checkin=2026-05-168&checkout=2026-05-18&adu Where do you Goa ® Cheap domestic flights from MX Cozywoods Hill Resort 1.43 km from Karmali Station 3.7/5 32 reviews 1.25 km from Maruti Ground 4.3/5 191 reviews Guests liked: Beautiful vibe - Exceptional service - Helpful staff « Well maintained 4} Summarised by Al Hotels | Compare Cheap Hote! x B The Hosteller Goa, Old Goa, G 8rooms=1&sour Check-in 16/05/2026 Check-out 18/05/2026 34.924 - 49% off 32,500 arin: agoda ecee Free cancellation Cheapest from 1,964 310,297 erin ” Expedia Free cancellation More deals from €10,297 lightsDayViewOC&entity id=27541888&sort=sort type bestd.. ® rx x + + Ask Gemini eo Guests and rooms Jadult, 1 room Search hotels -> Searchasyoumovethemap @™) HX sel pee ones 3,415 + Panag’, %10,297 T Chat ua Reis Magos 78,559 Old\Goa %1,398 00 3 8,200 arlim %e716 4 Taleiaao %6,000 ‘mali 82, %1,598 pte Crux %807 3,367 CARANenterr 33,438 22,283 1,769 5 Bambolim %5,720 Goa'vetna 18,749 Agacaim 9 Vasco Da Gama 2,511 Chicalim Cortalim Dabolim Sancoale Velsao %15,913 Cansaunnr )5-18/hotel/hotel/hotels?legacy_provider_id=228&rooms=1&closed_user_group=generaléhb_data=peOCvPMRTaEA2-Kuy65x6USy2U6k3npKKil1 AdN6viuNMo2dRjINRjU_uXA1XcQ-2... QED = om ea « aa 22:16 14-04-2026 et) =",,
uc0.png,data\raw\urbancompany\uc0.png,urbancompany,Real,,"Urban Company Select a service Upto 20% OFF Super saver Waxing Bridal facial packages Korean facial Signature facials Cleanup v Pedicure & Threading & face Bleach, detan & manicure wax massage © 1201, Cliff Ave- Hiranandani... v Q. Search in Salon Luxe Cleanup Hydra mud glow cleanup © 4.90 (6K reviews) 31,299 * 45 mins * Purifies skin & refines pores to reveal a healthy, natural glow * Suitable for dry skin View details Detox mud cleanup © 4.91 (2K reviews) . @ Get 750 coupon After first service delivery UC Promise Y 4.5+ Rated Beauticians Fogun> iy Y Luxury Salon Experience Y Premium Branded Products View Car",,
uc1.png,data\raw\urbancompany\uc1.png,urbancompany,Real,,"juc| Checkout Salon Luxe Account Hydra mud glow cleanup - 1+ 31,299 To book the service, please login or sign up Avoid calling before reaching the location Coupons and offers Login/Sign up to view offers Payment summary Item total 31,299 Taxes and Fee 89 Total amount 31,388 Amount to pay 31,388 Amount to pay 1,388 View breakup",,
uc2.png,data\raw\urbancompany\uc2.png,urbancompany,Real,,"Checkout Send booking details to +91 7385896672 Q Address Select address Cancellation policy © Free cancellations if done more than 12 hrs before the service. A fee will be charged otherwise. © If the pack is unused, it can be cancelled for a full refund. Read full policy @ coupons and offers Payment summary Item total Pack discount Taxes and Fee Total amount Amount to pay Add a tip to thank the Professional =50 275 %100 POPULAR 100% of the tip goes to the professional. Amount to pay 1 offer > 35,956 1,400 3339 34,895 34,895 Custom 34,895 View breakup",,
uc3.png,data\raw\urbancompany\uc3.png,urbancompany,Real,,"Urban Company Select a service OFF ‘Super saver packs Stress relief Pain relief ck « ‘Ayurvedic skin Add-ons care © 1201, Cliff Ave- Hiranandani... v Q. Search in Spa Ayurveda 25% OFF Pack of 4 F999 z4.299 per massage* & Full body *Valid for 5 months 4 sessions (Mon-Sat only): Abhyangam massage © 4.80 (127K reviews) 2 options Add Starts at 74,116 25346 ® Starts at $1029/session * This massage pack can be redeemed between Monday to Saturday only View details 25% OFF Pack of 4 @ Get 750 coupon After first service delivery UC Promise no Y Verified Professionals agua VY Hassle Free Booking Y Transparent Pricing 34,556 35,956 iew Cart",,
yatra_0.png,data\raw\yatra\yatra_0.png,yatra,Real,,"ae O 5 [2] Corporates v 6, For Travel Agents &_ support v lum Hotels 2 Holidays ® Bus & Trains Cabs + DiyaA Round Trip Multi City Departure From Going To Departure Date V Return Date V Travellers & Clas: New Delhi Mumbai 16 Apr'26 ne 1 Traveller to save extra my (@ Claim your Covid Refund Gulf Crisis: Important Flight Updates > Claim Refund for Cancelled Flights > yatre Summe?: Ravel sex | uP TO 5Q% OFF xn : is",,
yatra_1.png,data\raw\yatra\yatra_1.png,yatra,Real,,"Date > New Delhi (DEL) Mumbai (BOM) 16Apr - Return YT Stops: 0 1 2 Price v Depart Time v Airlines ¥ Filters MyAccount * Support ~ Recent Search ~ Aircraft v 2 Travellers, Economy More Filters v Offers Modify Search Non Stop a < Wed, 15 Apr Thu, 16 Apr Fri, 17 Apr Sat, 18 Apr Sun, 19 Apr Mon, 20 Apr Tue, 21Apr Wed, 22 Apr Thu, 23 Apr Fri, 24 Apr > fs] 27.268 26,203 %6,203 26,203 26,665 26,451 %6,203 26,203 %6,203 26,203 PR Sort By: DEPART ARRIVE DURATION PRICE NON STOP FIRST New Delhi(DEL) 2h 10m Mumbai(BOM) 26,906 SpiceJet 16:30 18:40 SG-476 416 Apr 16 Apr View Fares Indira Gandhi (T-1D) Upto Rs. 3,000 OFF with ICICI EMI option. Use code - YTICICIEMI New Delhi(DEL) 2h 25m SpiceJet 20:10 $G-162 Non Stop Chatrapati Shivaji (T-1) Mumbai(BOM) 22:35 6,906",,
yatra_2.png,data\raw\yatra\yatra_2.png,yatra,Real,,"Fare Options ONWARD B SG-476 DEL — BOM 16 Apr 16:30 - 18:40 Services 6,906 O 87,280 O 8,619 Deal Of The Day Spice Saver Spice Max Oh - 3h: Non Refundable Oh - 3h: Non Refundable Non-Refundable 3h - 4d: INR 4,899 3h - 4d: INR 4,899 4d - 365d: INR 3,899 4d - 365d: INR 3,899 Cancellation From departure time Oh - 3h: Non Changeable Oh - 3h: Non Changeable 3h - 365d: INR 2,999 3h - 365d: INR 2,999 Date Change , Non- Changeable From departure time Preferred: Chargeable Preferred: Chargeable Seat Selection SpiceMax: Chargeable SpiceMax: Chargeable Free @ Checked Bag 15 Kgs 15 Kgs 15 Kgs Hand Bag 7 Kgs 7 Kgs 7 Kgs Yf Meal Chargeable Chargeable Complimentary meal Important: Details are based on information provided by the airline, Fees mentioned apply per traveller and do not include the Yatra service fee. 26,906/adult",,
yatra_3.png,data\raw\yatra\yatra_3.png,yatra,Real,,"yetve Your Trip Details New Delhi - Mumbai | Non-Stop B SpiceJet Thu, 16 Apr 26 SG-476 16:30 New Delhi (DEL) Indira Gandhi International Airport, T- 1D Selected Fare Details 2h 10m Economy | Deal Of The Day Total Time: 2h 10m Thu, 16 Apr 26 18:40 Mumbai (BOM) Chatrapati Shivaji, T-1 Deal Of The Day Inclusions x Es) Cancellation Non-Refundable Date Change Non- Changeable & ols Seats Meal Preferred: Chargeable Chargeable ur session will expire in Baggage Hand Baggage: 7 Kgs Fare Summary Base Fare (2 Travellers) v Fee & Surcharges v Discounts V Total Amount Your Savings Earn eCash © Promo Codes Enter Coupon Code in/ Signup View Fare Rules 211,410 3,174 (-)%772 13,812 772 250",,
yatra_4.png,data\raw\yatra\yatra_4.png,yatra,Real,,"yetre ra oe DIYAAL —~ sabe ms vs is s : aoe, RS Find cheapest a 7 “ Powered by DIYAAI 3% Flights jem Hotels 2 Holidays @ Bus f Trains 3 Cabs @ OneWay O RoundTrip © Multi City Departure From Going To Departure Date V Return Date V Travellers & Class “ ~~ Delhi Mumbai 26 Jul' 26 Suchet 1 Traveller to save extra Gandhi Internati... BOM, Chhatrapati Shivaji Int... Sunday Economy tt O Student © Armed Forces O Senior Citizen Non-Stop Flights ar Fares Extra Baggage Extra Discount Extra Discount 3) Claim your Covid Refund up to 4,200 OFF* on app ‘Use Code: GOYTAPP",,
yatra_5.png,data\raw\yatra\yatra_5.png,yatra,Real,,"Your Trip Details . Fare Summary View Fare Rules New Delhi - Mumbai | Non-Stop Total Time: 2h 15m . Base Fare (1 Traveller) v %4,700 SpiceJet Sun, 26 Jul 26 . Sun, 26 Jul 26 SG-510 04:00 2h 15m 06:15 Fee & Surcharges V 21,537 Indira Gandhi International Airport, T- Chatrapati Shivaji, 1 1D Total Amount 26,070 Your Savings 167 Selected Fare Details Earn eCash © %250 Deal Of The Day Inclusions Y Promo Codes < iy on ol '] Enter Coupon Code Cancellation Date Change Seats Meal Baggage Non-Refundable Non- Changeable Preferred: Chargeable Chargeable Hand Baggage: 7 Kgs SpiceMax: Chargeable Check-in: 15 Kgs Your session will expire in",,
hotels0.png,data\raw\zenhotels\hotels0.png,zenhotels,Real,,"Hotels i 534 Hostels i 10 Apartments i 68 Apartment hotels i 19 Guest houses i 40 Cottages, villas, 8 bungalows i Campings i 0 Glampings i 0 Sanatoriums i 0 Resorts i 2 Boutique hotels i 3 Distance from the city center 30 km ————o Near the metro Facilities and services At the hotel Free Internet 672 Transfer 149 Parking 368 cc. Premier Inn London Euston ook ‘11 Duke's Road, London 2.3km from the center of London 366m from the Euston subway station Standard Quadruple _fS1 No meals Family room for 3 No free cancellation guests af Pay online full double bed and twin beds ook ‘15a Great Suffork Street, London 1.9km from the center of London 307m from the Southwark subway station Standard Family 161 No meals room for 3 guests No free cancellation @@ Pay online We use cookies for content, advertising, and traffic analysis purposes. The data is transferred to our partners. By clicking “Accept” Google's Privacy Policy you agree with the Cookie use policy and WSS Premier Inn London Southwark Tate Modern Excellent 6581 reviews SRenatt %20,549 i for night for 2 adults and 1 child All taxes included We have 2 rooms left Show all room: Excellent 2752 reviews 8.8 eBeunaR 222,818 i for night for 2 adults and 1 child All taxes included pear cen 2ypurny Pei Sea EN » LU Expand Search by moving the . Highgate _ _ Stre map al ay cae ""15,632 7 . _ ~ Hampstead An ~~ Heath . ~ "" partmo Q Enter location } la ~ Hampstead Park x Holloway yptoKe Newington N ""Gospel Oak it Hampstead Kentish Town ~ Belsize Park Cy : Ss South Hampstead Shacklewell _ oa) ‘Camden Town Barnsbury = 1 = gies - Haggerston Park Hoxton ~ King's Cross __. Bethni sGuey Shoreditch Clerkenwell St. John’s Wood Westminster Elephant and yy Castle NW / XK nington Old Kent Road ith Kensington mh Brompton s Camberwellgaiecgham Loughborough : > Bellenden K East Dulwich Herne Hill Nee i 2 Dulwich Villag",,
hotels1.png,data\raw\zenhotels\hotels1.png,zenhotels,Real,,"Fresh season, fresh stays — $20 off hotels $500+ in the app Offer valid in the app only zenhotels. Excellent EX trustpilot @ Last rooms available on our site! Book while you still can INR27 782 Room price INR 23,823.77 for 2 adults and 1 child (6 years) for 1 night pm | | ce whe Check-in from 15:00 Premier Inn London Euston Including VAT INR 3,970.63 . 12 Aug 2026 ‘ 1Duke’s Road, London 9 Rate details - Important, please note Standard Quadruple Family room for Check-out until 12:00 . 3 guests 13 Aug 2026 O Nodiscount full double bed and twin beds Apply the promo code {@{ Breakfast +} No free cancellation i at Pay incl. i If canceled, the full reservation price will be now i Payment currency USD charged. Pay now in currency: US dollar Sign in and speed up the booking $ 255.79 = INR 23,823.77 2 Guest's contact info Visa MasterCard. EEE SecureCode. Please fill out all the fields @®thawte_ Dss We use cookies for content, advertising, and traffic analysis purposes. The data is transferred to our partners. By clicking “Accept”, you agree with the Cookie use policy and Google's Privacy Policy Accept only necessary First Name*",,
zenhotels0.png,data\raw\zenhotels\zenhotels0.png,zenhotels,Real,,"More Member Price fm Double bed i fm Double bed i fm Dou Book 1 No meals included 1 {1 No meals included 1 {Sl Nor ~ this room GI 5 photos and save The booking price is i Free cancellation i Free : non-refundable before April 17* befc Sign in to get special rates — it only Style Double room takes a few minutes a Pay now i @ Paynow i a Pay full double bed 19m? NB Bed type not guaranteed NB Bed type not guaranteed >& Non $2 Private bathroom 2 Non-smoking > Non-smoking eee0eeeee M2 Safe Xe Pets allowed can . . - 38,475 <esce %8,568 i %8,661 i for I night for 2 guests for 1 night for 2 guests for I night for 2 guests +€5 taxes and fees + €5 taxes and fees + €5 taxes and fees F Free Wi-Fi Suitable fe sts with all... More We use cookies for content, advertising, and traffic analysis purposes. The data is transferred to our partners. By clicking “Accept"", you agree with the Cookie use policy and Google's Privacy Policy Accept only necessary G7 photos",,
zenhotels1.png,data\raw\zenhotels\zenhotels1.png,zenhotels,Real,,"Nearest subway station Subway station Hotel chain Accor Hotels Ibis Mercure Azimut Hotels Ibis Styles Show 15 more Friedrichstr. 99, Berlin 369m from the center of Berlin 158m from the Friedrichstrasse subway station {E1 No meals ‘ Free cancellation a Pay online TITANIC Comfort Berlin Mitte ook Elisabeth-Mara-Strasse 4, Berlin 1.3km from the center of Berlin 97m from the Spittelmarkt subway station | Standard Double YS No meals room No free cancellation full double bed at Pay online Sheraton Berlin Grand Hotel Esplanade 9 “ Niedersch@nhancen ~ Ate Search by moving the 4 UTExpand & a %1634 = map Excellent = > _ ws 2972 reviews = ; Reinickendorf Q Enter location Parmer 7 x ‘ Volkspark, \F nN cesundl Meh RehbergeWedding - $74,343 . Ae 7 Gla 214,156 i A . ""Prenzlauer for night for 2 guests Z Berg + €9 taxes and fees Moabit \ Show all room: (9) Hansaviertel + durg ~ = SrA Fri Excellent Tiergarten 2533 reviews fr) © ’ P SONS HR na nersdorf i il =! 215,816 i =1,972 Schoneberg Neukolin for night for 2 guests ° é « y €11 taxes and fees i __Tempeoter Friedenau - Feld oe & Show all room: ° Steglitz a | ' . < Excellent —2km — \ © Contributors OpenStreetMap",,
CoralNest-h11.png,data\synthetic\hidden fees\CoralNest-h11.png,Synthetic,Figma,,"17 Seminyak, Ball, Indonesia Sse Available Rooms for Sep 5-9 - 4 Nights Garden Pool Villa 2 King 52 m*- ""¥ Tropical Garden view Ee Es ES ES Rate per night IDR 1.850.000 Poa igh: 0 7.400.000 Select Room Ocean View Suite “= King + Sofa - 68 m""- ""Indian Ocean view ss sss Ss Ss Rate per night “Tosl(righs: IDR 10560.000, Select Room Jungle Treehouse “= Twin / King 0 m= ""Rainforest Canopy view (neied enon poston | [Operairteroom | ( Hanmodk ded | (Nature exafencs | Rate per night IDR 1.420.000 “Tot nighs: IDR 5.680.000, —",hidden fees,
CoralNest-h12.png,data\synthetic\hidden fees\CoralNest-h12.png,Synthetic,Figma,,Available Rooms for Sep 5-9 - 4 Nights Garden Pool Villa = King +52 m?. %F Tropical Garden view Private plunge post | | Outdoor shower | | Mini bar || Rain shower Rate per night IDR 1.850.000 “Total (4 nights: IDR 7.400.000 Mandatory Bali Tourism Tax Added Government Tourism Tax (4 nights) IDR 780.000 a levies a mandatory tourism tax (DR 195.000/night on all accommodation. This is separate fom the oom rate and vias not included inthe price shown above. New Total (4 nights) IDR 8.180.000,hidden fees,
CoralNest-h13.png,data\synthetic\hidden fees\CoralNest-h13.png,Synthetic,Figma,,(Ocean View Suite King + Sofa 63 m?- % Indian Ocean view ‘Ocean panorama | { Infinity terrace | Butler service Complimentary pa Rate per night IDR 2.640.000 “otal (4 nights}: IDR 10:560.000 Government Tourism Tax (4 nights) IDR 1.112.000 a levies a mandatory tourism tax (DR 278000/night on all accommodation. This is separate fom the oom rate and vias not included inthe price shown above. New Total (4 nights) 1DR 11.672.000,hidden fees,
CoralNest-h14.png,data\synthetic\hidden fees\CoralNest-h14.png,Synthetic,Figma,,Jungle Treehouse «Twin / King 40 m?. %F Rainforest Canopy view Elevated canopy position | | Open-air bathroom | { Hammock dack | | Nature experiences Rate per night IDR 1.420.000 “Total (nights: IDR 5.680.000 Mandatory Bali Tourism Tax Added Government Tourism Tax (4 nights) 1DR 592.000 a levies a mandatory tourism tax (DR 148.000/night on all acommodation. This is separate fom the oom rate and vias not included inthe price shown above. New Total (4 nights) IDR 6.272.000,hidden fees,
GiltPass-h9.png,data\synthetic\hidden fees\GiltPass-h9.png,Synthetic,Figma,,"SECURING YOUR RESERVATION Complete Payment Al Baraka Palace SELECT PAYMENT METHOD = fi 8 Credit Debit Card Bank Transfer Cryptocumency ‘4, Payment Processing Convenience Fee AED 155 ‘A convenience fee of AED 155 apples when paying via credit/debit card This fee covers payment gateway ‘processing and currency convarson charge. Tis charge faded to your otal and fe non-refundable (Ses anata aa [sre onc ooo0 23 MM/y Ses Facing Site] [ BiterSenies | (Seats) Unausine Taser ‘Suite rate (AED 3,200 x 3) ‘AeD 11400 anes (5% VAT) AED S70 w 0ce2025 v3 0ct2025 2 Adults ere asp 180 Convenience fee (card) AED 155 TOTAL DUE AED 11,555",hidden fees,
MetroPlan-h15.png,data\synthetic\hidden fees\MetroPlan-h15.png,Synthetic,Figma,,"MARINA BAY, SINGAPO} Pinnacle Marina Hotel cucenonae sekkiek 9.1 Exceptional ROOM SOARD BASIS Executive Business Suite Breakfast Included CHECKIN cHECK-OU Mon, 18 Aug 2025 15:00 Thu, 21 Aug 2025 - 11:00 = DURATION cuests Pe a > | Nights-1 Room adult Ea Fe ai Payment Summary lapse deta Room rate (SGD 380 3 nights) SGD 1,140.00 Corporate rate discount (~10%) -sGD 114.00 GST & tourism charges Sap 102.60 A MetroPlan Booking Fee Sap 28.50 (One-time non-refundable fe per booking ‘A booking administration fee is charged per reservation to cover platform operations, booking management, and 24/7 traveller assistance ‘This fee is non-refundable and was inchided in your total charge. ‘Total Charged to Card Download Invoice ‘Add to Calendar ‘Submit to Expense System.",hidden fees,
NightHaven-h3.png,data\synthetic\hidden fees\NightHaven-h3.png,Synthetic,Figma,,"Kyoto, Japan, 10.000 GD tate scar D tate ascar OD sas esar Bi onsen /Hot Spring Free Grestfact B Swimming Poot GB Airport shutte GB Ryotan DB soutique GB Business Hotel DB Resor 60.000 Hotels Flights Ryokans Deals My Tips mcHecen am oHEcKouT ‘euests a RooMS Fri,22 Aug Mon, 25 Aug 2 Adults -1 Room 148 properties. 9 \)o%o, )2p20. 22.25 aug. 3 nights Sore: Recommended Arashiyama ¥42,800 5:0: _¥ Ses ful rice brakoun Nijo Sakura Hotel ] Nip Caste Die a, tote Pet) [FaSp (Bus Cn} (Gr ¥28,500):. _¥ Ses ful rice brakoun Gion Heritage Inn © Gion Dice ¥33,200).: _¥ Ses ful rice brakoun",hidden fees,
NightHaven-h4.png,data\synthetic\hidden fees\NightHaven-h4.png,Synthetic,Figma,,"Yume Ryokan Arashiyama Arashiyama ‘Onsen Bath | | Garden View | | Kaicel Dinner | | Free Wi-Fi ¥42,800 <3: A Hide fee breakciown u Bip! | Room rate x3 nights 247 reviews",hidden fees,
NightHaven-h5.png,data\synthetic\hidden fees\NightHaven-h5.png,Synthetic,Figma,,"Nijo Sakura Hotel 39) 1234 reviews 7 Nijo Castle District Rooftop Pool || FullSpa || Business Center| | Gym ¥28,500)::.: ‘A Hide fee breakdown Room rate x 3 nights 85,500 F Mandatory Resort Fee ¥6,600 Resort fee ¥2.200/night — collected at check-in. Not included in room rate above \ Estimated Total ¥92,100",hidden fees,
NightHaven-h6.png,data\synthetic\hidden fees\NightHaven-h6.png,Synthetic,Figma,,"Gion Heritage Inn jf Gion District ‘Tea Ceremony | { Kimono Rental | { Zen Garden | { Restaurant ¥33,200 0: ‘A Hide fee breakdown",hidden fees,
PolarRoute-h10.png,data\synthetic\hidden fees\PolarRoute-h10.png,Synthetic,Figma,,cing cece PRE TODD Booking Summary ‘Review your booking details before config your resenation. ‘Aurora Fjord Lodge 1 Binge Maton! Par Ry and Tm 206225 Man 1S Dee 22S Neha ight Price Breakdown Nighy rat 32400 3) ty pment cout Sra paclage @ pa 3) Susana local charges * ovat 00 ‘st Details 0 orc targa ec pon caren es7200 7200 ve aes0 er 102.250,hidden fees,
TeraMoss-h8.png,data\synthetic\hidden fees\TeraMoss-h8.png,Synthetic,Figma,,"Villa Serenella 9 Val Orcia Montana Tuscany aly ‘Nested among rling Tuscan hls, Vila Serena isl restored «7th-centary farmhouse fering brenhaing ‘ies over the Val rca valley — a UNESCO Word Heritage Site Wake tothe scent ofcypres nd olive roves, sp Bruna i Montalin on he stone erace, nd unving in your pate ininity poo reloking vineyards. 2 Pate Poot 2 Wine Cote Fre Pasting sept rae tnnatetetcn once pace aoe 1 Oren arden ews ranches om so nepeestae ete apes Property Policies & Charges a From 15.00 (3:00) 2 nights minioum 00 (rfc at chock) Pets nt permite ‘Mandar Ceaing Fee ete cera ip ng et Sc 005 pers cing ge tytn Me acy ‘wall pae ton your age aa ep on ur al mo, sep 202s asap 202s Roomate Sigh) 2m ty boking cunt -< Tear tx (penn) ca vonearteaagieet",hidden fees,
TidalWave-h7.png,data\synthetic\hidden fees\TidalWave-h7.png,Synthetic,Figma,,"tccN ciece-our DURATION Guests Sat, 2 Aug Thu, 7 Aug 5 Nights 2 Adults \@ Overwater King ‘U Snorkelling ‘@ Breakfast v Free Suite incl. In. Cancetation i= Payment Details FULL NAME ON CARD John M. Dawson CARD NUMBER 4242 4242 4242 4242 EXPIRY DATE ‘SECURITY CODE 08 / 2027 | agree to TidalWave's Terms of Service, Privacy Policy, and confirm all details are accurate. Final charges including all applicable fees will be debited as shown. PRICE SUMMARY $3382.49 Total for 5 nights all charges included Room rate (S680 x 5) $3400.00 Early Bird Discount $85.00 Taxes & service charges $4250 Other charges . Platform Infrastructure Fee $24.99 ‘Acne-time fee charged per booking to maintain our booking platform, payment procesing and 24/7 customer support infrastructure Total (USD) $3382.49 {8 256-bit encrypted - No hidden chargest 1 Your Booking Includes Overwater vila with ocean deck Snorkeling gear & marine guide ¥ Daily breakfast for2 guests Airport seaplane transfer (one-way) ¥ 2477 concierge service",hidden fees,
VelvetNomad-h16.png,data\synthetic\hidden fees\VelvetNomad-h16.png,Synthetic,Figma,,"@ search » @ Hotei Details » @ select Room » @ customise Stay » (5) Checkout Personalise Your Stay Select any extras to enhance your Barcelona experience. a BE onic nents once Airport Transfer AB) private car — Barcelona Airport Hotel City Bicycle Rental le 2 bikes treme say heets& eee EL BORN - BARCELONA, SPAIN Casa dela Llum Standard Double -3 Nights | [ 2 Adutts 10-13 Oct 2025 - Base rate: €420 +€85 Daily Breakfast for Two Full Catalan breskfact served in- ‘Welcome Wine & Tapas Curated local wine with zeazonal ‘tapas on arrival ‘Sagrada Familia Skip-the-Line Guided tour for 2 10.00 AM entry includes +638 +€72 Base room (3 nights) €420 Total €420.00 Continue to Checkout + Skip Add-ons Secure checkout. Free cancellation on base rate",hidden fees,
VelvetNomad-h17.png,data\synthetic\hidden fees\VelvetNomad-h17.png,Synthetic,Figma,,"@ searcn - @ Hotei Detats » @ setect Room » @ customise Stay » (5) Checkout EL BORN - BARCELONA, SPAIN Casa dela Llum Standard Double -3 Nights | [ 2 Adutts 10-13 Oct 2025 - Base rate: €420 Personalise Your Stay Select any extras to enhance your Barcelona experience. a = Rote +€38 Airport Transfer +6655 Welcome Wine & Tapas AB isntecor—tarsona ison Q) Greist Hotel eel +45 City Bicycle Rental ‘Sagrada Familia Skip-the-Line 2 bite for nr stylet & By ices ourfora 1080 AM ety inne ined inte Base room (3 nights) €420 +85 +68 4 Airport Transfer +€65 © Welcome Wine & Tapas +45 4 Gity Bicycle Rental +28 Add-on Processing Fee 1299 | processing fe of €1299 is applied when booting add-on ‘aves. This covers ufiment coordination and third-party Provide charges is non-eundable Total €693.99 Continue to Checkout — Skip Add-ons Secure checkout. Free cancellation on base rate",hidden fees,
Voyago-h1.png,data\synthetic\hidden fees\Voyago-h1.png,Synthetic,Figma,,"‘A VoyaGo Hotels Flights. Packages —_Experiences INRS ® CHECK-IN CHECK-OUT ROOM & GUESTS Mon, 11 Aug 2025 Fri, 15 Aug 2025 1 Room - 2 Adults —— Deluxe Caldera View Suite . 362,580 King bed - Sea view - Breakfast included - Free cancellation per room / 4 nights ) Guest Information Edit PRICE SUMMARY 7863 «1 For 4 nights - 1 room - incl. all charges Room charges 2756 %189/night x 4 nights ° discount -238 rn Taxes & Mandatory Fees ‘A These charges are mandatory and collected by the property Mandatory Resort Fee cn 28/night x 4 nights City Tourism Tax ep %4,50/night = 4 nights VoyaGo Platform Fee 214.99 ‘One-time service charge",hidden fees,
voyago-h2.png,data\synthetic\hidden fees\voyago-h2.png,Synthetic,Figma,,PRICE SUMMARY F863 voi For 4 nights -1 room - incl all charges Room charges 189/night x 4 nights ES ° count applied -338 Taxes & Mandatory Fees “ ‘These charges are mandatory and collected by the property Mandatory Resort Fee 228/night x 4 nights <8 City Tourism Tax 2450/night x 4 nights wD \VoyaGo Platform Fee ane One-time sevice charg Total Amount Payable %863 Inc. all taxes & mandatory fees Confirm & Pay £863 f@ 256-bit SSL encrypted - Secure payment,hidden fees,
AquaVista-ii3.png,data\synthetic\interface interference\AquaVista-ii3.png,Synthetic,Figma,,"> AquaNista Seechecrts and Vlss Cries My Bokings orig beni otis mentee Coral Bay Resort & Spa ate, alee Tie m5 fon vert agai “tal raid $4,250",interface interference,
AuroraSuites-ii8.png,data\synthetic\interface interference\AuroraSuites-ii8.png,Synthetic,Figma,,"‘Your Details jotmsulle@emadst (25 High foo tin bad tary gamed Sie zanpane ander ye ‘Aurora Rewards Membership oa 2400 re Pits hth cing eer for eights upgrades ache ire, @ foie Rade “too pe @ ecco oes ects mente as me rae pte y ra 4 et 24t es Par ing",interface interference,
CloudNine-ii5.png,data\synthetic\interface interference\CloudNine-ii5.png,Synthetic,Figma,,@ CloudNine SIN 2 LHR Singapore 7h 30m-Direct London Heathrow 08:45 14a Enhance Your Journey Selected extras are included in your booking total below. Flights Hotels Packages My Trips CloudNine Air-C9 471-18 May 2025 Economy Seat 24F 2 passengers fh Extra Baggage 23kg [Adda checked bag foreach passenger Priority handling ++ Recommended for your route s$6s Premium Meal Selection ‘Choose from 8 restaurant-quality meals-Special dietary options available Popular on long-haul fights S$34 4 Priority Boarding Board frst - Guaranteed overhead bin space Best for families & business s$24 Extras: Baggage S$68 + Meal S$34 + Priority S$24 Total: S$1366 ail Airport Lounge Access S$55,interface interference,
HorizonCorp-ii4.png,data\synthetic\interface interference\HorizonCorp-ii4.png,Synthetic,Figma,,"® HorizonCorp rave! {P Dubai, United Arab Emirates Fitters poeeed eke Dita Price per right —====g—— 0 500 G Poot GB spa B om Gi Airport shute © Pettienaly Hotels Fights Cars Packages Business Travel 10 Mar— 15 Mar ‘247 properties in Dubai - 10-15 Mar 2 quests Emirates Jetoleick- 9.610 Exceptional - Downtown Dubai SeaView Bain Gym Fe Can £489 Pool Spa “impeccable service and breathtaking views. This hotel truly redefines liury in ‘28 2 guests, 1 room Grand Palace Hotel Ome en per right incl axes Wij) ovesir— corporate Guest Review i ®Peridian City Hotel Meridian City Hotel tae T8110 Good - Dubai Downtown Business Inn. ‘tx TAN0 Good - Dubai £189 £142 care",interface interference,
NordHaven-ii2.png,data\synthetic\interface interference\NordHaven-ii2.png,Synthetic,Figma,,"Search ee . . ‘Select Hotel ‘choose Room Guest nfo Payment Select Your Room Fjord Lodge Tromsa - 2 nights, 2 adults - Check-in 8 Feb. Deluxe Fjord View Suite | Most PoruLAR ‘+ Premium choice - Floor-to-celing ford panorama 40m? Kingbed Fjord view ‘Spa access Breakfast Free wif kr 3,490 Free cancellation - Breakfast included per night ‘Superior Room oO “Garden view Standard amenities, 2m"" Queenbed Garden view Free wit kr 2,190 mos a Standard Room er tas Standard kr 1,490 No breskiast — Fjord Lodge Tromso Joke 4.815 (312 reviews) ‘Tromse City Cente, Norway Checkin Check-out Guests ‘Selected Total (2 nights) 8 Feb 2025 410 Feb 2025 Adults Deluxe Suite",interface interference,
PeakRush.png,data\synthetic\interface interference\PeakRush.png,Synthetic,Figma,,"@ PEAKRUSH Activities Locations Groups _—Gift Vouchers_— Safety Sign In © Queenstown, New Zealand @ 15-08-2026 2guests - + 23 experiences available - Sorted by: Recommended ng fan VIP Adventure Pass | PaicHoice 2 x NZD $599 - Aug 15, 2026 Subtotal NZD $1198.00 Adventure fee NZD $0 4 GST included v VIP Adventure Pass The ultimate Queenstown bucket-list experience Total NZD $1198.00 4.97 (3,241) Full Day Adventure Private (up to 4) Free cancellation > Heli-bungee from 400m altitude > White-water rafting Grade 5 > Skydive 15,000 ft tandem > Canyon swing & zipline combo > Professional GoPro footage included > Gourmet summit picnic",interface interference,
PulseTravel-ii7.png,data\synthetic\interface interference\PulseTravel-ii7.png,Synthetic,Figma,,pot ececton and coco ter -SBSR8885°°. soo Jest | | | TESeseieae . | | | een || @ | eoooe a] eee ‘Bangkok - Economy Class - 25 Jun 2025 Business Extra legroom 34° Prrty boarding - Complimentary headphones -+SS88iseat ‘Comfort Zone Seats — Rows 2-6 Select Your Seat PT-2847 - Amsterdam — ‘Standard |,interface interference,
SwiftGo1.png,data\synthetic\interface interference\SwiftGo1.png,Synthetic,Figma,,"@ swrico PICKUP 12 Baker Street, London Q SEePae Heathrow Airport T5 S 22.4km © ~38 min AVAILABLE RIDES RECOMMENDED @ Now Luxury Sedan Mercedes E-Class or similar * 2.4k cy 4.95 trips 4 v Premium leather interior v WiFi & phone charger v Complimentary water ¥ Professional £38.50 ETA 3 min Ride Schedule Rentals Business Hi, James @",interface interference,
SwiftGo2.png,data\synthetic\interface interference\SwiftGo2.png,Synthetic,Figma,,Luxury Sedan im * 4.95 v Premium leather “ere £38.50 v WiFi & phone charger v Complimentary water v Professional chauffeur Executive Ride AB BMWS Series or simil £27.00 Ww 488 Airport Premium uv-7scas £44.00 Book Luxury Sedan >,interface interference,
TerraLodge-ii6.png,data\synthetic\interface interference\TerraLodge-ii6.png,Synthetic,Figma,,"& TerraLodge Wellness @ Member Login Rainforest Canopy Lodge seiko -9.4/20 Exceptional - Daintree, Queensland Cancellation & Refund Policy Additional Fees & Taxes seeks AUD 420 jaist: | s5% OFF —TODAY ONLY 32Sep 2025 47 Sep 2025 2 Adults",interface interference,
TicketNest1.png,data\synthetic\interface interference\TicketNest1.png,Synthetic,Figma,,"@ ticketnest Events Concerts Sports Theatre CONCERT - LIVE MUSIC The Constellation Tour - Meridian Arena, Chicago, IL - Saturday, 20 Sep 2025 & Your VIP seats are held for @9:@1 @ Select Seats Choose Your Seats w BEST EXPERIENCE ONLY 3 LEFT @ FRONT STAGE VIP $349 Rows A-C ee per ticket ¥ Front stage standing ) | V Artist soundcheck access) / Exclusive merch bag ) | ¥ Priority entry Fea? booking fee eee eecce eeccececee ececceoece GOLD CIRCLE @ Popular $189 Signin | Register ONLY 3 VIP SEATS LEFT NOVA REED Meridian Arena - Saturday, 20 Sep 2025 FRONT STAGE VIP $698 Booking fees (2 x $42) +$84 @ FanShield Refund Protect +$18.99 Bl Reserved Parking Pass +$24 Total $824.99",interface interference,
TicketNest2.png,data\synthetic\interface interference\TicketNest2.png,Synthetic,Figma,,"@ ticketnest How Many Tickets? FRONT STAGE VIP Protect Your Experience Ww BEST EXPERIENCE @ FRONT STAGE VIP Rows A-C ¥ Front stage standing ) | V Artist soundcheck access VIP lounge access Events Concerts ‘Exclusive merch bag Sports ¥ Priority entry Theatre ONLY 3 LEFT $349 per ticket +$42 booking fee GOLD CIRCLE @ PopuLaR $189 -2@ AUTO-ADDED Signin | Register NOVA REED Meridian Arena - Saturday, 20 Sep 2025 FRONT STAGE VIP $698 Booking fees (2 x $42) +$84 @ FanShield Refund Protection +$18.99 Bl Reserved Parking Pass +$24 Total $824.99 + Most bookers choose VIP for this artist! Secure 2 FRONT STAGE VIP Tickets — 07:46 Event Details @ Date Saturday, 20 Sep 2025 (@@E@> 1102 peopie booked vir tickets today 7:00 PM * 8:00 PM Meridian Arena, Chicago, IL",interface interference,
TicketNest3.png,data\synthetic\interface interference\TicketNest3.png,Synthetic,Figma,,"@ ticketnest How Many Tickets? FRONT STAGE VIP $349 each - max 4 per order Protect Your Experience Pre-selected based on popular choices for this event @e FanShield Refund Protection RECOMMENDED Full refund if you can't attend for any reason 8 8 Reserved Parking Pass LIMITED Guaranteed spot at Meridian Arena North Lot ial Merch Bundle Add-on Events Concerts Sports Theatre - 2 Se AUTO-ADDED +$18.99 +$24 Signin Register meniaian Arena - Saturaay, ZU >ep ZUz> FRONT STAGE VIP $698 2 x $349 Booking fees (2 x $42) +$84 Event Details g FanShield Refund Protection +$18.99 Date Saturday, 20 Sep 2025 Reserved Parking Pass +$24 Doors open 7:00 PM # Show starts Total vaio SB 2ALOD, ‘Chicago, IL + Most bookers choose VIP for this artist! Secure 2 FRONT STAGE VIP Tickets — 07:20 COE® 142 people booked ViP tickets today",interface interference,
VelvetJourney-ii1.png,data\synthetic\interface interference\VelvetJourney-ii1.png,Synthetic,Figma,,"s VELVETJOURNEY SECURE YOUR BOOKING Marrakech Palace Royale - Superior Suite - 3 Nights Travel Protection Plus £47 ‘Complete pence of mind for your lary tay an Y Fall cancillation refund Y ‘Medical emergency cover Flight delay compensation Hotel no-show protection Baggage protection £2,000 24/7 concierge support shanks, jundertand the sks and deslne coverage PAYMENT DETAILS akshay barastar Marrakech Palace Royale hee Medina, taratach Superior sue Checkin s4Mar 2025 Checkout 27 Mar2025 Guests ‘2Adalts Duration Nights ‘Room (3 nights) £690 ity tax £8 ‘Travel Protection - Total £708 (8 S968 81 ception Tete nition “Pex mcbation ont 4h before beck in 23-08-2032 J ¢ OBSIDIAN MEMBER",interface interference,
VoltixLive.png,data\synthetic\interface interference\VoltixLive.png,Synthetic,Figma,,"@ vornmiuve LIVE Sat 14 Mar 2026 - 8:00 PM - The Meridian Arena, Manchester NOVA ECLIPSE WORLD TOUR 2026 W 4.9 - 12,400 fans attending @ select Tickets @ Selling fast — 2,100 tickets left Choose Your Experience Select the ticket tier that suits you. VIP packages include exclusive backstage access. wy VIP EXPERIENCE * ®&commenneD BEST VALUE - 83% SOLD OUT v Front-row access v Meet & greet backstage v Exclusive merch bundle v Champagne lounge entry v Fast-track entry lane v HD photo with artist £289 per perso Home Events Artists Venues Order Summary VIP Experience x 1 £289 Booking fee £8.90 Total £297.90 the next 8:42 @ Only 12 VIP spots left. Reserve yours in | My Tickets",interface interference,
VoyagoSynthetic.png,data\synthetic\interface interference\VoyagoSynthetic.png,Synthetic,Figma,,"Stays Flights Cars Attractions Sign in @ seach —— @ #ot1 ——— The Azure Grand Resort & Spa Seminyak, Bali, Indonesia - 3,812 reviews - 4.7/5 Excellent Fri, 15 Aug 2025 Mon, 18 Aug 2025 2 adults - 3 nights Step 1— Choose Your Room YOUR BOOKING SUMMARY The Azure Grand Resort & Spa Deluxe Ocean View Suite Deluxe Ocean View Suite $867 © Travel Protection Plus +$34.99 Q Daily Breakfast Buffet +$84.00 ERICSSON) 3 Airport Transfer (Round Trip) +$45.00 Inight Taxes & fees +$38 $867 for 3 nights - incl. taxes Total $1069 # You're saving $300 on this suite! e",interface interference,
VoyagoSynthetic2.png,data\synthetic\interface interference\VoyagoSynthetic2.png,Synthetic,Figma,,"Flights Cars Attractions YOUR BOOKING SUMMARY ic.ro0m. (limited amenities,.no, view) Step 2— Complete Your Stay These extras are included in your booking based on popular choices. Uncheck to remove. @ _ Travel Protection Plus Full trip cancellation & emergency medical coverage Q Daily Breakfast Buffet Lavish international spread for 2 guests, all 3 mornings Airport Transfer (Round Trip) Private air-conditioned vehicle, Ngurah Rai Airport y Couples Spa Package a v Secure checkout Best price guarantee & 24/7 support +$89 The Azure Grand Resort & Spa Deluxe Ocean View Suite $867 © Travel Protection Plus +$34.99 Q Daily Breakfast Buffet +$84.00 ea Airport Transfer (Round Trip) +$45.00 Taxes & fees +$38 Total $1069 # You're saving $300 on this suite! Confirm & Pay — $1069 © 4 people booked this room with the Deluxe Suite in the last 24 hours",interface interference,
ZenithFly.png,data\synthetic\interface interference\ZenithFly.png,Synthetic,Figma,,"ht Fare Selection ZS ZenithFiy LHR g fast! Business Select Your Fare + RECOMMENDED % Business First 180° fully-flat bed seat Gourmet multi-course dining Noise-cancelling Bose headphones Lounge access at DEL & LHR Flexible date change, free Smart Plus POPULAR Thu, 14 Aug 2025 =. 23:15, Concert Ticket Selection Direct aisle access Premium Champagne & spirits 2 x 32kg baggage included Priority check-in & boarding ¥ Prior 05:40+1 (next day) fares for this route have increased 3x this week. Lock in now — 11:45 remaining at this price. adult - One-way ONLY 2 SEATS REMAINING %1,84,990 ~ $2249 per person SAVE $750 %89,990 ZF 842 - Boeing 787-9 DEL — LHR - 1 Adult Business First fare %1,84,990 ©® Travel Guard Insurance +22,499 & Seat Selection +2699 Total %2,21,788 # You save %62,460 vs walk-up price! Continue with Business First —",interface interference,
venueCraft1.png,data\synthetic\interface interference\venueCraft1.png,Synthetic,Figma,,"Find Venues Weddings ual Tours Log In List Your Venue @ Sydney CBD, NSW i] Date: Aug 2026 22 500 guests # Wedding / Gala Available Venues 48 venues in Sydney - August 2026 Sort: Recommended v Check Availability AUGUST 2026 + PREMIUM HALL - DEFAULT SELECTION Hl | 7 12 14 Available Booked The Grand Lumiére Ballroom Venue hire A$12,500 Service fee A$950 <4 — Te ‘ Total A$13,450 Premium Hall - Floor 22 Reserve Grand Lumiere > vy 360° panoramic city views yv Custom lighting & AV system v Private bridal suite vy In-house catering team v Valet & concierge service v Dedicated event coordinator",interface interference,
venueCraft2.png,data\synthetic\interface interference\venueCraft2.png,Synthetic,Figma,,"@ Only 2 dates left in August A$12,500 per event - Up to 500 guests POPULAR Sapphire Terrace Rooftop Luxury - 600 guests - # 4.91 v Open-air rooftop v Bar & catering package v DJ booth & da A$8,200 floor View Details Standard venues from A$1,200 UNIQUE The Heritage Suite Historic Venue - 200 gue v Victorian architecture v Stained-glass w v Garden tyard A$6,800 sts: We 4.85 View Details ok kkk ""The Grand Lumiére was absolutely breathtaking. Our 450-guest gala was flawless from start to finish.” @ sPriyaMehta ev Corporate Events Director - 2025",interface interference,
hs1.png,data\synthetic\misdirection\hs1.png,Synthetic,Figma,,The Mirenza Palace,misdirection,
lt0.png,data\synthetic\misdirection\lt0.png,Synthetic,Figma,,"a Playace.co ( (Q)_ Search for house parties, hosts, etc AllCities v ) Host A Party $B: Jul19|Sun © Goregaon, Mumbai The Great Indoors - Where The Party Finds You Cover Charge: 899 @ Filling Up Fast! 22 people trying to get in View Details >> Age 23 - 34 Jul19|Sun © Near HSR Layout, Banga... Gupshup & Giggles - No Filter Houseparty Cover Charge: 999 @ Filling Up Fast! 98 people trying to get in View Details >> © Sector 43, Gurugram & Jul19| Sun Jalwa Junction: Desi AF Sundays Cover Charge: 1099 © Filling Up Fast! 112 people trying to get in View Details >>",misdirection,
lt1.png,data\synthetic\misdirection\lt1.png,Synthetic,Figma,,&VenueMornk — [enw —~=C*~ «(chemise soaeacy «| [a er] Venue Types v Locality v Budget v More Filters (1) v Best Price Guarantee Enter your Details Hotel Rudra Vilas Hotel Kanha Paradise Inn 45 Rooms Available <1 100 Parking Available [5237 Rooms Available <150 Parking Available send me the updates on 10 Visits in last 30 days 20 Shortlisted last 30 days © 15 Visits in last 30 days whatsapp @ Check July Offers iv) @ Check July Offers @ We will send you an One Time on this number Your details are safe with us. *5 350 2800[5) *5 600 = 80015) spy proceeding ahead you agree to Overall Ratings Capacity Price Per Plate Overall Ratings Capacity Price Per Plate Jerms.of Cookie use & Privacy Policy 1) otet UBMIT Have us call you? Elite Park Inn Riverarch Greenfields Resorts fag 20 Re Available <3 50 Parking Available faa 90 Re Available =<%80 Parking Available [R20 Rooms Available < ‘arking Available [R90 Rooms Available carking Available OFFER VALID TILL 10 Shortisted last 30 days © 20 Visits in last 30 days 15 Shortlisted last 20 days heck July Offers [\) @ Check July Offers ’.),misdirection,
lt2.png,data\synthetic\misdirection\lt2.png,Synthetic,Figma,,"Are you sure you want to leave this page? You might miss out on savings worth upto =1,00,000 @& Close Request Continue Request",misdirection,
lt3.png,data\synthetic\misdirection\lt3.png,Synthetic,Figma,,". CALLUS CURRENCY Tribal Sand +254115115247 KES Sandbox | Kilifi Villa Info Check-in / Check-out Dates 07-19-2026 To 07-20-2026 EDIT | 9 P.O Box 188, Kilifi, Coast, Kenya —ShowMap —__ CHOOSE YOUR RETREAT YOUR ITINERARY AL Sort +14 Filters (Have a PROMO Code? View By SUITES Sandbox xes 59,950.00 Rates Inclusive of Tax Per Night Hurry! 1 Left BOOK ANOTHER PROPERTY VIEW v",misdirection,
lt4.png,data\synthetic\misdirection\lt4.png,Synthetic,Figma,,Call Weddingz Banquet Company Serviced Radhekrishna The Grand Banquet C3) +91-2249422852 | @® Hurry UP! This Venue Is In High Demand See Discounted Price Select event date and number of total guests to see weddingz prices “ileal Guests Check live availability coh We have live availability for this venue Event Date le] Non Vegetarian 2250 | Venue Tour | Book a Weddingz Managed Venue for (©) Great Event Guaranteed One Stop Shop Q@ 100% Transparency,misdirection,
lt5.png,data\synthetic\misdirection\lt5.png,Synthetic,Figma,,Wait Didn't find the wedding venue of your dreams? Let our venue experts help you! +91 + Send me the banquet details on © Whatsapp Reserve My Deal,misdirection,
lt6.png,data\synthetic\misdirection\lt6.png,Synthetic,Figma,,"APPLY PRICE AVAILABILITY 24hr Lead Time Anytime Delivery Evening Only Seasonal Range Morning Only SHOP BY CATEGORY All products Pooja Flowers Bangle Garland Dindu Flower Strings Loose Flowers Pooja Fruits Pooja Leaves Pooja Plants AGAR BATTH - PACKET Oa ime Delivery %10.00 ASTER BLUE STRING -120CM LENGTH 3 24hr Lead Time %239.40 ARECA CATECHU FLOWER (PAKKU FLOWER) - 1 BUNCH 5 24hr Lead Time %1,692.90 ASTER LAVENDER FLOWER - 250GMS 3 24hr Lead Time 108.30 ASH GOURD -1 PIECE 3 24hr Lead Time %228.00 ASTER LAVENDER MIX STRING - 120CM 3 24hr Lead Time %279.30 ASSORTED POOJA LOOSE FLOWERS - - = ASTER MAROON WITH PINK, WHITE & GREEN BORDER GARLAND - 1.5FT %393.30 ©",misdirection,
lt7.png,data\synthetic\misdirection\lt7.png,Synthetic,Figma,,"Enjoy 20 shipping with our free delivery time slots Fas; & fn | a Q Sending good luck plants or more & (os) 7 @ cS) PETALS My Reminders INR Corporate Cart HiGuest More Birthday » Occasions v Anniversary ~ Flowers v Cakes » Personalised Plants v Balloon n Services v Chocolates v Lifestyle v Hatke v LUXE v Hampers v International v Home / Flowers / Bloomscape Basket Bloomscape Basket FREE DELIVERY §% 2,349 =2649 nx0f © Ordered 55+ times in Past Month Choose Delivery Preference © Delivery Location wa IND v _ Enter pincode, locality, etc Offers Available",misdirection,
lt8.png,data\synthetic\misdirection\lt8.png,Synthetic,Figma,,"asee KLM Royal Dutch Airlines = India-EN Ag Login € Back Outbound flight Air Europa Express + AIRFRANCE 7 +1 day Economy Business 17:10 2 transfers 11:50 LCG 18h40 ARN INR 89,677 v INR 104,942 v Air Europa Express + AIRFRANCE 7 +1 day Economy Business 17:10 2 transfers 11:50 LCG 18h40 ARN 3 seats left INR 71,900 v INR 79,492 v Air Europa Express + AIRFRANCE / +1airline +1 day Economy Business 17:10 2 transfers 12:50 LCG 19h40 ARN INR 95,235 v INR 120,104 v Details",misdirection,
rnd1.png,data\synthetic\misdirection\rnd1.png,Synthetic,Figma,,"| Novotel Paris Les Halles «*** [3 © Paris City Center, Paris - Show on map ~ Subway Access Location 9. 31 people are looking right now ocation 9.3 Booked 27 times in the last 6 hours | Great Value Today © OKIE) Price for 2 Nights Double Room & €436 In high demand - only 7 rooms left on our site! Risk Free: You can cancel ater, so lock in this great price today! FREE cancellation See our last avi",misdirection,
rnd10.PNG,data\synthetic\misdirection\rnd10.PNG,Synthetic,Figma,,Sign in to get the Best price guarantee Save up to €270 on accommodation. Prime & exclusive promo codes await with just a two-step sign in Continue with Google Continue with emai Dismiss discounts,misdirection,
rnd11.PNG,data\synthetic\misdirection\rnd11.PNG,Synthetic,Figma,,"do 2001 | @ 241 | & 2auests Map area @| Wheretostay v | Price V Freebies V | Amenities V | Hotel class V —Reviewscore V Property type V. Sallfiters@ V || + Smart Filters v 3 How payments to us affect ranking ightly total - Including all taxes + fees V ‘3016 results | Sort by Recommended V : Foret Domaniale de usseinvle . Montmorency ona de MN} 88 HOTEL Paris 17 <2 Compare ) 348 less than usual Parechates Batignolles CB ver 9008 007%) eee © ""Rétopolt ae panete seaingexe % 8,596 Bove ogoda © sok rest ‘Argentepil 7 Expedia beni B&B HOTEL Paris Porte +2 Compare 11% fess than vsval Nanterre: eanast oe or #10276 des Lilas Arc de Trionmpmenegy’ € 2 | ¢ 22,920 P a 2 £28,890 Toth aroncizcement, Pas 220319 | Hoiteu BD ver 500010925) ex . ® anon 20597 Booking.com 10,929 pT wsso [7 z 16,875 [ % 10,276 eau PTT de ones . en725 @ Book direct iw aepeca ena a",misdirection,
rnd2.PNG,data\synthetic\misdirection\rnd2.PNG,Synthetic,Figma,,"Himachal Pradesh Tour Andaman ‘5 Nights © Days: 2 Nighis 4 Days: incision 20% Irowion. 18% ‘Nights Poet Blair ni Pa 2 Nights Havelock o Rs. 32,999/pp Rs. 25,000/pp Hong Kong Mesmeris Hora Kong 3 Nigh, © Daye Hs, All Inclusive We. Hors Kone off Rs. 19,599/pp be Tashkent “Teshkent Extravaganza Nights, 4Days All Inclusive Tashkent Rs. 37,590/pp",misdirection,
rnd3.PNG,data\synthetic\misdirection\rnd3.PNG,Synthetic,Figma,,"| “3,735 choices 4 4 —— Guest rating: 8¢ Excellent Distance to center Inside city center (630) <2kmtocenter (817) 2-5kmtocenter (965) 5-10km to-center (630) >t kmto center (689) Neighborhood Sukhumvit (637) a Ratchada (464) Don Mueang International Airport ase) Location highlights Nightife 2198) 1, = The Quarter Hualamphong by UHG (SHA Plus+) eH -O China Town, Bangkok. 0.4 km to center Breakfast Fitnesscenter +4 I Popular! Last booked é hours ago oft: Couple Bryan tar Hotel Deal - Today only! Limited offer on unlimited luxury. Carlton Hotel Bangkok Sukhumvit (SHA Extra Plus) eA HC ICC Sukhumvit, Bangkok -0.3kmto Breakfast Airport pick-up “8 Parking I Popular! Last booked & hours ago Q Text searc! Excellent. [27 onestet 4 MEGA SALE 5AM B730 + FREE CANCELLATION Selectroom > 9.6 Exceptional - staff are so friendly” Exceptional Ca am + MEGA SALE 16,845 B2,126 72,Very good “Great location and the hotel itself is ok:",misdirection,
rnd5.PNG,data\synthetic\misdirection\rnd5.PNG,Synthetic,Figma,,"Where to? Q& New York, NY Neighborhoods Times Square - Theatre District Empire State Building Area Chelsea Area Show 31 more v Property Name Q_ Eg:Hilton a) (68) (60) Check-in - Check-out 07/13/2026 - 07/14/2026 (1 night) 9 Rooms & Guests = 1Room, 2 Adults Deals For You || expressdeals | Close to MetLife Stadium || Free Parking | Free Breakfast Luxury Business Friendly Top Booked Sheraton New York Times Square Hotel promoted © Times Square - Theatre District V Free Internet Access, Pets Allowed, Fitness Center, Res... Amenities v Pay Later Available \ SS) Ss SS) SS CED 2.435 Reviews 4-Star Hotel Luxury Business Friendly New York Hilton © Central Park South Top Booked ICOWN Promoted V Free Internet Access, Pets Allowed, Fitness Center, Res... Amenities v Pay Later Available We only have a few rooms left at 226214 ¥AB 1.607 Reviews 4-Star Hotel Y | Update Search Luxury )| Pay Later || Pr 323,736 Total: 231,401 Includes taxes & fees Choose your room 326,214 Total: 234,793 Includes taxes & fees Choose your room",misdirection,
rnd6.PNG,data\synthetic\misdirection\rnd6.PNG,Synthetic,Figma,,"© Liphook, England, United Kingdom Filters O Pleasant: 6 or more 2 Star rating tw 2m 3m 4% 5& Control your privacy Adopt ur website uses cookies to improve navigation. We use cookies to share analytics, advertising data, user data, and ad personalization data with Google. Policy - Cookie Policy - Terms of use ‘My options ‘Show all Hotel facilities v 2 properti 16 Jul & 1room - 2 adults &> 4 Sorted by: Recommended ~ Champneys Forest Mere kkk © Liphook + 1.8 km from city centre BBB 000 4140 reviews £531 @wiFi Lindoor poot ££ Outdoor pool £177 / night (3 nights) /AT included See availability Old Thorns Golf Resort and Spa Hampshire by Accor kkk © Liphook + 2.5 km from city centre 73 Good 3183 reviews £366 #wi-ri Lindoor poot @) car park £122 / night (3 nights) /AT included See availability",misdirection,
rnd7.PNG,data\synthetic\misdirection\rnd7.PNG,Synthetic,Figma,,,misdirection,
rnd8.PNG,data\synthetic\misdirection\rnd8.PNG,Synthetic,Figma,,"opodo = Flights Hotels. Flight +Hotel_ Cars Hotels > France > Paris Best price guarantee go Paris Hotels: Book a room save upto €270 on hotels wth ust wo- Choose your dates to check current prices and hotel deals 4 ation yeck-in k-out Tue, 14 July 2026 9 Wed, 15 July 202¢ 312.601 reviews on Y& Trustpilot v7 uli |. Ah hte",misdirection,
rnd9.PNG,data\synthetic\misdirection\rnd9.PNG,Synthetic,Figma,,"Facilities [| Free WiFi 1504 | Elevator 1342 Show all7 Vv [| COVID-19 prevention measures 916 (_] Bar or Restaurant 867 [| Pets allowed 628 Show alll4 Vv Accommodation type [| Hotel 1446 ~] Other 128 |_| Apartment 37 ~] Hostel 19 [| Guest house 8 Free cancellation available © Book with peace of mind J g kik 20th Arrondissement, Paris - 5.00 km from city centre =. @ Change plans anytime esee 56 Includes taxes and charges @ WELCOME applied Show details ™) Pavillon Opéra Lafayette *** Paris City Center, Paris -2.87 km from city centre (@ summer Sole e105 € 68 Includes taxes and charges @ WELCOME applied Price without discount €105",misdirection,
tripora1.png,data\synthetic\misdirection\tripora1.png,Synthetic,Figma,,"ripora > 6 restaurants available 2 guests Friday 14 F fry “18:00 ‘ff EDITOR'S PICK. FRENCH | # MIGHELIN F Maison Lumiére A Timeless Parisian Eiperience Sok IKH 49 (312 reviews) Sakura Omakase Chef-curated omakase for the discerning palate 48 vapaness Tomorrow, 730 PM Indian Moder British Mediterranean Modem & sophisticated The Coral Room Covent Garden, London Seasonal menus celebrating the finest British produce 48 Modern British ¥ Today, 6:30PM Top Rated Spice Garden Notting Mill London spices, warm hospitality, vibrant 48 indian Tonight, 7:45 PM",misdirection,
tripora2.png,data\synthetic\misdirection\tripora2.png,Synthetic,Figma,,"> Fighes restore body, mind, and spirit. (a MassAce £185 Himalayan Stone Journey "" ‘Worm volcanic stonoa and aromatic os unlock deep tension a our ‘thorapists guide you into profound stitness Deeprmcl ret Improved creation Complete reaction x i FACIAL £220 Luminescence Facial Gold-infused serums and oxygen therapy restore your skin to its most luminous state. Reserve your glow. Instant radlance Orephyaton Aas-agng ft ony £165 Royal Hammam ‘An ancient Ottoman tradition eleveted with rose water, black soap, and the ‘inost exfoliating kosa glove Totseroeton —Skinsoftening Ral eanting MassAce £145 Nordic Forest Escape Pin resin eucalyptus and birch leat ext forest as tension mets away ransport you toa Nordic ‘Srest reduction Mitchel! Mental ay —. \Ne Book Your Experience MASSAGE Himalayan Stone Journey Private sult with heated floors and cureted soundacepes YOUR THERAPIST SELECT DATE 18-02-2025 AVAILABLE TIMES “001800 00 7901800 ENHANCEMENTS Champagne & Macarons +28 D) Roce Potal Bath Ritual +035 [) Aromatherapy Enhancoment +8 © Hot stone Upgrade +025 Himalayan Stone Joumey e185, Total £185 Select a Time Slot",misdirection,
velo0.png,data\synthetic\misdirection\velo0.png,Synthetic,Figma,,"© Pickup 437 Madison Ave, Midtown @ DESTINATION JFK International Airport — Terminal 4 CHOOSE YOUR RIDE Recommended Premium top Pick Luxury sedans — Mercedes, BMW, Au O26 8 Upto 4 4.9 (2.4K trips) © Professional chauffeur Y Complimentary water @ Wi-Fi onboard $38.90 Est. fare @ Fight tacking @ Economy Standard co Premium - Est. arrival 3:42 PM $38.90 Comfort Newer vehicles, extra legroom @29min 24 % 47 XL ‘SUVs & minivans, up to 6 seats @34min 6 % 46 $12.40",misdirection,
velo1.png,data\synthetic\misdirection\velo1.png,Synthetic,Figma,,"Ride Booking Aurora Collective @ Madison Square Garden, New York Sat, Aug 16, 2025 - 8:00 PM SELECT TICKETS Best Experience VIP Experience | tinies $299 Pit - Rows A~C - Unrestricted stage access @ Pitaccess GY Mect&grest Y Exclusivemerch pack — Premium bar access © Dedicated entrance Commemorative lanyard (-) General Admission Sinsina General floor - Same event access Quantity VIP Experience x 2 - 2+ $598 Premium $149 Floor A-C- Rows 12 Reserved seating Drink voucher ‘Standard $89 Floor D-H - Rows 12-30 Reserved seating $49 per ticket",misdirection,
velo2.png,data\synthetic\misdirection\velo2.png,Synthetic,Figma,,"@ ver Ride Booking Event Tickets Healthcare [ saion | Lumiére Studio ok tk 48 (3,120) - © West Village, New York CHOOSE YOUR SERVICE Luxury Makeover Package Full transformation - hair, skin, styling & finish 25 hrs ek ke te 4.9 (1,204) © Keratin treatment @ Balayage colour @ Luxuryfacial @ Nail art % Champagne & styling session ‘Afternoon Tue, Jul 29 Blowout, trim & scalp massage Isabelle Marchand 448 75 min ~~ @ Today's availabilty Hair Spa Deep conditioning & repair treatment =m) GE G2) Ga @ | cic rans 447 60 min Facial Haircut Cleansing, exfoliation & moisturising - 5 min $78 Wash, cut & basic blow-dry - 30 min 7200 (330) $35 Luxury Makeover Package - Lumiére Studio $349",misdirection,
velo3.png,data\synthetic\misdirection\velo3.png,Synthetic,Figma,,"© New York, NY Cardiology Available Today in-person AVAILABLE SPECIALISTS — 4 FOUND Dr. Sarah Williams $220 Dr. Marcus Chen $350 e Interventional Cardiologist Senior Interventional Cardiologist per visit ek dk ee 4.9 (2,841) ek dk He 47 (831) 1B yrs experience - NYU Langone Medical Center 10:15 430 ‘MBBS, MD, FACC © Priority scheduling @ Same-day reports, Pansat © Dedicated careteam — Valet parking & Cardiac Electrophysiologist “ ee kk te 4.6 (514) GED 00 00m) | asm ° =a) (Ga $75 Dr. Marcus Chen - Top Specialist Confirm Appointment $350 / consuitation",misdirection,
voyaj_01.png,data\synthetic\misdirection\voyaj_01.png,Synthetic,Figma,,"GD voya) toms Hotes cans nestaurants Experiences L | x 4] Pay a x Flights Hotels cabs Restaurants ‘Spa Wellness Movies Event Venues Concerts ‘Salons HANDPICKED FOR YOU Today's Best Deals View alt deals — ‘Aria Grand Bali Resort Delhi Dubai ‘Zambar — Coastal kitchen ‘Seminyak, Ball Indio - Non-stop - 3n 50m AKC, Mumbai khkhh: 48 ‘ehhh 45 (892) hth 47",misdirection,
voyaj_02.png,data\synthetic\misdirection\voyaj_02.png,Synthetic,Figma,,"Voyaj Flights Hotels Cabs Restaurants Experiences ‘Seminyak, Ball Indio - Non-stop = 3n 50m ‘BKC, Mumbai pereeyy taka 45 beean a7 38,499 oo» 311,299 21,499 — by stiles ‘Ananda Day Spa — Signature Ritual ‘Arijit Singh Live — World Tour Koramangala, Bengaluru DY Pat Stadium, Mumbai -14 Sep deka 49 tea 49 22,799 33,299 213,499 v0» ‘TRENDING NOW Popular Destinations Fine Dining from #1899)",misdirection,
voyaj_03.png,data\synthetic\misdirection\voyaj_03.png,Synthetic,Figma,,Find Your Perfect Flight Round Trip One Way London (LHR) Dubai (DxB) 14-02-2025 © 21-02-2025 4 fights found FILTERS. London — Dubai 14 Feb eer Duration Departure @ AllAidines O British Airways © Emirates British Airways 06:15 7h ism 17:30 £489 © Singapore Air © Qatar Airways 2igincuded \ 4seatsiot Bl Fedble datos Flight detais ¥ “ve Brasres ) Eniates 6h 40m £612 Nonstop 1 stop 1 2+Stops (8 20%p locked Taste EL lel cates ah tie 3 Carry-on only Checked bag © 2rbags Lufthansa 11:30 6h 45m 1 20kg included 2seatsleft El Flexible dates Flight detais ¥,misdirection,
vt0.png,data\synthetic\misdirection\vt0.png,Synthetic,Figma,,joyaravel (FERRE) vm tse The Velara Grand ees s/s 7 Seat Choose Your Room Telit) (Commie) (Seg Tipton Deluxe Pool Suite a Wy guestelove the Suite,misdirection,
vt1.png,data\synthetic\misdirection\vt1.png,Synthetic,Figma,,"@ voyatravel Complete your booking LIMITED-TIME UPGRADE BUNDLE From 1000M “otal value of everything included $298 $IAQ onesie as eee) @ sen Upgrade Your Trip + Everything you need for a perfect stay — bundled at fraction ofthe cost ‘Airport Transfer nae ca, both ways ‘Spa Welcome Gift ‘omsthepy kt OOO iiss is unten neta 0s ‘Add Premium Bundle — Only $149 -> @ fice © Foor oe — - fa — aEe a — © cmon) ® conf crecicin ‘Aug 14,2025 crectcout ‘Aug 19,2025 Gusts 2adults $209 x 5 rights siaes “anes fees 21750 Total 1B SSLeneypeed. Visa MC, UP accepted (Bins confmaton via email SS e247 suppor: 200-909-4020",misdirection,
booking_1.png,data\synthetic\obstruct_sneaking\booking_1.png,Synthetic,Figma,,"Rs. Of Rs. 13,46,42,4! Popular filters for Goa Oo Pay now ( Pay at the hotel Oo Free cancellation O Swimming pool Oo Air conditioning O Refrigerator Oo Ironing facilities O Guest rating: 9+ Exceptional Property type Oo Entire homes & apartments (2228) (J Hotel (2208) 21 Jul 2026 Tuesday F 22 Jul 2026 “— Wednesday 2 adults 1 room SEARCH Per night before taxes and fees 21,996 -75% Rs. 5,499 + FREE CANCELLATION Soul Vacation Resort and Spa, 8.1 Excellent Colva 1 284 reviews 8.5 Location score kkk @ Colva, Goa - 28.8 km to center 3.0 km from Seraulim Railway Station + 161 m from Colva Beach + 2.0 km from Benaulim Beach HE Rs. 982 applied @ MEGA SALE Promoted Per night before taxes and fees y Colva Beach Ai On-site A\ dic S| -759 4 Colva Beach Access, On-site Ayurvedic Spa 14,670 75% @ AGODASPONSORED applied - Rs. 982 off! Rs. 3,518 Newly built in 2024 Ginger Goa, Candolim 8.4 Excellent kkk 1,177 reviews @ Candolim, Goa - City center 9.0 Location score 723 m from Candolim Beach + 1.6 km from Calangute",obstruct_sneaking,
booking_10.png,data\synthetic\obstruct_sneaking\booking_10.png,Synthetic,Figma,,A. HURRY! This price expires in 10 minutes Wait! Your Deal is Reserved Only 2 room left — 18 others are viewing this right now —- _ ey ee nan pee,obstruct_sneaking,
booking_11.png,data\synthetic\obstruct_sneaking\booking_11.png,Synthetic,Figma,,> © stayBook . Mumbai ul 18-Jul19 2 Adults - 1 Roo } search | Help F sion in ] Filter by: oO 4k 3k Sort: Recommended Price: High-Low Top Rated Flash Sale: Extra 15% off ends tonight at midnight! @8 27 2 Use code FLASH15 at checkout - T&Cs apply H s HOT DEAL,obstruct_sneaking,
booking_12.png,data\synthetic\obstruct_sneaking\booking_12.png,Synthetic,Figma,,"The Grand Meridian © Bandra West, Mumbai kkk 234 reviews Free WiFi Pool Spa Breakfast ¥ Free cancellation until Jul 17 © Only 2 rooms left at this price! ® 18 people viewing this right now Booked 9 times today $6,249 209 50% orr per nigh Book Now — 50% OFF Azure Beachfront Resort © Calangute, Goa kkk kk @w 3,102 reviews Beachfront Pool Spa All-inclusive V Sea-view room at no extra charge © Only 3 rooms left at this price! © 44 people viewing this right now Booked 21 times today ¥9,750 =s000 46% ofr per night - + 32,610 ta Book Now — 46% OFF The Oberoi Escape © Marine Drive, Mumbai wk kkk Sea View — MichelinDining Spa _Butler ¥ Complimentary airport transfer © Only 1 room left at this price! © 67 people viewing this right now Booked 29 times today ¥13,200 =2600 40% orr Book Now — 40% OFF",obstruct_sneaking,
booking_13.png,data\synthetic\obstruct_sneaking\booking_13.png,Synthetic,Figma,,"Azure Beachfront Resort BSS ICIS TE Ee ag Calangute, Goa tk tk v Sea-view room at no extra charge ¥ Instant confirmation Only 2 rooms left! @© Booked 21 times today 9,750 Book Now — 48 viewing now § © Price valid for next 23 mins only \ | BESTSELLER",obstruct_sneaking,
booking_14.png,data\synthetic\obstruct_sneaking\booking_14.png,Synthetic,Figma,,"A ONLY 2 ROOM LEFT — 44 PEOPLE VIEWING NOW ‘~ Wait — your deal is slipping away! %8,250 savings limited time Azure Beachfront Resort 9,750 Yes! Keep My 46% ount —",obstruct_sneaking,
booking_15.png,data\synthetic\obstruct_sneaking\booking_15.png,Synthetic,Figma,,"YZ VoyageDesk y > 180-120-9988 CANCELLATION PROCESS REVIEW Are you sure you want to cancel? Taj Exotica Resort & Spa Review your booking details and what you'll lose before proceeding © Benaulim Beach, South Goa HTL-2847-GOA Premier Ocean Suite Fri, O01 Aug 2025 Mon, 04 Aug 2025 Taj Exotica Resort.& Spa 3Nights 2.Adults - 1 Child © Benaulim Beach, South Goa Total Paid 247,850 HTL-2847-GOA Premier Ocean Suite Fri, Ol Aug 2025 Mon, 04 Aug 2025 Need to modify instead? Date changes, room upgrades, and guest",obstruct_sneaking,
booking_16.png,data\synthetic\obstruct_sneaking\booking_16.png,Synthetic,Figma,,"=] VoyageDesk . Total Paid Tr You'll permanently lose these included perks y_ Complimentary breakfast for 2 Y 22,000 spacredit per stay v_ Early check-in (12:00 PM) ¥ Late checkout until 2:00 PM Y Welcome fruit basket & wine Y Ocean-facing room upgrade oa 2,392 Gold Points will be deducted Your Gold membership tier may be affected 247,850 994] 1800-120-9988 HTL-2847-GOA Premier Ocean Suite Fri, O01 Aug 2025 Mon, 04 Aug 2025 3 Nights 2 Adults - 1 Child aid 247,850 Need to modify instead? Date changes, room upgrades, and guest modifications are free — no cancellation needed. Talk to acani \& 1800-120-9988 cellation specialist",obstruct_sneaking,
booking_17.png,data\synthetic\obstruct_sneaking\booking_17.png,Synthetic,Figma,,"VoyageDesk \eed help? 1800-120-9988 CANCELLATION PROCESS Step2of5 REVIEW OFFER side. Le | Taj Exotica Resort & Spa- © Benaulim Beach, South Goa Wait — we have a special offer for you! Asa Gold member, we're offering you an exclusive deal to stay HTL-2847-GOA Premier Ocean Suite 5 4 Fri, O1 Aug 2025 Mon, 04 Aug 2025 e@ Offerexpiresin 14:52 3 Nights 2 Adults - 1 Child a TotalPa 247,850 Taj Exotica Resort & Spa Premier Ocean Suite - 3 Nights 239,850 Save 38,000 Need to modify instead? Date changes, room upgrades, and guest",obstruct_sneaking,
booking_18.png,data\synthetic\obstruct_sneaking\booking_18.png,Synthetic,Figma,,"=] VoyageDesk . 0? 1800-120-9988 e@ Offerexpiresin 14:38 Fri, O01 Aug 2025 Mon, 04 Aug 2025 3 Nights 2 Adults - 1 Child Taj Exotica Resort & Spa 247,850 Premier Ocean Suite - 3 Nights 239, 850 Save 38,000 Need to modify instead? Date changes, room upgrades, and guest ¥ Alloriginal perks retained - V Dates changeable once free - V Priority housekeeping modifications are free — no cancellationneeded. Yes, Apply 28,000 Discount & Keep Boo! Talk to a cancellation specialist \& 1800-120-9988",obstruct_sneaking,
booking_19.png,data\synthetic\obstruct_sneaking\booking_19.png,Synthetic,Figma,,"a Secure sign-in required Sign in to view cancellation details For your security, please verify your identity before accessing booking management. © Cancellation details, refund eligibility, and booking management are only available to signed-in users to protect your personal travel information. Mobile Number In +91 Enter 10-digit mobile num Continue > =«@ ~ ENG eae i. .. 12°56 PM oe",obstruct_sneaking,
booking_2.png,data\synthetic\obstruct_sneaking\booking_2.png,Synthetic,Figma,,"44;909 -92% Rs. 8,499 + FREE CANCELLATION Show 11 more v Neighborhood O Calangute (706) Nightlife | ibis Styles Goa Calangute - An 8.1 Excellent AccorHotels Brand 1,206 reviews kkk 8.3 Location score @ Calangute, Goa - City center 671 m from Calangute Beach + 788 m from Candolim ( candolim (692) CD Baga (629) ele Shopping, Nightlife Vagator (448) @ Beach Morjim (329) @ Agoda Preferred @ HOTTEST GETAWAYS Anjuna (305) + Dedicated Kids’ Play Area, Short Walk to Calangute Per night before taxes and fees Nightlife Beach 12,796 -75% Porvorim (221) Limited Time Offer. Rs. 3,1 99 Palolem (212) Foodie haven Cabo Serai 8.7 Excellent . 4 kkk 210 reviews ‘ MiG Cabo De Rama Fort, Goa - 46.5 km to center 9.3 Location score Panaji (156) a a ad} sh / Beach, City center Boosted | Agoda Preferred Sparkling clean Colva (148) : 5 & Sea View BE Rs. 4,607 applied @® Vasco Da Gama (175) NO OO OO OOO",obstruct_sneaking,
booking_20.png,data\synthetic\obstruct_sneaking\booking_20.png,Synthetic,Figma,,"voyagetrips.com ®EN-GBP Support MyTips QED i) Your trip is protected 8 Popular choice PRICE SUMMARY Recommended for this destination . Most travellers add this £565.99 es00.00 Voyagetrips Travel Protection Plan per booking tal - in £28.99 v Trip cancellation cover vy Emergency medical (£5M) Member rate — save 22% vs. walk-in Vv Delayedbaggage (£500) v_24/7assistance hotline V Flight delaycompensation v Personal liability cover © View full policy details v Itemised breakdown v ing No thanks, I'lltravel unprotected Check-in Fri,25 Jul2025 & Check-out Mon, 28 Jul2025 1] Roomtype — Superior King © Payment & Guests 2adults © Duration 3nights Card number © Free cancellation until 22 Jul eece cove cove 3847 VISA G Instant confirmation email Expiry date cvv/cvc & Secure payment guaranteed",obstruct_sneaking,
booking_3.png,data\synthetic\obstruct_sneaking\booking_3.png,Synthetic,Figma,,"Overview Rooms 88 Twin Bed Queen bed gz Limited availability See photos Modern Pool Room with Balcony - Twin Bed Quick Answers Email property pds Q ibis Styles Goa Calangute - An Accor! Trip recommendations Garden view ey 22 Jul 2026 L3 Wednesday c= 21 Jul 2026 2 Tuesday Facilities Reviews Location > x Pool view Lowest price available! 22 adults@ Cheapest price you've ! 1 Breakfast available ( 650 / person) seen’ 40,973 -71% v Non-refundable (Low price!) @ 23,199 Per night before taxes & fees ¥ Book and pay now v Free WiFi See details Rewards & discounts @% HOTTEST GETAWAYS @2adults@ 1) Breakfast Included S4G/973 -68% 23,559 v Non-refundable (Low price!) @ Per night before taxes & fees v Book and pay now 2 adults won Rs. 3,199 Back to Top # 1room v it only takes 2 minutes 1room v",obstruct_sneaking,
booking_4.png,data\synthetic\obstruct_sneaking\booking_4.png,Synthetic,Figma,,"c= 21 Jul 2026 ey 22 Jul 2026 2 adults Q Styles Goa Calangute - An Accor! 2 Tuesday [> Wednesday E& 4 room Vv ies Reviews Location > from Rs. 3, 199 SUS uals bse Back to Top 2 2adultse 40.973 -43% 1room v 1) Breakfast Included 1} Dinner included 26.299 Book , . Pay at hotel 9 Free Cancellation @ Per night before taxes & fees v Pay at hotel@ FREE Cancellation v Free Wireless Internet See details Overview Rooms Trip recommendations Facil v_ Show 9 more offers (From & 3,379) Limited availability & 2 adults Z42796 -75% a ° bd : ° 1room v d 1} Breakfast available ( 650 / person) z 3,1 99 — 7 sol , | ; : v Non-refundable (Low price!) @ Per night before taxes & fees Book ' t>) v Book and pay now Cj Quick Answers Email property v Free WiFi it only takes 2 minutes See details 4119 Pr",obstruct_sneaking,
booking_5.png,data\synthetic\obstruct_sneaking\booking_5.png,Synthetic,Figma,,"Q Styles Goa Calangute - An Accor! Overview Rooms Trip recommendations Facil e=5 24 Jul 2026 cy 22 Jul 2026 2 adults v 2 Tuesday 2 Wednesday 4 room ies Reviews Location > fom Rs. 0,199 GAZa aS aNe Back to Top = 22 adults@ 5498 -42% 1) Breakfast available (% 650 / person) ‘room ¥ rea Pp 73,199 v Non-refundable (L ice! i lon-refundable (Low price!) @ Per night before taxes & fees Book v Pay to hotel See details . . it only takes 2 minutes . See photos 22 adults@ 5498 -35% troom Vv ” . Breakfast Included z 3,559 Superior Queen Pool v Non-refundable (Low price!) ® Per night before taxes & fees 7 oF vy Pay to hotel view Room with 2 foo euie Complimentary Beers p... it only takes 2 minutes Quick Answers Email property 2) @2adults@",obstruct_sneaking,
booking_6.png,data\synthetic\obstruct_sneaking\booking_6.png,Synthetic,Figma,,"Overview Rooms = Wi-Fi [free ¥Y Mini bar Refrigerator Ii Balcony/terrace E Closet 2% Non-smoking @ Individual air conditioning Quick Answers 5 21 Jul 2026 c= 22 Jul 2026 Q ibis Styles Goa Calangute - An AccorH 2 Tuesday | [> Wednesday Trip recommendations Facilities Reviews Location > If Dieaniast avanavie (< 0OU TT persuny @ Free Cancellation@ v Pay nothing until Jul 18, 2026 v Free WiFi See details Rewards & discounts @ MEMBERS ONLY @2adults@ 1) Breakfast Included @ Free Cancellation @ v Pay nothing until Jul 18, 2026 v Free WiFi See details Rewards & discounts @ MEMBERS ONLY 2 adults Vv 1 room won Rs. 3,199 Back to Top # Taj4ayy Per night before taxes & fees Lowest price in the last month S988 -47% 74,904 Per night before taxes & fees y Show 2 more offers (From = 4,179 Book With 20 paym FREE Cancellation 1room v Book With 20 payment FREE Cancellation",obstruct_sneaking,
booking_7.png,data\synthetic\obstruct_sneaking\booking_7.png,Synthetic,Figma,,"LJ Fets allowed In room (158) Distance to center O Inside city center (1341) O <2 km to center (823) oO 2-5 km to center (902) O 5-10 km to center (815) (J >10 km to center (1657) Bed type O Double (2101) DD King (1456) O Queen (1355) (1 singlestwin (700) (J Bunk bed (72) Popular with families O Kids stay for free DucknChill Agonda Huts kkk @ Agonda, Goa - 54.3 km to center 1.0 km from Agonda @ Agoda Preferred # Sea View + Beachfront Huts with Ocean Views, Candle-lit Outdoor Tables #4 Book without a credit card @ AGODASPONSORED applied - Rs. 1,922 off! Highlights @@ Ax &x1 Holiday Inn Resort Goa By IHG kk kkk @ Cavelossim, Goa - 42.1 km to center 1.9 km from Caroi Bus Stop - 592 m from Cavelossim Beach + Direct Private Beach Access, Spacious Well-Maintained Pool 7.6 Very good 457 reviews 8.4 Location score HE Rs. 1,922 applied @ MEGA SALE Per night before taxes and fees 12,654 -63% Rs. 4,711 9.1 Exceptional 1,692 reviews 9.3 Location score @ MEGA SALE Per night before taxes and fees 29,996 -75% Rs. 7,499 + FREE CANCELLATION @®",obstruct_sneaking,
booking_8.png,data\synthetic\obstruct_sneaking\booking_8.png,Synthetic,Figma,,"c= 21 Jul 2026 ey 22 Jul 2026 2 adults Q Bloom Hotel - Calangute 2) Tucsday Wednesday E& + oom v ies Reviews Location > from Rs. 2,01 6 SUS uals beh Back to Top Lowest price available! Overview Rooms Trip recommendations Facil _ — —————. . . 22 adults@ Cheapest price you've seen! =8,066 -75% Bf Rs. 383 applied 72,016 Per night before taxes & fees 1) Breakfast available (% 450 / person) @ Free Cancellation @ v Pay nothing until Jul 17, 2026 v Express check-in v Free WiFi @ AGODA_SPONSORED - & 383 off! See details FREE Cancellation See photos Rewards & discounts Value Twin Room 15 m7/161 ft? Max 2adults 2 single beds @ Limited Time Offer. Price includes 10% discount! & Pool view 22 adults@ Last minute price drop! 29.666 1room v Quick Answers Email property 1} Breakfast Included , 75% . H Rs. 520 applied @ Free Cancellation@ Book - e With 20 pavment",obstruct_sneaking,
booking_9.png,data\synthetic\obstruct_sneaking\booking_9.png,Synthetic,Figma,,"Overview Rooms Trip recommendations 32 Non-smoking j Quick Answers Email property c= 21 Jul 2026 ey 22 Jul 2026 2 adults Q Bloom Hotel - Calangute QU Tuesday L3 Wednesday && 1 room ies Reviews Location > from Rs. 2,01 6 VIEW THIS DEAL Back to Top $ @ 1 adult Room capacity exceeded @ Last minute price drop! RFS8TA -75% 3 Rs. 396 applied Facil }) Breakfast available (% 450 / person) @ Free Cancellation @ v Pay nothing until Jul 17, 2026 21,843 v Express check-in Per night before taxes & fees FREE Cancellation v Free WiFi © AGODA_SPONSORED - % 396 off! See details Rewards & discounts @ Limited Time Offer. Price includes 10% discount! @ 1 adult Room capacity exceeded @ Last minute price drop! 1) Breakfast Included T8257 -75% Rs. 444 lied @ Free Cancellation @ HRs aa v Pay nothing until Jul 17, 2026 72,064 ~ Express check-in Per night before taxes & fees",obstruct_sneaking,
Altura-Ii13.png,data\synthetic2\Interface interference\Altura-Ii13.png,Synthetic,Figma,,=? ALTURA SFO « NRT Light - ‘Comfort Bundle @ No checked bag @ 2 checked bags + seat choice $189 $268 ‘Comfort Bundle selected - includes checked baggage you may not need Select your fare ‘Sat 9 Nov 11h 05m - Nonstop. Flex 1 checked bag + free changes $234,Interface interference,
AzureEscapes-Ii-6.png,data\synthetic2\Interface interference\AzureEscapes-Ii-6.png,Synthetic,Figma,,"‘Azure Escapes MEMBERS SAVE 20% TODAY Join Azure Club before you pay Unlock exclusive resort rates, room upgrades and lounge access on every trip. Instant 20% off this booking Y Free breakfast for two Y. Guaranteed early check-in YY Members-only flash sales €B Add Azure Club — $19/mo & save $58 now hanks, pay full price without member benefits Secure checkout PAYMENT Card number MM oc Villa 5 nights $1240 Total i240 Pay now",Interface interference,
Celestia-Ii-14.png,data\synthetic2\Interface interference\Celestia-Ii-14.png,Synthetic,Figma,,IGN (Choose your seat -@8 OO _ - 4 Preferred ($28) Standard (unavailable online),Interface interference,
LumiereStays-Ii-18.png,data\synthetic2\Interface interference\LumiereStays-Ii-18.png,Synthetic,Figma,,"‘Select a room - The Halcyon, Dubai Bg te wkkke Panoramic Sky Suite £3.78 m- private terrace- butler service $600...",Interface interference,
Lykke Travel-Ii-4.png,data\synthetic2\Interface interference\Lykke Travel-Ii-4.png,Synthetic,Figma,,"© ikke Travet Who's travelling? Please provide the lead guest's details. First name Lastname mail address Phone number ‘Send me a booking confirmation by email Enroll in Lykke Plusfor member rates — free for 14 days, then $2.99/month billed to your card. | agree to the terms and privacy policy. det 2 Save gu",Interface interference,
Maison lune-Ii-2.png,data\synthetic2\Interface interference\Maison lune-Ii-2.png,Synthetic,Figma,,"Maison Lune Maison Lune — Provence = 94: Excptonal (© Rus des cies, cond Select your room Signature Garden Suite (@ Welcome champagne {Soaking tub 9 Terrace cite with private garden ew",Interface interference,
Marlin Bay Travel-Ii-8.png,data\synthetic2\Interface interference\Marlin Bay Travel-Ii-8.png,Synthetic,Figma,,"ch Marlin Bay Travel © Booking confirmed! Confirmation #MB-72841 - A receipt is on its way to your inbox. Coral Bay Resort - Maldives Check-in 2 Sep -6 nights - Lagoon Villa Make it unforgettable — add a private sunset cruise mpagne, snork 9 3s left for your dat ‘Yes, add the cruise for $189 71",Interface interference,
Meridian Business Travel-Ii-10.png,data\synthetic2\Interface interference\Meridian Business Travel-Ii-10.png,Synthetic,Figma,,Meridian Business Travel ‘2. Cancel your reservation? Booking #MET-40021 Grand Central Hotel Frankurt: 14-16 Oct You may cancel free of charge until 12 Oct. After this date a one-night fee applies. Refunds are processed within 5-7 business days to the original payment method. my booking,Interface interference,
NocturneVoyages-Ii-7.png,data\synthetic2\Interface interference\NocturneVoyages-Ii-7.png,Synthetic,Figma,,"NoctureVoyages Choose how to pay 4 Nocturne instant Pay Priority confirmation - skip the queue - +12 service fee Cfedit / debit card Standard processing, no fee Bank transfer OB easiness days, no fee Step 4 of 4 Payment Reykjavik Northern Lights Tour Package $540 Instant Pay fee $2 Total $552",Interface interference,
Nomadix-Ii-16.png,data\synthetic2\Interface interference\Nomadix-Ii-16.png,Synthetic,Figma,,"nomadix # FEATURED PARTNER re | ‘Skyline Grand Tokyo tp 9.2. Shinjuku “é LIMITED-TIME UPGRADE Save 30% on premium suites — today only Book a partner hotel in the next 15 minutes and unlock bonus rewards, EE Explore premium stays Q Tokyo. 3 nights. 1 quest $412 right",Interface interference,
Pace travel-Ii-19.png,data\synthetic2\Interface interference\Pace travel-Ii-19.png,Synthetic,Figma,,Pace. Confirm & pay Amalfi Coast 4 nights €960 Add trip protection & pay €994,Interface interference,
Palmarosa-Ii-12.png,data\synthetic2\Interface interference\Palmarosa-Ii-12.png,Synthetic,Figma,,"Palmarosa Rsaeny Enhance your escape ‘Add experiences to your Ocean Villa booking. Resort Experience Package (IED Spa credit, cabana & sunset yoga 35 © Water sports pass cn ="" Kayak, paddleboard & snorkel gear yg Chef's table dinner GB S-course tasting menu Continue",Interface interference,
StayNova-Ii-17.png,data\synthetic2\Interface interference\StayNova-Ii-17.png,Synthetic,Figma,,StayNova Your stay extras Meals & extras Daily Breakfast Buffet CE) $18 per guest / dy. charged with your room @ Parking (per day) $22 Late checkout 315 Breakfast added for 2 guests x 3 nights v +108 CONTINUE,Interface interference,
TransGlobeAir-Ii-11.png,data\synthetic2\Interface interference\TransGlobeAir-Ii-11.png,Synthetic,Figma,,"TransGlobeAir Refund Center Choose your refund method Flight TG-884 - London — Singapore - cancelled by airline TransGlobe Travel Credit ETNA Receive $704 instantly, valid for 24 months on any TransGlobe flight. Continue with travel credit Request cash fund to original card ($640 6-8 weeks)",Interface interference,
TripCore-Ii-5.png,data\synthetic2\Interface interference\TripCore-Ii-5.png,Synthetic,Figma,,"Palm Cove Resort, Cairns 68 18 Aug— 22 Aug. Ocean Deluxe 2 adults Cancellation protection Room (4 nights) sma Flexible Protection Plus Protection Plus $34 Y Cancel anytime, full refund Taxes $58 Free date changes ~s Total $804 24/1 priority support CONFIRM BOOKING © Non-refundable rate (no changes) Included",Interface interference,
Voyanta-Ii-1.png,data\synthetic2\Interface interference\Voyanta-Ii-1.png,Synthetic,Figma,,Voyanta Q Lisbon - 12-15 Jun 2 guests My Trips Sort: Recommended 312 stays in Lisbon ® Free Wifi 2 Pool $128 The Meridian Grand @ii eS ® Free Wifi 2 Pool $349 Cedar Street Inn ® Free Wifi 2 Pool $96,Interface interference,
Wanderlux-Ii-15.png,data\synthetic2\Interface interference\Wanderlux-Ii-15.png,Synthetic,Figma,,"‘OP Wanderlux Packages Deals Support Bali 7-night holiday packages Flights, hotel and transfers bundled together. kkk Signature All-Inclusive $1,890 )2.00 Y_S-star beachfront resort cop it simple? Our Essential package includes return fights and a 3-star tial VY. All meals & drinks included Y. Private airport transfers VY ‘Sunset cruise + spa day Book Signature",Interface interference,
WildPath-Ii-9.png,data\synthetic2\Interface interference\WildPath-Ii-9.png,Synthetic,Figma,,& Wildpath Almost there — one last thing © TRAILS MEMBERSHIP $59) ser cnssnnne VY. Upto 15% off every eco-lodge Y. Carbon-offset trips included Y Priority access to guided treks Become a member & save on this trip,Interface interference,
interface.png,data\synthetic2\Interface interference\interface.png,Synthetic,Figma,,"STEP 3 OF 4 - ENHANCE YOUR STAY Make it a little more special We've added a few recommended extras to your booking. Review them below. UT 4 Signature Spa Ritual | RECOMMENDED +€180 90-minute couples massage with caldera view. Reserve now before it sells P& S*Y out. V Added to your booking Private Airport Transfer RECOMMENDED +€95 Chauffeured car both ways. Most guests add this for a smooth arrival. round trip V Added to your booking Premium Breakfast Upgrade +€32 Ala carte breakfast with sparkling wine, daily. Per night V Added to your booking Flexible Rate Protection +€45 per stay Change your dates once, fee-free. Not included Order summary Room - 3 nights €2,820 Extras (3) 6371 Total €3,191 Continue to payment",Interface interference,
interface1.png,data\synthetic2\Interface interference\interface1.png,Synthetic,Figma,,"Choose your room 3 room types available for your dates ~~ %* RECOMMENDED | Wa | | ill Prices shown per night, incl. taxes Signature Ocean Suite 78 m? - King bed: Sleeps 2 BEST VALUE © GUEST FAVOURITE —_VERIFIED LUXURY V Private infinity plunge pool V Panoramic caldera & sea view V Complimentary spa credit €120 V Butler service & daily breakfast v Free cancellation until check-in EQ4AO «1:00 /risint Selected — Continue to booking Signature Ocean Suite Upgrade your stay with a private plunge pool and butler service — chosen by 8 in 10 guests. €940 j rich Upgrade my stay Your selection Signature Ocean Suite €940 3 nights €2,820 Total €2,820 Continue with a smaller room",Interface interference,
interface2.png,data\synthetic2\Interface interference\interface2.png,Synthetic,Figma,,"Marael COASTAL RETREATS DESTINATION DATES Santorini, Greece 14-17 Aug 2026 - 2 adults earch Destinations Resorts Experiences Offers EUR € Sign in 142 stays in Santorini Showing our best matches for your dates Sort by [Lowest price = v ~\ Azure Dome Hotel Oia - 1.2 km from center & Very good - 612 reviews Handpicked by our travel editors for its iconic domes and sunset views. Book with confidence.",Interface interference,
interface3.png,data\synthetic2\Interface interference\interface3.png,Synthetic,Figma,,"Marael COASTAL RETREATS Destinations Resorts —_Experiences STEP 4 OF 4 - PAYMENT Complete your booking Guest details First name Last name Alex Rivera Email Phone alex@example.com 430. Offers A (RECOMMENDED) Protect your €2,820 trip Unexpected things happen. Add refundable protection for peace of mind. @ Yes, | want to protect my trip for just €89 (most travellers choose this) Full refund if you cancel for a covered reason. +€89 @ No, | don't want to not risk losing the full cost of my trip if my plans change. Order summary Signature Ocean Suite -3 nights _€2,820 Spa & transfer extras €275 Trip protection €89 Total €3,184 Confirm & pay securely EUR € Sign in",Interface interference,
interface4.png,data\synthetic2\Interface interference\interface4.png,Synthetic,Figma,,"Marael COASTAL RETREATS Destinations Resorts —_ Experiences STEP 3 OF 4 - ENHANCE YOUR STAY Make it a little more special We've added a few recommended extras to your booking. Review them below. UT 4 Signature Spa Ritual | RECOMMENDED +€180 90-minute couples massage with caldera view. Reserve now before it sells P& S*Y out. V Added to your booking Private Airport Transfer RECOMMENDED +€95 Chauffeured car both ways. Most guests add this for a smooth arrival. round trip V Added to your booking Premium Breakfast Upgrade +€32 Ala carte breakfast with sparkling wine, daily. Per night V Added to your booking Flexible Rate Protection +€45 per stay Change your dates once, fee-free. Not included Offers Order summary Room - 3 nights €2,820 Extras (3) 6371 Total €3,191 Continue to payment EUR € Sign in",Interface interference,
interface5.png,data\synthetic2\Interface interference\interface5.png,Synthetic,Figma,,Marael COASTAL RE Destinations Resorts Experiences Offers MANAGE BOOKING - #MAR-40921 Cancel your reservation Signature Ocean Suite - 14-17 Aug 2026 - 2 guests Wait — are you sure you want to leave paradise? V Private infinity plunge pool & panoramic sea view Vv €120 spa credit already reserved in your name V¥ locked-in summer rate (14% below current price) Stay with us and we'll add a free bottle of wine. EUR € Sign in,Interface interference,
interface6.png,data\synthetic2\Interface interference\interface6.png,Synthetic,Figma,,"Stays in Norway 48 properties - Oct 12-18 - 2 guests = Filters Price per night €100 €900 Property type Hotel O Cabin O Guesthouse O Lodge Amenities Free WiFi Aurora Fjord Grand Resort & Spa 4 Flam - Panoramic fjord frontage ~ @ Superb - 1,204 © Verified property | © Free cancellation | Guest favourite @ Fast WiFi © Breakfast 2 Spa & sauna Reserve now per night - incl. taxes vy, Breakfast O Sauna O Fjord view Birch & Fjord Guesthouse Bergen Harbour Nordlys Micro Hotel Tromso Centre 8.2 €142 select 8.5 €168 select",Interface interference,
interface7.png,data\synthetic2\Interface interference\interface7.png,Synthetic,Figma,,"Bay Escapes SEYCHELLES - 6 NIGHTS Choose your holiday package All packages include return flights and airport transfers. Pick the experience that suits you. BEST VALU RECOMMENDED Signature All-Inclusive Premium Essentials Room Only Popular Half Board $2,390 $1,150 $1,720 per person per person per person v Return flights & transfers f Return flights f Return flights 4 All meals & premium drinks = Beachfront room Yq. Breakfast & dinner & Sunset catamaran cruise = Overwater suite upgrade Select room only Select half board Book all-inclusive",Interface interference,
interface8.png,data\synthetic2\Interface interference\interface8.png,Synthetic,Figma,,"@ AURELIA CLUB Members save more, every trip Join Elite today and save an average of $612 on your next 3 stays. Explorer $0 sco v Member-only rates v Save favourite stays VY Standard support Choose Explorer resorts worldwide. Elite $149... Up to 25% off every booking Guaranteed room upgrades Priority 24/7 concierge v v v Late checkout & early check-in v v 2x reward points W Most Popular Choose your membership Unlock member pricing, upgrades and concierge across 900+ Signature $89 cer year VY Up to 12% off bookings v Free breakfast Y Priority support Choose Signature",Interface interference,
interface9.png,data\synthetic2\Interface interference\interface9.png,Synthetic,Figma,,"/ Summit & Shore Upgrade to Ocean View Suite Just +$220 for your whole stay. Panoramic balcony, king bed and lounge access. Payment method Add upgrade oes Summit Signature Card Earn 3x points - Free room upgrade eligibility O B Debit / Credit card le) =p Bank transfer Secure checkout - Step 3 of 3 Order summary Deluxe Room - 3 nights $540 Ocean View Suite upgrade +$220 Total $760 Confirm & pay $760 keep my current room",Interface interference,
nordStay-Ii-3.png,data\synthetic2\Interface interference\nordStay-Ii-3.png,Synthetic,Figma,,"nord stay Select your room Fjordholm Hotel, Bergen - 3 nights Studio Room 589 Deluxe king 2 @ Panorama suite 5268 Panorama Suite x 3 $804 Taxes $96 Total $900",Interface interference,
Aurea1.png,data\synthetic2\Sneaking\Aurea1.png,Synthetic,Figma,,"UREA COLLECTION STAYS EXPERIENCES MEMBERS. CONTACT Amalfi Coast, Italy 14 Aug 2025 19 Aug 2025 2 Adults - 1 Room } seancn | BY Amalfi Coast Showing +3 Our Recommendation Price: Low to High Guest Rating Newest Deluxe Harbour Suite | 4.9 | 312 reviews Panoramic Sea View - 62 m? - King Bed HT Free WiFi Breakfast Included Pool Access €0 €1, 200+ €489 9er nigh SELECT ROOM AMENITIES Free Breakfast Pool Spa Access Premier Garden Villa Eh 2 eviews Dr ardan & Pool - OS 2. Twin King",Sneaking,
Aurea10.png,data\synthetic2\Sneaking\Aurea10.png,Synthetic,Figma,,"PALAZZO RESERVE DESTINATIONS EXPERIENCES PRIVATE COLLECTION MEMBERSHIP My Reservations SIGN IN DESTINATION CHECK-IN CHECK-OUT GUESTS Rema lisity 42. Aug 2026 16 Aug 2026 2 Adults «1 Room MODIFY SEARCH Sort: Recommended v REFINE RESULTS + + Luxury Properties in Rome REPS ROS 127 exclusive properties - 4 nights - 2 guests —— SafeGuard Travel Protection — Recommended for Your Stay £29.00 BALD Upinaed Covers trip cancellation, medical emergencies & lost luggage. Applies to all rooms selected. per booking STAR RATING Grand Palazzo Roma 9.4 ek RR 5-Star Luxury Via Veneto, Rome Centro EXCEPTIONAL 2,847 reviews tokkok 4Star Luxury Pool Spa Restaurant Concierge Valet @ www 3-Star Luxury per night, excl. taxes RESERVE 4 nights total: £1712 AMENITIES G Private Pool",Sneaking,
Aurea11.png,data\synthetic2\Sneaking\Aurea11.png,Synthetic,Figma,,">| AeroSwift Flights Hotels Cars Packages _— Deals Help o_o 0 Search Select Checkout Payment Confirmation Your Flight Booking ref: AS-284719 Price Summary Base Fare (2 passengers) £486.00 OUTBOUND - 14 AUG 2026 Taxes & Airport Fees £89.20 09:25 7h 15m 20:40 ( Extra Baggage (20kg x 2 £54.98 LHR AS 204 ""Econom y DXB ggag) gx London Heathrow Dubai Int'l Total £630.18 RETURN - 21 AUG 2026 Final price including all taxes 22:10 7h 25m 02:35+1 DxB Economy LHR Dubai Int'l London Heathrow Continue to Payment > Secure Booking Guaranteed. Your payment is protected with 256-bit SSL encryption. Passenger Details",Sneaking,
Aurea12.png,data\synthetic2\Sneaking\Aurea12.png,Synthetic,Figma,,"Passenger Details FIRST NAME LAST NAME James Mitchell DATE OF BIRTH PASSPORT NO. 15/04/1988 GB-7284819 Baggage & Extras Manage your baggage allowance for all ry Cabin Bag (7kg) 1 per passenger, included J Extra Hold Baggage (20kg x 2 passengers) [ appen | Checked luggage for both travellers - outbound & return Recommended for a 7-night stay & Priority Boarding Board first, store cabin bag near your seat e Travel Insurance Medical, cancellation & delay cover +£54.98 total +£18.00 total +£32.50 total Included Base Fare (2 passengers) £486.00 Taxes & Airport Fees £89.20 Extra Baggage (20kg x 2) £54.98 Total £630.18 Continue to Payment > Secure Booking Guaranteed. Your payment is protected with 256-bit SSL encryption.",Sneaking,
Aurea13.png,data\synthetic2\Sneaking\Aurea13.png,Synthetic,Figma,,"SBB Timetable Tickets & Offers Travel Cards About Us veDE Login Search » Select Journey » Add-ons Ziirich HB — Geneva Cornavin 14 August 2026 © 09:04-10:57 @ 1h53m_—a& 2Adults_ — @ IC 5-2ndClass Modify Journey Enhance Your Journey Order Summary IC 5 Zurich + Geneva CHF 136.00 Flexi-U id CHF 37.00 Flexi-Upgrade 1st Class Upgrade exe pgrace Change or cancel your journey anytime, up to departure. Spacious seating, complimentary refreshments and Full refund guaranteed. dedicated quiet zones. CHF 18.50 CHF 24.00 Total CHF 173.00 Continue to Payment dS b Bicycle Transport Seat Reservation Terms & Conditions. Take your bicycle along in the dedicated luggage Guarantee your preferred seat with window or aisle",Sneaking,
Aurea14.png,data\synthetic2\Sneaking\Aurea14.png,Synthetic,Figma,,"Most Popular Flexi-Upgrade Change or cancel your journey anytime, up to departure. Full refund guaranteed, CHF 18.50 dS Bicycle Transport Take your bicycle along in the dedicated luggage carriage. CHF 8.00 & Rail & Drive Reserve a hire car at Geneva station. Various vehicle categories available. CHF 49.00 s 1st Class Upgrade Spacious seating, complimentary refreshments and dedicated quiet zones. CHF 24.00 & Seat Reservation Guarantee your preferred seat with window or aisle selection. CHF 4.50 Geneva City Day Pass Unlimited travel on Geneva's trams, buses and boats for one day. CHF 12.00 IC 5 Zirich Geneva CHF 136.00 Flexi-Upgrade CHF 37.00 Geneva City Day Pass CHF 24.00 Total CHF 197.00 Continue to Payment — Terms & Conditions Need help?",Sneaking,
Aurea15.png,data\synthetic2\Sneaking\Aurea15.png,Synthetic,Figma,,"Day 9"" v0.0 ~ 20.00 6 Palma de Mallorca, Spain Day 6 - 08:00 - 22:00 e Barcelona, Spain _ biseMBARK Day 7: Arrive 07:00 WHAT'S INCLUDED Vv Allmain meals on board Vv Access to pools & sun decks v Portside transfers in all ports Y Entertainment programmes Y Fitness centre & jogging track ¥ 24h room service VOYAGE PACKAGES Enhance your cruise experience Azure Wellness & Spa Retreat +£189 Unlimited spa access - 2 signature treatments. Per person Thermal suite _ Remus +£119 ‘Wines, cocktails, spirits & soft drinks Per person 2 Ser Eneers Rawal +£249 5 guided tours across all ports per person Ocean View x 2 passengers £3,240 Wellness & Spa Package = 2 £378 TOTAL £3,618 for 2 passengers - taxes included PROCEED TO PAYMENT",Sneaking,
Aurea16.png,data\synthetic2\Sneaking\Aurea16.png,Synthetic,Figma,,"A Geeply relaxing 7U-minute journey Using smooth Himalayan stones and signature botanical oils. Melts tension, restores balance and leaves skin radiant. Guest Information NAME EMAIL Sophie Chen sophie.chen@email.com PHONE HEALTH NOTES +44 7891 234 567 No known allergies Optional Enhancements Aromatherapy Oil Upgrade Choose from 8 therapeutic blends +£22.00 ry Champagne & Chocolates Moét & Chandon on arrival +£35.00 + Elysée Member Benefits 10% off all future treatments Priority booking access Monthly members-only events Exclusive product discounts",Sneaking,
Aurea17.png,data\synthetic2\Sneaking\Aurea17.png,Synthetic,Figma,,"NORDLYD Events Artists Venues Magazine My Tickets MUSIC & ARTS Events — Arctic Monkeys - Oslo Tickets Payment Arctic Monkeys Oslo Spektrum - Oslo, Norway Friday, 22 November 2026 - Doors 19:00 General Admission Standing Floor Payment Details CARDHOLDER NAME Erik Halvorsen CARD NUMBER 1234 5678 9012 3456 EXPIRY DATE cvc ORDER REVIEW General Admission x 2 NOK 1,198 Service & Booking Fee NOK 30 v4 Carbon Neutral Concert NOK 19.50 We'll plant 2 trees to offset your event's carbon footprint. Already added to your order. Total NOK 1,247.5 ~ £9310 - incl. all fees Pay NOK 1,247.5 By completing your order you agree to our Terms of Sale and Privacy Policy.",Sneaking,
Aurea18.png,data\synthetic2\Sneaking\Aurea18.png,Synthetic,Figma,,"PASSENGER — ADULT Manchester — London £21.99 FIRST NAME LAST NAME Comfort Bundle £8.99 John Mitchell Total to Pay £30.98 EMAIL MOBILE Price guaranteed until checkout j.mitchell@email.co.uk +44 7812 345 678 Continue to Payment — ¥ Free cancellation up to 24h before departure TRAVEL EXTRAS Optional add-ons for your journey SSION ID Advance Seat Selection Guarantee a £3.99 NCE-2026-9-MAN-VIC-00849 Reserve a specific seat now, guaranteed Your basket is held for 12 minutes Comfort Bundle £8.99 11:43 rema Hot Meal Voucher: Travel Pillow - Fleece Blanket - Priority Boarding ‘Added for your comfort on this route Coach Travel Insurance a £4.99 Cancellation, delay & personal accident cover",Sneaking,
Aurea19.png,data\synthetic2\Sneaking\Aurea19.png,Synthetic,Figma,,"Visit Details Adventura World, Orlando Thursday, 28 August 2026 09:00 — Park Close Sarah Chen + Tom Chen Digital Tickets Ready Download Tickets Plan Your Day fl & é Galaxy Spin Tidal Wave 2x Day Pass (All Rides + Attractions) $189.00 Parking Pass (1 day) $25.00 4 VIP FastTrack Wristbands $49.00 Totol Charged $263.00 Download All Tickets Add to Apple Wallet VIP FastTrack Active Skip queues at Galaxy Spin, Thunder Peak, Tidal Wave and 17 more",Sneaking,
Aurea2.png,data\synthetic2\Sneaking\Aurea2.png,Synthetic,Figma,,"Hotel - Luxury Flight - Dark UL Concert - Glass Cruise - Resort Spa - Scandi Theme Park - Material Restaurant - Corporate R Travel insu -select ‘Checkout - Extra Baggage Pre-selected c- u - D Spa F z to summary - Priority Access Pre-enabl nation © veloair eo —eo—@® +) SNEAKING - 8 INTERFACES Flight Search Passenger Details extras Payment LHR 2h 45m-Non-stop FCO | Fri, 15 Aug 2025 -07:20 + 10:05 VeloAir VA-284- Economy Flex London Heathrow > Rome Fiumicino Customise Your Journey Price Summary Review and adjust what's included with your booking Base fare (1 passenger) £284 20kg hold bag £34 = Baggage CABIN BAG INCLUDED Total £318 @ 20kg Hold Bag + £34 Max 90*75x43cm- 1 bag per passenger per person 32kg Hold Bag +£58 Prices include all taxes. Baggage fees apply per Max 90x75x43cm: Heavy item allowance per person eet",Sneaking,
Aurea20.png,data\synthetic2\Sneaking\Aurea20.png,Synthetic,Figma,,"Day by Day Airport Transfers (Both + Ways) £79/pp Dayi Arrive in Bali Private car, arrival & departure. Pre-arranged with rt. Added to ke Welcome transfer to Seminyak. Check in, sunset dinner at cliffside restaurant. Yate SORES Day2 Ubud Rice Terraces @ © Comprehensive Travel + Insurance £49/pp Private guided tour through Tegallalang, monkey forest and artisan villages. Medical, cancellation & luggage Day3 Mount Batur Sunrise ®@ > 2& Premium Snorkel Equipment +£35/pp Early morning volcano trek. Return for pool day at the resort. ful kit for Nusa Penida day tip Day4) Nusa Penida Island Speed boat day trip to Kelingking Beach and Crystal Bay snorkelling. Package x 2 guests £3,298 Day5 Temple Trail Airport Transfers x 2 £158 Visit Tanah Lot and Uluwatu sea temples. Kecak fire dance at sunset. Total £3,456 Day6 Leisure Day for 2 guests - deposits from £199 Optional spa treatment or surf lesson. Private farewell dinner on the beach. Reserve This Package Day? Departure Transfer to Ngurah Rai International Airport for onward journey. i@ Secure i ATOL Protected t= 0% deposit deals",Sneaking,
Aurea21.png,data\synthetic2\Sneaking\Aurea21.png,Synthetic,Figma,,"Uhak's Included WG nights — Amara Bali Resort (5%) Q__ Daily breakfast & 3 gala dinners UR Professional English-speaking guide ( Attwater activities & entrance fees #® Private air-conditioned vehicle Day by Day 6 Dayi Arrive in Bali Welcome transfer to Seminyak. Check in, sunset dinner at cliffside restaurant. FROM PER PERSON £1,649 2:0. Based on 2 guests - 7 nights - All inclusive DEPARTURE GUESTS 12 Oct 2026 = 2Aduts @ ROOM TYPE © Garden Pool Villa +£0 pp © Ocean Pool Suite +£240 pp © Cliff Edge Villa +£520 pp ADD-ONS & EXTRAS Airport Transfers (Both + = Ways) £79/pp Private car, arrival & departure. Pre-arranged with your resort. Added to your package.",Sneaking,
Aurea22.png,data\synthetic2\Sneaking\Aurea22.png,Synthetic,Figma,,"AVAILABLE SECTIONS Block K1 Platinum Pitch 12 seats remaining £185 per seat Block K2 Platinum Pitch 8 seats remaining Block A1 Gold Stand 34 seats remaining Block A2 Gold Stand 21 seats remaining £185 per seat £95 per seat £95 per seat Your Selection Block K1 — Platinum Pitch Meridian FC vs Ashford United Number of Tickets - N MATCHDAY EXPERIENCE VIP Meridian Club Lounge +£45/seat Pre-match hospitality, complimentary drinks & premium half-time buffet. Access from 13:00. Official Match Programme a +68 Collector's edition, posted to your address gg C2! Parking — Zone A ae12 Adjacent to stadium, pre-booked Platinum Pitch x 2 £370.00 VIP Lounge x 2 £90.00 Booking Fee x 2 £5.00 Total £465.00",Sneaking,
Aurea23.png,data\synthetic2\Sneaking\Aurea23.png,Synthetic,Figma,,ENHANCE YOUR DINING EXPERIENCE Sommelier Wine Pairing +095 Menu ti 2 £370.00 5 paired wines selected by our Maitre Sommelier to complement each per person 37 course Includes: Champagne Billecart-Salmon + Meursault Premier Cru « Chateau Léoville-Barton « Sauternes #Yquem «Vintage Pore Champagne Welcome — Dom Pérignon £48 £630.00 A bottle of vintage Dom Pérignon awaiting your arrival Bespoke Floral Arrangement 65 CONFIRM RESERV Seasonal flowers arranged by our in-house florist SPECIAL REQUESTS we Mic,Sneaking,
Aurea24.png,data\synthetic2\Sneaking\Aurea24.png,Synthetic,Figma,,": , : La Maison Dorée Réservations Le Menu La Cave L'Equipe Galerie Availability Your Details» ™, 9 2 ™, Tasting Menu for Two Friday, 23 October 20:00 2 guests Salle Principale AMUSE-BOUCHE Caviar blini with créme fraiche & chive oil Chefs signarare £630. rare) ENTREE Seared Brittany scallops, cauliflower velouté, black truffle Seasonal CONFIRM RESER’ POISSON Dover sole meuniere, capers, beurre noisette, pommes vapeur Wild-caughe As grade VIANDE Wagyu beef fillet, pet gueux sauce, pommes dauphine, haricots 0",Sneaking,
Aurea25.png,data\synthetic2\Sneaking\Aurea25.png,Synthetic,Figma,,@ vott rides 3 min Marcus A. * 4.95 TRIP SUMMARY 84km GH23 XKV ~22 min Complete Payment £22.40 £2.80 £3.36 4 VOLT Elite — Monthly Pass £9.99 Total £38.55 4 230 credits ae,Sneaking,
Aurea26.png,data\synthetic2\Sneaking\Aurea26.png,Synthetic,Figma,,Marcus A. ® *495 Tes el3 © GH23XKV SS TRIP SUMMARY 8.4km ~22 min EHICLE ouTe VOLT Premium EV A501 - Victoria Embankment TIP FOR MARCUS £3.36 notin 10% 20% 25% Total £38.55 4 VOLT ELITE BENEFITS,Sneaking,
Aurea27.png,data\synthetic2\Sneaking\Aurea27.png,Synthetic,Figma,,"itu Descent & Zermatt Departure ® Altitude: 1,608m OPTIONAL ADD-ONS M@ Alpine Safety & Rescue Cover +€79/person Mountain rescue helicopter, medical evacuation, personal accident & equipment cover. Essential for Alpine expeditions. . ® Full Equipment Hire Package +€120/person Crampons, ice axe, harness, helmet, boots, layers twa Summit Photography Package +€180 Dedicated photographer, 120+ edited images, drone footage SELECT DEPARTURE © 14 Aug 2026 3 spots left @ 28 Aug 2026 6 spots @ 11Sep 2026 8 spots PARTICIPANTS. = 2 climbers (+) Expedition = 2 €4,580 Alpine Safety Cover « 2 €158 Total €4,738 30% deposit to confirm - balance 60 days prior Reserve My Spot > i Secure fIFMGA & Carbon offset",Sneaking,
Aurea28.png,data\synthetic2\Sneaking\Aurea28.png,Synthetic,Figma,,"14:00 Guest arrival / event start 00:00 Music curfew (licence) 01:00 Venue clear by OPTIONAL EXTRAS @ EVENT DAMAGE PROTECTION Replaces £1,500 refundable damage deposit - instant approval Covers accidental damage up to £5,000. Waives the £1,500 cash deposit requirement. Automatically applied to your booking, ‘one-time fee | PREMIUM DEEP CLEAN Full venue clean during event + post-event, same-day turnaround | EXTENDED SECURITY COVER 4 SIMicensed officers until + venue manager on site VENUE HIRE (17H) £3,200 STAFFING (EVENT MANAGER + TECHNICIAN) £840 AV & LIGHTING PACKAGE £620 EVENT DAMAGE PROTECTION £185 VAT (20%) £969.00 TOTAL £5814.00 50% deposit on signing - balance 30 days prior SIGN CONTRACT — a iE} PCI COMPLIANT FoA REGULATED UK CONTRACT LAW",Sneaking,
Aurea29.png,data\synthetic2\Sneaking\Aurea29.png,Synthetic,Figma,,"@ Child Ages 5-17 eS Senior Ages 65+ & Under 5 ‘Ages 0-4 Make the Most of Your Visit > @ 6) audio Discovery Guide +£8 / person 60+ stops in 5 languages - fun interactive stories for all ages - included for your visit. a ‘e# Café Lunch Voucher Main + drink at Wonder Café. Valid all day. +£14.50 / person Adult x 2 £36.00 Child x1 £11.00 @ Audio Guide x 3 £24.00 Online booking fee £150 Total £72.50 Buy Tickets Now! i Secure @ Mobile tickets B Flexible dates @ Wonder Members Save 25% Unlimited visits, shop discounts & more from. £499/month",Sneaking,
Aurea3.png,data\synthetic2\Sneaking\Aurea3.png,Synthetic,Figma,,"MODIFY Paris, France 14 Aug 2025 19 Aug 2025 2 Adults - 1 Room 47 properties - Paris, France - 5 nights Sort: STAR RATING ¥ 5 stars g Cae @ Agte & i —— 22 | Il6tel des Lumiéres €485 Oo 3stars 2 et Spa & Wellness Rooftop Pool Michelin Restaurant Concierge AMENITIES Snights: €2450 [9.4 | Exceptional - 1,284 reviews O Spa & Wellness SELECT ROOM © Swimming Poot O Fine Dining O Airport Transfer O Butler Service Villa Castellane Résidence €378 BOOKING EXTRAS @ Travel Protection GardenSuite Pool WineCellar__— Terrace S nights: €1915 ERM Exceptional -892 reviews SELECT ROOM NIGHTLY RATE (€)",Sneaking,
Aurea30.png,data\synthetic2\Sneaking\Aurea30.png,Synthetic,Figma,,"wergen ‘ sruvunger Norway Norway PASSENGER & VEHICLE LEAD PASSENGER Lena Serensen VEHICLE Volvo V60 - LM73 XKJ FARE OPTIONS & EXTRAS Tue 6 Oct 2026 5h 15min PASSENGERS 2 Adults CABIN Standard Reclining Seat MY Nordfjord Flexi Fare — Full Refund Protection +NOK 12.50 Cancel or change departure up to 2 hours before sailing, Full refund per person guaranteed. Applied to your booking. = Premium Lounge Upgrade +NOK 18.00 Panoramic deck, premium seating, complimentary tea/coffee per person PAYMENT Standard Deck Booking Summary Bergen — Stavanger - 6 Oct 2026 Passenger Fare « 2 NOK 48.50 Vehicle (Passenger Car) NOK 94.00 Flexi Fare » 2 NOK 12.50 Port Handling Fee NOK 4.20 Total NOK 159.20 = £1215 - incl. port taxes Confirm & Pay By confirming you accept BlueWave's Terms and Privacy Policy & Official BlueWave Ferries operator Bm once: ti: Se",Sneaking,
Aurea31.png,data\synthetic2\Sneaking\Aurea31.png,Synthetic,Figma,,"VELA Hotels Flights Transfers. ‘Experiences DESTINATION CHECKIN CHECK-OUT cuests Paris, France Fri14 Aug Mon 18 Aug. 2 Adults, 1 Room REFINE RESULTS a 147 properties: Paris (/ protection included ) | Recommended @ Travel Protection Plan MEMBER'S CHOICE Covers cancellations, medical Hotel de Vendéme €418 ‘emergencies & delayed luggage for . Ist Arrondissement - Paris, France pene your entire stay. incl. protection +€29 / night STAR RATING tok kk kk xxx BEST VALUE MAX PRICE / NIGHT = €80 -€600 AMENITIES @ Spa & Wellness @ Fine 4.9 (847 reviews) ‘Spa&Wellness FineDining Concierge Pool Free cancellation until 7 days prior Le Grand Palais Suites ‘th Arrondissement - Paris, France AB (1,203 reviews) Rooftop Bar —_ButlerService. | Gym Spa Free cancellation until 7 days prior Select Room €474 per night incl. protection Select Room EUR",Sneaking,
Aurea32.png,data\synthetic2\Sneaking\Aurea32.png,Synthetic,Figma,,"YOUR FLIGHT New York a 10:45 sk 421 Fri 5 Aug 2025 Economy Class | Seat22A(Window) | Carry-onincluded BAGGAGE OPTIONS LHR London 22:10 Fril5 Aug 2025 @ Extra Checked Bag (up to 23 kg) £45.00 Standard hold luggage for international routes y) O Priority Boarding £12.00 Board before Group C — guaranteed overhead space £38.00 O Heathrow Lounge Access ‘Complimentary drinks, meals & quiet workspaces PRICE SUMMARY Base Fare (1 pax) £412.68 Taxes & Carrier Fees £74.60 Extra Checked Bag (23 kg) £45.00 Total £531.00 PAYMENT ‘Card Number 4242 4242 4242 4242 Expiry cw MM / YY 000 | i Encrypted with 256-bit SSL.",Sneaking,
Aurea33.png,data\synthetic2\Sneaking\Aurea33.png,Synthetic,Figma,,"Enhance Your Journey BOOKING SUMMARY Add optional services to make your trip more comfortable. Stockholm — Oslo x 2 SEK 1,034 First Class Meal Package SEK 396 First Class Meal Package SERS98 Three-course lunch with wine pairing, curated by our onboard chef. Includes starter, main & dessert. Total SEK 1,430 ph SEK 528 ngers R Seat Upgrade to Comfort Class Extra legroom (94 cm pitch), dedicated overhead storage and complimentary newspaper. SEK 176 for 2p ff) Onboardtigh-Speed Wi-Fi Unlimited data connection throughout the journey. Stream, work or browse seamlessly. ngers SEK 132 ngers a Luggage Storage at Oslo Central Secure self-service locker at Oslo $ station, valid for up to 24 hours from arrival.",Sneaking,
Aurea34.png,data\synthetic2\Sneaking\Aurea34.png,Synthetic,Figma,,"Day 3 At Sea Full onboard programme pare Valletta, Malta Arrive 07:30 - Depart 21:00 pave Palma de Mallorca Arrive 08:00 - Depart 20:00 pave Barcelona Arrive 07:00 - Disembark by 10:00 Onboard Experience 7 Restaurants From casual poolside to Michelin-starred %s Evening Shows West End-calibre theatre, live jazz & more Oceanus Spa 2,400 m? full-service wellness deck 3 Swimming Pools Including adults-only infinity terrace ‘Sea Day Port of Call Port of Call Disembarkation Ocean View €1,890 Lower deck panoramic porthole window er person Private Balcony €2,640 Private terrace with unobstructed sea views per person Grand Suite Butler service, separate lounge & king bed Oceanus Premier Membership [AUTO=ADDED) >< Includes priority embarkation, 15% onboard credit & complimentary shore excursion on Day 2. €149 one-time fee Private Balcony x 2 pax €5,280 Port fees & taxes €210 Premier Membership €149 Total €5,639",Sneaking,
Aurea35.png,data\synthetic2\Sneaking\Aurea35.png,Synthetic,Figma,,"Your Booking Summary AURA BALI RETREAT Garden Villa Ubud Valley - 2 nights - 2 guests Private Pool ) ( Jungle View ) ( Breakfast RM 960 RM 480 / night 2 nights - 1 villa & Full Day Spa Access [ Remove Full access to thermal pools, steam rooms & relaxation lounges. Includes one 60-min rs traditional Balinese massage per guest. RM 280 for 2 guests PRICE BREAKDOWN Garden Villa x 2 nights RM 960 Service & tourism tax RM 68 Full Day Spa Access (2 guests) RM 280 Total Due RM 1,308 Secure Payment 1 Visa m= MC @ Bank CARDHOLDER NAME Siti Nabilah CARD NUMBER 4242 4242 4242 4242 EXPIRY DATE cv /cve MM/YY eee Complete Booking - RM 1,308 la 256-bit SSL encryption - Your data is protected Y Free cancellation up to 72 hours before chet ¥ Instant confirmation email B® FPx",Sneaking,
Aurea36.png,data\synthetic2\Sneaking\Aurea36.png,Synthetic,Figma,,TICKET DETAILS TICKET TYPE General Admission SEAT Section K - Row 14-15 OPTIONAL EXTRAS STAGE ME Your seats |) Available lll Taken QUANTITY 2 tickets FORMAT Mobile QR Code Help fund music education for under-served communities. Donation added per order. Event Protection Cover Refund if event is cancelled or you can't attend $5.00 $14.00 ORDER TOTAL GA Ticket x 2 $178.00 Booking fee $12.40 Music Relief Donation $5.00 Total $195.40 @ Secured by Stripe - Insta Tickets delivered to your email and Pulse app immediately after purchase.,Sneaking,
Aurea37.png,data\synthetic2\Sneaking\Aurea37.png,Synthetic,Figma,,"Adventure Shield Protection @2205 LD Comprehensive cover for your trek and travel v Emergency evacuation (up to $500k) V Medical expenses & hospitalisation v 24/7 SOS coordination Protection plan cost ¥ Trek cancellation coverage v Lost / delayed equipment cover V Altitude sickness protocol $185 per person Summit Membership (Optional) Explorer Free Y Trip itinerary v Emergency contacts ¥ Basic support Summit Pro $79/yr ¥ All Explorer perks Y Priority guide booking 10% gear discount ¥ 24/7 emergency ine Sherpa Elite $149/yr V All Summit Pro perks V Airport lounge (3 uses) V Free trip insurance ¥ Dedicated trip manager Annapurna Circuit x 2 $5,700 Summit Pro Membership $79/yr Adventure Shield (x 2) $370 Total $6,043",Sneaking,
Aurea38.png,data\synthetic2\Sneaking\Aurea38.png,Synthetic,Figma,,"Tasting Menu — Summer Edition AMUSE- BOUCHE FIRST FISH MAIN CHEESE DESSERT ‘Smoked eel velouté, dill cream, caviar Heritage tomato, burrata, aged balsamic, basil oil Pan-seared halibut, coastal herbs, saffron bisque Dry-aged Hereford beef fillet, bone marrow jus, truffle potato British farmhouse selection, quince, honeycomb Dark chocolate délice, sea salt caramel, hazelnut praline Dining Preferences & Extras 7 courses - wine pairing available ¥ Green Dining Initiative Offset the carbon footprint of your visit. Contribution funds certified UK woodland planting. +£2 per reservation Monthly dining newsletter Seasonal menus, chef's notes & exclusive offers Receipt Tasting Menu x 2 Optional wine pairing Service charge (12.5%) Green Dining Initiative Amount Charged Charged to Visa -- 4821 £256 To be ordered £32 £2 £290 Download PDF Modify Booking © 14 St James's Street, London SWIA 1ER @ Green Park (Jubilee / Victoria lines) © Doors open at 7:45 PM for welcome drinks",Sneaking,
Aurea39.png,data\synthetic2\Sneaking\Aurea39.png,Synthetic,Figma,,FROM To DATE PASSENGERS London Victoria Birmingham New St Tue 19 Aug -1+ 3 coaches found - Tue 19 Aug - London — Birmingham Cheapest Fastest BOOKING SUMMARY 06:15 oer 09:45 £14.99 06:15 _ 09:45 London Victoria Direct Birmingham New St ser person London Victoria Birmingham NS FlixConnect Express - WiFi Power = WC 12 seats Selected Flexible Cancellation +£3.50 Cancel or change up to 2 hours before departure for a full refund. 08:00 amr 11:50 £9.99 London Vietoria stop —_—Birmingham New st spores Base fare x1 £14.99 NationalXpress - WiFi WC Only 3 seats left! enn Booking fee £1.49 Flexible Cancellation x 1 £3.50 hom Total £19.98 10:30 ° 14:00 £16.99 London Victoria Direct Birmingham New St per person PROCEED TO PAYMENT FlixConnect Express - WiFi Power WC USB 28 seats Select Booking takes 2 minutes - Instant e-ticket,Sneaking,
Aurea4.png,data\synthetic2\Sneaking\Aurea4.png,Synthetic,Figma,,"Concert - Glass ‘Add-ons - VIP Lounge Pre-added e RESONANCE Events Artists © Venues My Tickets My Account SOLD OUT.TOUR : LIMITED-RESALE NOVA ECHO The Infinite Horizon Tour © The 02 Arena, London @® Soturday, 22 Nov 2025 @ Doors open 19:00 YOUR TICKET FLOORSTANDING -GA | ORDER SUMMARY Floor Standing — General Admission £185 Floor GA «1 SES I ticket - Face value guaranteed VIP Lounge £75 Booking fee £3.50 ENHANCE YOUR EXPERIENCE Total £263.5 @ UI aad bind Sete ray Exclusive pre-show lounge - Free welcome drink - Priority entry",Sneaking,
Aurea40.png,data\synthetic2\Sneaking\Aurea40.png,Synthetic,Figma,,"@ seach @ seer () tes OSL 2h45m - Non-stop LHR Oslo . # * London vw Seat Selection Standard Middle/aisle seat Included ® Luggage Options Cabin Bag (10 kg) wm Priority Bag (23g) Full-size checked bag - Add to booking ge Extra Bag (23kg) Extra Legroom Exit row - +30cm +€19.99 Thu14 Aug 2025 09:10 > 11:55, NA847. Economy Plus 4€49.99 Your Booking Base fare (1 pax) €148.00 Economy Plus fare €38.00 Taxes & fees €22.60 Priority Bag (23kg) €34.99 Total €243.59 @ 256-bit SSL encrypted",Sneaking,
Aurea41.png,data\synthetic2\Sneaking\Aurea41.png,Synthetic,Figma,,"mm @ secis © Extras Payment Confirm Enhance Your Journey Customise your trip with optional extras. Alll prices are per booking. 0 FlexSave @® Business Lounge Access +£8.00 D £28.00 ‘Change or cancel your ticket anytime up to 2 hours before departure. Full refund guaranteed. ‘Access our premium departure lounge in London & Paris. Includes drinks, Wi-Fi and quiet workspaces. _< Premium Wi-Fi «Cycle Storage = +£6.50 9 -+£15.00 High-speed 4G Wi-Fi throughout your journey. Stream, video call, and browse with no limits. Secure in-carriage bike rack reservation. Unfolded bikes, e-bikes and cargo bikes accepted. Extras total Journey total £8 £194 Continue to Payment —",Sneaking,
Aurea42.png,data\synthetic2\Sneaking\Aurea42.png,Synthetic,Figma,,Suite Features v Private balcony (18 m?) v King-size bed + sofa v Marble en-suite bathroom v Nespresso machine v Champagne welcome v Twice-daily housekeeping v Pillow menu service VY 24h in-suite dining Itinerary © Barcelona Depart 14 Aug © Marseille Day2 15 Aug © Rome (Civitavecchia) Day3-4 16-17 Aug © Athens (Piraeus) Day6 19Aug © Santorini Day7 20Aug e@ Venice Day 10-11 23-24 Aug RESERVE THIS SUITE,Sneaking,
Aurea43.png,data\synthetic2\Sneaking\Aurea43.png,Synthetic,Figma,,"ARENA CONCERT Aurora Nights — ® Fri 22 Aug 2025 The 02, London ‘@ Doors 7:30 PM @ Floor Standing - Row B Order Summary Floor Standing x 2 Booking fee Delivery (e-ticket) Support Artists Foundation Help fund emerging independent artists. Tax-deductible. +$3.00 per ticket Total $148.00 $12.40 Free $166.40 Secure Checkout Card Number 4242 4242 4242 Expiry cw 08/28 | x Name on card Sarah Mitchell Email sarah.mitchell@email.com Order total $166.40 & PCIDSS compliant - 128-bit encryption",Sneaking,
Aurea45.png,data\synthetic2\Sneaking\Aurea45.png,Synthetic,Figma,,"Review Your Booking Please check your selections before confirming. You can modify or remove items below. Visit Details Date Time Location Guests Selected Services Signature Swedish Massage 60 min - Therapist: Anna K. Aromatic Facial 45 min - Includes cleanse & mask Thursday, 21 August 2025 10:00 AM ~ 2:30 PM (approx.) Serene Retreat, Kensington 4 person £90.00 £75.00 BOOKING TOTAL Signature Massage £90 Aromatic Facial £75 Thermal Circuit £65 Total £230 Free cancellation up to 24h before",Sneaking,
Aurea46.png,data\synthetic2\Sneaking\Aurea46.png,Synthetic,Figma,,"Guests Selected Services Signature Swedish Massage 60 min - Therapist: Anna K. Aromatic Facial 45 min - Includes cleanse & mask Thermal Wellness Circuit 90 min - Sauna, steam & pool access Subtotal Your Therapist Anna Kowalski & Senior Therapist - 9 years experience ek 4 person £90.00 £75.00 £65.00 ‘move £230.00 I ES Signature Massage £90 Aromatic Facial £75 Thermal Circuit £65 Total £230 Confirm Booking Free cancellation up to 24h before",Sneaking,
Aurea47.png,data\synthetic2\Sneaking\Aurea47.png,Synthetic,Figma,,"Friday, 22 August 2025 @® 7:00 PM &% 2 guests = Tasting Menu First name Last name Emma Larsson Email address Phone number emmazlarsson@email.com +44 7700 900123 Dietary requirements or notes None Join Nordhavn Circle Members save 15% Priority reservations, monthly Nordic dinners & exclusive chef events. £9.00/month — cancel anytime Includes Nordhavn Circle — £9.00/month starts today Confirm Reservation",Sneaking,
Aurea48.png,data\synthetic2\Sneaking\Aurea48.png,Synthetic,Figma,,"Traveller Details NAME James Thornton DATE O IRTH 12 Mar 1988 Order Items Haute Route Trek (1 person) 4-17 Sep 2025 - Full package incl. huts & guide Equipment Rental Package Crampons, ice axe, poles, helmet Summit Shield Protection Plan Trip cancellation, medical evacuation & gear loss Processing & admin fee Total Charged NATIONALITY British EMERGENCY C Helen Thornton SSPORT GBK123456 CT NO. +44 7912 345678 Next Steps Y Confirmation email sent to james.thornton@email.com — Medical form due by 1 Aug 2025 V_ Kit list & briefing pack PDF attached > Group WhatsApp link in confirmation email , Download PDF Print $3,490.00 [stoner | ° $128.00 $34.99 $15.00 $3667.99",Sneaking,
Aurea49.png,data\synthetic2\Sneaking\Aurea49.png,Synthetic,Figma,,"EXPIRY cve Nordic Stone Ritual 90-minute treatment NAME ON CARD Hot volcanic stone massage - Birch oil body scrub Astrid Eriksen Arctic mineral wrap - Herbal steam infusion DATE Wednesday, 6 Aug 2025 Serenity Membership — First Month kr 290 TIME 14:30 - 16:00 10% off all treatments - Priority booking - Monthly wellness newsletter Renews at kr 290/month. Cancel anytime from your account. THERAPIST Ingrid Halvorsen LOCATION ‘Skjonn Oslo, Frogner CONFIRM BOOKING — kr 1,740 Nordic Stone Ritual kr 1,450 By confirming you agree to our ¢ lation policy. Full refund up to 24 hours prior Serenity Membership kr 290 Total kr 1,740",Sneaking,
Aurea5.png,data\synthetic2\Sneaking\Aurea5.png,Synthetic,Figma,,"The O2 Arena, London @ Saturday, 22 Nov 2025 YOUR TICKET Floor Standing — General Admission I ticket - Face value guaranteed ENHANCE YOUR EXPERIENCE @ Doors open 19:00 FLOOR STANDING -GA | £185 P @ VIP Lounge Access +£75 Exclusive pre-show lounge - Free welcome drink - Priority entry (| Official Merch Bundle +£45 Tour tee + wristband + digital album download Backstage Photo Pass +£95 Meet & greet + professional photo session ORDER SUMMARY Floor GA «1 £185 VIP Lounge £75 Booking fee £3.50 Total £263.5",Sneaking,
Aurea6.png,data\synthetic2\Sneaking\Aurea6.png,Synthetic,Figma,,"Deck 8 - Midship - 185 sq ft + 40 sq ft balcony KingBed Ocean View Balcony —_ Ensuite Bathroom 2 guests - 14 nights Personalise Your Voyage The following packages have been curated for your itinerary Room Service £4,280 Azure Spa Indulgence Package £320 3x 60-min signature treatments - Unlimited thermal suite access - Aromatherapy welcome gift per couple Premium Dining Collection £210 7 specialty restaurant reservations - Wine pairing included per couple Shore Excursion Bundle £450 Choose 5 guided tours from our curated selection per couple Rome — Athens - 14 Nights Deluxe Balcony (2 guests) £4,280 Spa Indulgence Package £320 Port taxes & fees £248 Total £4848 posit secures your voyage Balance due 90 days bet ROCEED TO PAYMENT sailing",Sneaking,
Aurea7.png,data\synthetic2\Sneaking\Aurea7.png,Synthetic,Figma,,"WonderWorld Parks Park Map Events Dining My Visits Cy) Date & Park ——— Cv) Tickets. —— C3) Booking Summary 4) Payment WONDERWORLD CENTRAL - SUMMER SEASON Order Summary Saturday, 9 August 2025 2x Adult tickets £178 Gates open09:00 _Alllrides included 1% Child ticket £69 Live shows 12:00 & 18:00 FastPass (3x) £64 Adults (2x) £178 Children (1x) £69 Total £331 Enhance Your Visit Proceed to Payment Review your selected extras below FastPass Priority Access {/POPULAR)) £28pp rides: Dedicated FastPass lanes Skip-the-line access to all premit {| Parking - Day Pass £18 On-site parking with direct park access",Sneaking,
Aurea8.png,data\synthetic2\Sneaking\Aurea8.png,Synthetic,Figma,,"FINE DINING - PARIS, 8TH ARR. Maison Soleil wag French Tasting Menu 12 Rue de Rivoli, Paris 75008 Reservation Details Saturday, 9 August 2025 20:00 (8:00 PM) 2 guests Anniversary Window table (requested) 7-course tasting menu Dairy-free option for one guest - Flowers for anniversary celebration One Last Step 7-course tasting menu x 2 €280 Wine pairing (optional) €90 Booking deposit (20%) €74 Deposit due today €74 ial Add €2 to support Action Against Hunger Round up your deposit to €76 and help provide emergency meals for children in crisis Receive exclusive dining offers from TableFive Pay Deposit €76 —",Sneaking,
Aurea9.png,data\synthetic2\Sneaking\Aurea9.png,Synthetic,Figma,,Confirm your journey options before proceeding to payment SuperSaver 2nd Class CHF 127 Non-transferable - Seat reservation not required - Valid on selected train only TICKET FLEXIBILITY © Flex Ticket +CHF 24 Change or cancel up to 1 hour before departure - Full refund if cancelled Non-Flex (SuperSaver) Included No changes - No refund - Train-specific OPTIONAL EXTRAS Carbon Offset +CHF 4 Offset CO: emissions for this journey via SBB Climate Fund Business Lounge Access +CHF 32 Geneva & Ziirich business lounges « Refreshments included SuperSaver 2nd class Flex upgrade CHF 127 CHF 24 Total Incl. all fees and taxes CHF 151 Continue to Payment VISA MC AMEX TWINT,Sneaking,
Bhotels1.png,data\synthetic2\Sneaking\Bhotels1.png,Synthetic,Figma,,"GREITZ Shop travel v Get the app & ]MUS SRI a ya ce Stays Flights Cars = Packages‘ Thingstodo —Cruises Travelers 9 wh 5 | | fA Dates e Where to Fri, Apr 17 - Sun, Apr 19 ™ 2 travelers, 1 room O Adda flight (J) Add a car all extra Orbucks, only in the Use the app for extra Orbucks and access to instant (ET-\MRS1MRKOM © savings with Insider prices All vacations are more rewq = Scan the QR code",Sneaking,
Bhotels10.png,data\synthetic2\Sneaking\Bhotels10.png,Synthetic,Figma,,"x | Q& GitHub x © Aiaui an/evaluation.d x Book Villas In Lonavala| Pool) Book Your Luxurious Stay@C° X = + > Ask Gemini Se | | & @ Paused AV uve Casa Paun Kamshet, Lonavala | 15-17May | 4 Guests e rat A 23 stayvista.com/villa/casa-paun-kamshet-2-bhk-villa-in-lonavala-with-private-pool-and-spacious-rooms?checkin=2026-05-158checkout=2026-05-178:adult=48:chil... Overview Highlights Refund Policy Spaces Reviews Amenities Meals Location Experiences FAQ's 4 : 212,590 VEO jlikea5*? %& 4.8, 133 Reviews & Upto6Guests 2Rooms @ & 3Baths & Meals Available View Brochure Fri, 15 May Sun, 17 May 2:00pm 11:00am Great for: GQ Food § Senior Citizens @ View Ma 4 Adults, 0 Chil... 2 Rooms of +20 Amenities Infinity Pool Lawn Lake View STAYVISTA Apply View all offers > & Connect with Host Request Callback Total $29,712 See details The Veo Experience Book Now WELL-SERVICED TASTEFUL INTERIORS, a a TE Sg © For Cancellation and Refund Policy, click GE ""Ccomoaio¢",Sneaking,
Bhotels11.png,data\synthetic2\Sneaking\Bhotels11.png,Synthetic,Figma,,"a © New Tab Q Github ©) Aidul/evaluation/evaluation.d= * @ DhurandharThe RevengeMovi X + Ask Gemini € G &%_ticketnew.com/n x OR [TICKEGPONEW) Review your booking 6 Dhurandhar The Revenge Payment summary A Hindi 2D Maxus Cinemas, Borivali (W) Order amount 1,047 Taxes & fees v 3123.55, A. Movie suitable for adults (18+ years) only Please carry your IDs with birth date for verification To be paid 21,170.55 Today,15 Apr 10:30PM Your details 3 tickets 2,047 Sofa - B6, B7, BB Anuja +91-8767544746 anujasawantS55@gmail.com Maharashtra ° a 21170.55 wor Proceed To Pay",Sneaking,
Bhotels12.png,data\synthetic2\Sneaking\Bhotels12.png,Synthetic,Figma,,"Q cittub luation/evaluation_c DHURANDHAR THE REVENGE! X = + Ask Gemini parse s * O18 EZ Showtimi Cir Off i stor Sectic Adverti jith = mM v avi Mur iv jin EX showtimings Wil cinemas @ Offers Investor Section Advertise with us ore Qceccren. @ ov mambo (: en € = Back SELECTSEATS > | CHOOSECINEMA > GRABFOOD > — PAYMENT Booking Summary wz Hing Hindi 15Apr,Wednesday V 10:00PM 1:00PM. DHURANDHAR THE REVENGE A® Action * Hindi Wed, 15 Apr, 11:00 PM - INOX Raghuleela Mall, VashiNavi Mumbai. 35 AM SCREEN SEAT INFO PREMIER © Available | Selected 3 £2 EN EIN EXECUTIVE (144.06 + GST) f Trooper oc F Tickets : os . : Net Price (4x Ticket(s)) = 610.16 L 7 |{e|[9|[ 1“ L : est = 109.84 PREMI Total Ticket Price = 720.00 K K PAYMENT DETAILS J fe] x 4 Sub Total = 720.00 TAXES & FEES V nou 1 H { ][ H 6 nf sc F pe [s])w in view F E (a lf lle oy 8 8 ® a E Grand Total = 804.96 SILVER (152.54 + GST)",Sneaking,
Bhotels13.png,data\synthetic2\Sneaking\Bhotels13.png,Synthetic,Figma,,Dolphin Travel House [50] ay . 11:50 AM ees Mumbai Hyderabad 2+1 BRAND NEW BHARAT BENZ SLEEPER 36 Bus No.:- NL-O1-B-7236 Amar nA oem ees x sere: EE CE) = Lower Deck Upper Deck ‘Sele Potup Pont a ‘eect Dropping Fin [| rave Date 15-04-2026 8 ‘AC Seeper 20 | seats) 1 You're Saving 8100 New Base Fare 72900 ost (%) 36.00 Total Amount 765.00 a | eo | a | | | = | | || | | | | Na ee: || ee | | HG & 3 B am Ey Tl vvatatle Reserved tasies Il Selectea,Sneaking,
Bhotels14.png,data\synthetic2\Sneaking\Bhotels14.png,Synthetic,Figma,,Dolphin Travels House [59] No Dinner Hault . 02:10 PM : : 10:40 pm . a A ° (16-04-2026) Mumbai Hyderabad 2+1 BRAND NEW BHARAT BENZ SLEEPER 36 Bus No. MP-41-ZH-9927 Amar nA ry an 14a Ratings 2720 saving 20 em ee [ x Seat Price: MD eee. Ta ‘Selec Pickup Pont Lower Deck Upper Deck ‘Select Dropping Point origin Destination Travel Date Bus Type Seats Seat(S) Hyderabad 45-04-2026 ‘AC / Steeper a 1 FARE DETAILS You're Saving 10100 New Base Fare 9209.00 ost (%) 46.00 Total Amount 955.00 ro] A A A A A A [vvsiacle fy Reserved Lasies I Selectes,Sneaking,
Bhotels15.png,data\synthetic2\Sneaking\Bhotels15.png,Synthetic,Figma,,"@ Not x | © online 5 300 n x Expedia Travel: Ask Gemini expedia.co.uk @ schoo! Action required Welcome to Expedia.co.uk. Continue to the India site at Expedia.co.in. A Expedia — shoptravelv GBP EE List your property Support Trips.) _ Signin Packages Things to do > Dates ° Travellers | © where to? | | © Frit Jun - Mon 15 Jun | | © 2travellers, 1room OC Adda flight (1) Adda car @, Big Summer Sale: save up to 35% Get up to 35% off selected stays — plus deals on packages, cars and more. Help Cayan LIN tn 2BY Aan calartad Anatole and Anlidav Anmac",Sneaking,
Bhotels2.png,data\synthetic2\Sneaking\Bhotels2.png,Synthetic,Figma,,"Hotels|Comp x | Bl Cheapdomes' x Hotels |Comp % | [J Agoda|Hote) x | SB TheHosteller x | @ Additional Tra x | @ Book BusTick x * puneHotelSs X = + + Ask Gemini x orbitz.com/Hotel-Search?destination=pune8dflexibility=0_DAY8&d1=2026-04-17&startDate=2026-04-178&d2=2026-04-19&endDate=2026-04-19&adults=1 &rooms=1 8itypeahea... ¥¥ ¢ o GREBITZ Shop travel ¥ Get the app & JUS) List your property Support ‘Trips. _— Signin Im All stays ® Homes 300+ properties How our sort order works @ Blue Diamond - IHCL SeleQtions Pune 2% Pool Luxurious City Escape Discover the charm of Pune with curated stays, gourmet delights, and seamless business experiences in the city’s heart Fully refundable Reserve now, pay later $87 nightly Wonderful $196 total 274 reviews v Total with The Ritz-Carlton, Pune Yerawada 2% Pool Business Advantage 22:43 14-04-2026 %) ©",Sneaking,
Bhotels4.png,data\synthetic2\Sneaking\Bhotels4.png,Synthetic,Figma,,"x Cheap Ti Save on C Ask Gemini cheapoair.com/air/listin cheap Olair’ Q@caius Blink @ Signin/ Join 2 BOM - Mumbai, India x 2 GOX - Goa, India x O Sat, May 16 Search May 13 May 14 May 15 May 16 May 17 May 18 May 19 Fi ay BOM > GOX 26,795 29,495 27,912 26,888 26,516 27,447 26,516 cheapOtair Track Prices 7 Prices shown are per person incl. taxes and fees. Additional baggage fees may apply.© Sorted By Recommended +, Smart Filter °° Powered by Al BEST@ CHEAPEST e 8:45pm ————— 10:00pm. Th 15m 76,888 > BOM GOXx Nonstop Call our travel Air India - Operated by Air-India Express . . experts Flight Details 000-800-050-3540 Stops “a Save 2372 with nearby dates 7 Real people Nonstop 26,888 *y May etter deals 1s 210,891 7:20am ————— 8:40am Th 20m €6,516 _ top ' BOM GOX Nonstop Instant confirmation Air India - Operated by Air-India Express Flight Times “a Available 24/7 Departure Time from Mumbai Ge Flexible schedule? Save More More from Explore sth & © pay less with nearby airports & dates. 6,516 & Early Morning Morning 12:00am - 04:59am 5:00am - 11:59am 7:20am ———— 8:40am Th 20m 22:53 Q Search as a @ @ : EVD 14042026",Sneaking,
Bhotels5.png,data\synthetic2\Sneaking\Bhotels5.png,Synthetic,Figma,,"© New Tab x | © GitHub x | © Aidui/evaluation/evaluationc x Online Bus Ticket Booking, Bo. X B. Booking.com: HotelsinPune.! X = + > Ask Gemini - ag xX <€ © 5. sp.booking.com/searchresults.html?aid=24420928checkin=2026-04-168:checkout=2026-04-178ss=Pune&place id lat=18.5246098place_id lon=73.878623&group adults=.. yx > | C@ © Pausea Sign in, save money Sign in to save 10% or more with a free Booking.com membership GE =""=Cemoni es re ee",Sneaking,
Bhotels6.png,data\synthetic2\Sneaking\Bhotels6.png,Synthetic,Figma,,"B. Booking.com: Hotels in Pune. @ Ask Gemini 25 sp.booking.cor him 9 6 ut=2026-0 6098 5 ce © Pausea Booking.com ££, ( & Stays ) % Flights © Carrental ‘RB. Attractions a In partnership with ) BlaBlaCar > Search results KOREGAON PA . (ie) ° ama ad Pune: 920 properties found (List ) Grid L (a) LS) Pine ~ S kkk Good WGgegier Map data ©2026 St reviews 250 m from map centre Filter by: Deluxe Double Room 1 night, 2 adults 1 double bed %3024 Your budget (per night) We have 2 left at this price +3 151 taxes and charges % 300 - = 9,000+",Sneaking,
Bhotels7.png,data\synthetic2\Sneaking\Bhotels7.png,Synthetic,Figma,,"© New Tab © GitHub AidUl/eva ine Bus Ticket Booking, Bo. X B. Booking.com: Hotels in Pune. Ask Gemini <€ CG & spb 4 oO) Popular filters Wellesley Hotel x*** Very good Hotels (512) ——— 38 reviews a Pune Show on map - 250 m from map centre @2 Less than 1 km (12) Pp ————- Superior Queen Room 1 night, 2 adults © Twin beds (121) 1 double bed %5 604 Breakfast included + 280 taxes and charges © Breakfast included (416) We have 1 left at this price See availability > © Superb: 9+ (87) ©® Parking (704) ) ( $f 4 stars (141) i Resorts (26) = Smart filters = The Central Park x*** Very good What are you looking for? ©, 287 reviews \ 5 Pune Showonmap 300m from map centre I ‘Superior Room with 20% discount on Food & Soft Beverage 1 night, 2 adults I 1 large double bed 14,250 t We have 1 left at this price +3 2,565 taxes and charges Find properties | Self catering 242 Breakfast included 416 | All meals included 37 Lemon Tree Premier City Center Pune Very good FRR} kKeKKK 454 reviews Pune Show on map — 450 m from map centre All-inclusive 23 Breakfast & lunch included",Sneaking,
Bhotels8.png,data\synthetic2\Sneaking\Bhotels8.png,Synthetic,Figma,,"Q GitHub saffronstays.com/villas/villas-in-alibaug?ocati aro SaffronStays ob Clear all filters Price (per night) A Under 25K Under 210K Under 215K 215K-30K %30K-S0K 9 250k+ — 0 21,999 22,49,999 Minimum Maximum 9 villas match your budget Category A ® series Marriott Bonvoy © Sicnature @ Escape https://www-saffronstays.com/view/mograa-laffaire-5-bedroom-pet-friendly-villa-with-slow-an\ ©) Aidul/evaluation/evaluation_c @ Best Luxury Villas in Alibaugwii X = + -Alibaug&echeckin=&checkout=&gues' yamenities=8levents=&pocket=&same_day=8club... $x © Alibaug Date Guests Ca) & 0806916000 OF 2 Mograa laffaire - Alibaug, Maharashtra Alibaug, Maharashtra && 10-18 Guests £4 5Bedrooms (2) Entire Home Starting %42,800 Meals Available AL Pool Elderly Friendly BY Pet Friendly = Wifi $2) CELEBRATIONS ‘SIGNATURE Lighthouse by the Sea Very Good Alibaug, Maharashtra && 6-7Guests © 3Bedrooms (4) Entire Home Starting %34,181 charm-with-private-pool-near-kankeshwar-temple-in-aliba 2PwiOfVn4rSw5?adul PR sec Oe",Sneaking,
Bhotels9.png,data\synthetic2\Sneaking\Bhotels9.png,Synthetic,Figma,,"© New Tab x | © GitHub x | ©) Aiduievaluation/evaluation.de StayVista: Top Luxury Villas & VX = + > Ask Gemini - ao xXx € > CG 2% stayvista.com/?utm_source=google&utm_medium=cpc&utm_campaign=Google_StayVista_ Search+Competitor_WebsiteConv_All_All Keywords India uly%.. Q Cs + o my & © Paused FLAT 50% OFF on 2nd night on our newest escapes. Use code: NEWVISTAS ( Unlock early access to our PAY | Ly STAI Our Brands v Categories v List your Property Explore v best stays. = Stay in the loop! l'Il do it later Sunday Getaway Sale , > | 26% OFF On All Sunday Stays | Location/Villas/Landmark Check-in Check-out Guests Date 6 Guests , 1+ Rooms SEARCH Finding your ideal vacation spot should be easy, we're here to help! 3 Request Callback Q Search cio.) a (A ©®nmoeg g¢ G a & ™ sae ee",Sneaking,
cnfticket1.png,data\synthetic2\Sneaking\cnfticket1.png,Synthetic,Figma,,"© New Tab © GitHub uatio jation_« @) Confirm Ticket - Train Ticketbo xX + Ask Gemini <€ CG 83 confirmtkt.com/rb 1 MT/to/PNVL/15-05 x SF | CB) YS @ Pausea @ Confirmtkt FLIGHTS HOTELS LOGIN C Shivaji Mah T to Panvel Trains 6 Trains found between C Shivaji Mah T (CSMT) to Panvel (PNVL) ze Fri,15 Sat, 16 Sun, 17 Mon, 18 Tue, 19 Wed, 20 Th ey 2 efillingFast eFillingFast | ¢FillingFast eFewSeats eFillingFast Filling Fast Quick Filters Best Available AC Only ie Free Cancellation Get full refund of your train fare on cancellation * 12051 Mao Janshatabdi KR wea2 05:10 CSMT © thi3m ~» 06:23 PNVL Schedule 3hrsago 3hrsago 3hrsago Confirm or 3X Refund* 2s 85 GG) 300 EV %690 AVL 44 AVL 15 WL16@ Available Available Waitlist Alternate ua Get 3X Refund’",Sneaking,
district1.png,data\synthetic2\Sneaking\district1.png,Synthetic,Figma,,"© New Tab x — & GitHub x | ©) Aidul/evaluation/evaluation.d= %* — %8# Book tickets to Musicland | Mt 4 Ask Gemini & G —&% districtin/events/musicland-mumbai-buy-tickets yx SF | CA) SY = @ Pausea district © meri BY ZOMATO Maharashtra SEED! HAH, CHAAR DIWAARE+ ARPIT BALA ao, SEEM X OCA At ven About © Jio World Garden, Mumbai > Musicland is a music festival that brings together India’s leading hip-hop and alternative artists. Alongside live 7.6 km away performances, the festival features food, drinks, and curated on-ground experiences for music fans. Read more ¥ 3 Gates open at 4 PM > View full schedule & timeline Highlights 31,999 “Why this event stands out S “What you'll experience A power-packed lineup featuring Badshah, Seedhe High-energy performances, massive drops, and < Maut, Arpit Bala, and Chaar Diwaari unbeatable live concert vibe. MMMM =Comon ioe",Sneaking,
district2.png,data\synthetic2\Sneaking\district2.png,Synthetic,Figma,,"x | © GitHub Aic uatio juationde x % Your Cart | District 6 district.in/events/buy/checkou district Review your booking 6 BY ZOMATO Phase 1 | Silver 2 33,998 OFFERS @__ View all event offers > &_ View all payment offers > PAYMENT DETAILS Order amount ~ %3,998 Fees and charges v 2377.42 Grand Total 34,375.42 Billing Details Ss",Sneaking,
district3.png,data\synthetic2\Sneaking\district3.png,Synthetic,Figma,,"Q cittub uU uationde x §! Tighi Movie Tickets OnlineBoo xX + Ask Gemini district.in/n 140 * Oo d strict Review your booking 6 BY ZOMATO Complete your booking in 7:52 mins Payment summary Tighi A Marathi 2D Order amount v 450.00 MovieTime Hub Mall, Goregaon (E), Mumbai Booking charge (incl. of GST) v 53.10 18 Adults only, no entry for children To be paid 2503.10 Tomorrow, 16 Apr 12:15 PM - 02:22 PM ; (appro) Your details 3 tickets 2450 ° . GOLD - D7, D8, D9 Anuja SCREEN7 +91-8767544746 anujasawant555@gmail.com @ Cancellation is unavailable Maharashtra Offers for you @)_ Terms and conditions > Get a free snack voucher Apply A free snack in your favourite outlet ~-@ Proceed To Pay See all 25 offers >",Sneaking,
district4.png,data\synthetic2\Sneaking\district4.png,Synthetic,Figma,,"Q Github ©) Aidul/evaluation/evaluation_c © super Duperr Movie TicketsOn X + ‘Open Gemini in Chrome district.in/n ke m * OO Relis d strict Review your booking 6 BY ZOMATO ‘Complete your booking in 7:41 mins Payment summary Super Duperr UAI6+ Marathi 2D Order amount v 900.00 Cinepolis Nexus Seawoods, Navi Mumbai Booking charge (incl. of GST) v 106.20 Today, 16 Apr To be paid 21006.20 11:00 PM - 01:33 AM (approx) 3 tickets %900 . PREMIUM - K16, K17, KI8, Your details AUDI 10 2 Anuja @ Cancellation is unavailable 491-8767544746 anujasawant555@gmail.com Maharashtra Offers for you ry] Free snack voucher applied R emove A free snack in your favourite outlet @ _ Terms and conditions > Apply %1006.2 i Get a free Coke voucher TOTAL Add a free drink to your movie Proceed To Pay @y§_— Get Flat 750 OFF on your booking",Sneaking,
district5.png,data\synthetic2\Sneaking\district5.png,Synthetic,Figma,,"© New Tab x © GitHub ©) AidUW/evaluation/evaluation de = %# Book tickets to Ye Livein India X + > Ask Gemini <€ e districtin/events/ye-live-in-india-2026-buy-tickets * OR district © meri BY ZOMATO Maharashtra _ YE LIVE IN INDIA EXCLUSIVELY IN NEW DELHI INDIA = Show all photos About © Jawaharlal Nehru Stadium, New Delhi Ye lands in India for a one-night cultural reset. A full-scale sonic experience curated by the visionary formerly known as 11405 km anay > Kanye West architect of eras, disruptor of norms, and creator of some of the most defining soundtracks of our generation. Experience the anthems that defined a generation Heartless, Runaway, Gold Digger, Jesus Walks, Famous Gates open at 4 PM alongside reimagined classics and raw, unfiltered energy... ito) View full scheciule & timeline > Read more Vv Drop 3 is live now Tick %6,500 Book Tickets Highlights Why this event stands out What you'll experience Ye, formerly Kanye West, coming to Delhi, India for Expect raw energy, iconic moments, and a larger the first time, with only one exclusive show. than life experience only Kanye West can deliver. Sales timeline . aon",Sneaking,
district6.png,data\synthetic2\Sneaking\district6.png,Synthetic,Figma,,"BY ZOMATO x | © GitHub Aic juationde x % Your Cart | District 23 district.in/ev Review your booking TIUACID Ye Live in India Platinum | Block A15 (16-15, 16-13, 16-14) 3 OFFERS (2) View all event offers © _ View all payment offers PAYMENT DETAILS Order amount v Delivery charges Fees and charges v Grand Total % 60,000 % 60,000 e149 34,956 % 65,105 CONTINUE",Sneaking,
district7.png,data\synthetic2\Sneaking\district7.png,Synthetic,Figma,,"Q cittub uU uation _¢ = Book tickets to SHOTT | NESCC Ask Gemini districtin numbai-ju Tickets * d strict SHOTT | NESCO Mumbai (| BY ZOMATO u, 16 A ‘1° Murr > CHOOSE TICKETS Steal of the Week | Bowling Pass | B2G1Free - This ticket includes a pre-applied offer of Buy 2 Get 1 Free. - This ticket grants entry to three individuals, each entitled to one game of bowling (10 frames) at the cost of two. Note: Redemption tickets are not applicable for this combo. Wait time applies as per in-store availability. Single Entry | 3 Arcade Games 3131 ADD - This ticket grants entry to one individual. - This ticket includes 3 arcade games. - In-house wait time may apply at the venue. Note: Redemption tickets are not applicable for this combo. Single Entry | 1Laser Tag Game %502 ADD = Fach ticket arants entry for ane individual for ane aame of laser tact 33,888 ADD TO CART 3 tickets",Sneaking,
AeroVoyage-h3.png,data\synthetic2\hidden fees\AeroVoyage-h3.png,Synthetic,Figma,,@& Aerovoyage ~~ \/FightSeuch + /SeectFaght + /PastengerDetais + Add-ons EN Flies Hotels Packages Business Travel ‘Your Fight change ight JFK 20m Dest LHR | e220 oes” ‘Av 2217-Bosing T= - 19:05 Economy Pls PanengerDetala Me Marois chen 208/800 Ameren usraaaox Payment Metod Beste cers 5412 7534 8001 6545 11/28 5 IM Piatto service fae apple $18.00 (Order Summary ase fare $012.00 Fuel surcharge $27.00 Airport taxes $54.50 seat selection $28.00 meats (2) $16.50 Puatfora fee $18.00 war $816.08,hidden fees,
Aeronova-h21.png,data\synthetic2\hidden fees\Aeronova-h21.png,Synthetic,Figma,,> Aeronova Flights My trips Help. Review your flight Fare breakdown Base fare £118.00 Outbound - Mon 3 Feb ova AN 442 - Arbus A320 Taxes & carrier charg £46.00 08:15 11:20 hnology fee £9.99 LHR London x GVAGeneva tion fee © £14.50 Total £188.49 Passenger 9 Mr. Daniel Okafor Economy - 1 cabin bag included,hidden fees,
Aurelia-h9.png,data\synthetic2\hidden fees\Aurelia-h9.png,Synthetic,Figma,,"AURELIA EscaPes Destinations Villas += Journal ~— About C MEMBER LOGIN ) RESERVE IN SECONDS © Amara Bay, Seychelles 12 Jun — 16 Jun - 2 guests Ocean Villa - 4 nights Convenience fee",hidden fees,
AzureGetaways-h19.png,data\synthetic2\hidden fees\AzureGetaways-h19.png,Synthetic,Figma,,"@@ _httpsy/azuregetaways.io/refunds/status 3° Azure Getaways Refund center © Refund in progress Request #RF-77120 Original booking ‘Serenity Villa, Bali ‘Amount paid (USD) $1,280.00 Currency conversion fee = $3840 Cancellation deduction = $128.00 Estimated refund $1,113.60 3-5 business days Contact support",hidden fees,
Belvoir-h29.png,data\synthetic2\hidden fees\Belvoir-h29.png,Synthetic,Figma,,"The Belvoir Vienna @ Innere Stadt, Vienna Wed, 1 Jan n Heritage Suite RESERVATION SUMMARY €520 = 5 nights €2,600 Peak season adjustment 312 Local occupancy tax €94 vaT €156 Total €3,162 PROCEED TO PAYMENT © Best rate guaranteed",hidden fees,
BlueLagoon-h14.png,data\synthetic2\hidden fees\BlueLagoon-h14.png,Synthetic,Figma,,"© © © _ hitps//oluelagoon ravel/summary & BlueLagoon & 2 quests Review your booking Almost there — please confirm the details below. PRICE SUMMARY $390 « 4 nights $1,560 Processing fee $24 Destination fee © $60 GST 12% $187 Total $1,831 Confirm & pay O Free cancellation until 1 Sep Coral Sands Resort © Maafushi, Maldives Check-in Check-out Room Fri, 5 Sep - 15:00 Tue, 9 Sep - 11:00 Overwater Bungalow",hidden fees,
CloudStay-h6.png,data\synthetic2\hidden fees\CloudStay-h6.png,Synthetic,Figma,,"Dacover Collins Rewards Sipport Booking Confirmed! ‘Confirmation rf ¢ST-2028-847292. ‘Skyline Residences Tokyo ‘Mon 10 Mae Set. 15 Mar 2eduite Sights ~ 34800 174,000 iy tae 0%) a3 900 Concierge service 2,500 Technolgy & Pletirm Fee 92,8 ‘Total Charged ¥199,220 mi Ems cept te tocatender view on Map LUperae to Clout Premium",hidden fees,
FernVale-h24.png,data\synthetic2\hidden fees\FernVale-h24.png,Synthetic,Figma,,"OOO ittosi/ternvaie.stay/oooking/extras DM Fernvale Room > Guests > Extras > Pay Enhance your stay Optional extras for Willow Creek Cabin Daily breakfast basket £12 / day Local pastries & fruit YOUR TOTAL Late checkout (2pm) oo (t Cabin (3 nights) e384 Extend your last morning Extras selected £64 Mandatory breakfast fee £24, Guided forest walk 28 -) Linen fee #15 2-hour ranger tour Total £487 i Continue to payment Firewood bundle fo + fcomimetonament | For the wood stove",hidden fees,
Fjellro-h31.png,data\synthetic2\hidden fees\Fjellro-h31.png,Synthetic,Figma,,"https://felir.no/packages/arctc-winter % Fiellro Packages Seasons Journal S rights Winter 2028 Arctic Winter Retreat © Tromso, Norway Wee Whe he 49-214 reviews Y Cabin lodging v Norther lights tour v Husky sledding v. Daily breakfast Package (2 people) kr 24,900 Weekend surcharge kr 1,600 Travel assistance fee kr 420 Resort amenities fee kr 890 Total kr 27,810 Reserve package >",hidden fees,
JetStream-h23.png,data\synthetic2\hidden fees\JetStream-h23.png,Synthetic,Figma,,https://etstream.sero/checkin/seats o> JetStream JS 806 - LAX = JFK Select your seat Passenger: A. Whitfield - Economy Selected seat 3D - Aisle Seat fee $18.00 Digital service fee $450 ) Total $22.50 Wsciected |G] Taken Available DBD oB,hidden fees,
LumoStays-h28.png,data\synthetic2\hidden fees\LumoStays-h28.png,Synthetic,Figma,,"4 © @@ __httpsypumostays.com/checkout = Lumo Stays Confirm & pay Cardholder name Priya Nair Card number Expiry cw 06 /28 = 6 Secure ‘4 2 ‘The Lumen Bangkok Deluxe -3 nights mE : Room total 89,600 Insurance admin fee 8350 VAT 7% 8697 Total 810,647",hidden fees,
Marea-h25.png,data\synthetic2\hidden fees\Marea-h25.png,Synthetic,Figma,,"-om/the-marea-tulum Resorts Experiences Offers 9) Nightly from $4.10 j sisi Free W About this resort $410 * 5 nights Set on a private stretch of white-sand beach, The Marea Tulum blends barefoot luxury with Mayan-inspired Hotel facility fee design. Swim-up suites, an oceanfront infinity pool and a cenote spa await, Housekeeping charge $60 Taxes $246",hidden fees,
Noctis-h16.png,data\synthetic2\hidden fees\Noctis-h16.png,Synthetic,Figma,,"https://noctistraveV/pay NOCTIS. © 256-bit encrypted Payment The Obsidian PAYMENT METHOD. be Dubai - Skyline Suite =i Wallet Bank transfer Rest ‘AED 3,900 Payment gateway fee AED 45 Card number Credit card processing fee AED 78 © 4242 4242 4242 4242 VAT 5% AED 201 Expiry ove Total AED 4,224 08 / 27 -",hidden fees,
NorthPeak-h8.png,data\synthetic2\hidden fees\NorthPeak-h8.png,Synthetic,Figma,,"Mountain Stays Ski Packages Teething My pe o ® Aleksander Voss Glacier Peak Lodge Rome Nstaroen Ste Mazerhor Suite 4 one 680 ewe 2,720 ‘Ski equipment hive 2) 4 che 68 CH 260 ‘Spa kwellness access, 4 che <8 CH 280 realfast buffet (2) 4 che s8 CHR 252 ‘sui VAT C2) cw 255, Tour len (anton Valais) cw 56 Property Msinteranoe Corton cH 6 sep by cr ea Lge acd aie acacia mane sey pa nd moun ae a ele ‘Total Due = CHF 3,671. Accepted at ace: Vien / Mastercard TWINT Cash (CHF ont “The nvlecontnee a lng fancildocument. llcharge repayable n Swiss Fans. NontPek Wael at an Intrastate Proper Mantnance Conn aed act by alr Pak Lodge an alctd by Noreeak on ~",hidden fees,
Onward-h27.png,data\synthetic2\hidden fees\Onward-h27.png,Synthetic,Figma,,https://onward.travel/pay Onward Payment Payment method { © & international credit card @ Bank transfer Card number 5312 8842 1190 7743 Boity 11/26 Booking total International transaction fee Processing charge Charged to your card ove $742.00 $22.26 $290 $773.16,hidden fees,
PLNR-h13.png,data\synthetic2\hidden fees\PLNR-h13.png,Synthetic,Figma,,"https://plar.travel/checkout/quest PLNR Guest details FIRST NAME Elena EMAIL elena_marsh@mail.com PHONE +44 7700 900123 SPECIAL REQUESTS High floor, late check-in around 10pm. Email me a copy of the itinerary LAST NAME Marsh The Quiet Rooms Room (2 nights) Service charge City tax Total NTINUE kr 3,180 kr 240 kr 96 kr 3,516",hidden fees,
Regalia-h20.png,data\synthetic2\hidden fees\Regalia-h20.png,Synthetic,Figma,,"REGALIA TAX INVOICE No. INV-30582 Issued 14 Dec 2025 Mr. Theodore Vance 14 Kensington Row, London theo.vance@mail.com Presidential Suite — nightly rate Private butler service Municipal tax Payment due within 14 days - Regalia Collection Ltd - VAT GB 442 118 90 The Regalia Mayfair Presidential Suite - 4 nights 9-33 Dec 2025 ery Amount 4 £7,200.00 4 £960.00 = £184.00 Subtotal £8,344.00 VAT @ 20% £1,668.80 Total due £10,012.80 & PRINT INVOICE",hidden fees,
Stavio-h18.png,data\synthetic2\hidden fees\Stavio-h18.png,Synthetic,Figma,,"Cancel reservation Reference AX-9920 - Grandport Executive Hotel Grandport Executive Hotel Frankfurt - Business King - 3 nights Check-in: 22 Nov 2025 Cancellation window closes in 6 hours REFUND CALCULATION Amount paid Non-refundable first Admi ight tration fee Refund to card ending 4417 Keep reservation Dashboard Trips. Reports €1,041.00 - €347.00 - €35.00 €659.00 infirm cancellation",hidden fees,
StayNest-h2.png,data\synthetic2\hidden fees\StayNest-h2.png,Synthetic,Figma,,"Explore Stays Experiences Booking Summary Review your stay details before proceeding to payment BOUTIQUE RESORT-BERGEN, — supsnost Fjord House Retreat Sot, 22Feb Wed,26Feb adults Garden Suite — King Bod ~ 1G Er-auite bathroom Ml High-speed WiFi € Garden view NOK 2,340 Price Breakdown “Arrights « NOK 2340 NOK 9.360 var (25%) NoK2340 (Clearing foe Nox 450 Resort Fee NOK 1240 (Charge by Ford House Retreat. Covers access toa, sun anc ‘mauntsin tal NOK Ig Total NOK 13,390 ‘Cancellation Policy Free cancellation untl'S Feb 2025. ‘ter this date theft night ls non refundable py Hosted by nga ) sirerest- snes 208 Wat’s inctuded WF streaming ¥ Dally housekeeping Y Breakfast for2 ¥ Parking onsite ¥ ‘Aiport shuttle Camm) (st)",hidden fees,
SunVoyage-h22.png,data\synthetic2\hidden fees\SunVoyage-h22.png,Synthetic,Figma,,SunVoyage Packages Deals Reviews Golden Dunes Desert Escape Merzouga; Morocco~Flights + Resort + Return flights Full board Desert safari What's included S-star desert resort Daily breakfast & dinner Camel trek at sunset Airport transfers Guided medina tour Welcome mint tea,hidden fees,
The Hollow-h30.png,data\synthetic2\hidden fees\The Hollow-h30.png,Synthetic,Figma,,"@@@ _ hipsy/thenollowhouse/booking/done The Hollow Ref - HL-6642 © You're all booked. ‘We can't wait to welcome you to The Hollow. Loft Room - The Hollow Cotswolds, England ‘Check-in Sat 15 Mar Check-out Mon 17 Mar Room (2 nights) £296 Mandatory check-in fee £15 Mandatory check-out fee £15 Total paid £326",hidden fees,
The lorne Retreat-h11.png,data\synthetic2\hidden fees\The lorne Retreat-h11.png,Synthetic,Figma,,"BOUTIQUE -18 ROOMS we we we Ye We 4.9-Gi2reviews The Lorne Retreat © Rue Sainte, Aix-en-Provence A restored igth-century townhouse where hand-plastered walls meet linen drapery. Each suite opens onto a private courtyard of citrus trees, minutes from the old flower market. a Go (2) Free Wi-Fi Courtyard café ‘Plunge pool Wellness spa from €295 /risis €295 x 3 nights €885 Resort fee €72 Taxes €53 ‘You won't be charged yet",hidden fees,
Travixa-h1.png,data\synthetic2\hidden fees\Travixa-h1.png,Synthetic,Figma,,"BB Travixa soxwwy stars estrone Complete Your Reservation Secure checkout powered by Tova Vout™ Hotel Aurelius, Monaco: ‘ea Horbour View 2 guste Fe, W6Mor2025 Mon, 17Mar2025 Sight GUEST INFORMATION somes | mown omes.rowndeemalicom | +447700 90013 PAYMENT METHOD Ss FE se ne kD 08/27 © Experiences Members My Bookings Price Summary Sights x€480 ‘1440.00 Taxes levies €28.00 Breokfos (optional 5400 Conveience Fee e450 poplar procnd g Tovea Gaecteny €1,744.50 (8 246i ewcryped Tr Vout ycarlatng hsrearationyou ore fo Tov ems ‘Seo ond ance oe Ebene eorntee Free conctaton fat Catron Perera",hidden fees,
TripHarbor-h5.png,data\synthetic2\hidden fees\TripHarbor-h5.png,Synthetic,Figma,,"wb Tripitarbor Guest Information Hotel Cruises BaachResorts Dive Packages Please filinthe deta or al qust. Lead guest must be 8 ‘Serenity Atoll, Maldives @ tecscvest soto sche mannat com tly 2 Additional Guest tac Arrival Preferences 2.00PM 4:00PM Marche sMT M567 wosnees Marche Seaplane ined) Mm Pree Sernmary right $605 Tones (182) sages 7 Seaplane transfer lected ‘$2200 1 Serenity Aol Mlaver",hidden fees,
Trippa-h15.png,data\synthetic2\hidden fees\Trippa-h15.png,Synthetic,Figma,,"https://trippa.app/checkout secure checkout Contact information Indigo Tower Hotel Bengaluru - Executive Suite Fullname Email Marcus Reyes m.eyes@mail.com 6,400 x 3 nights 19,200 Platform fee 499 Cancellation policy OST 18% 3.546 Free cancellation before 20 October. After that, the first night is non-refundable. Platform fees are non- Amount payable 223,245 refundable.",hidden fees,
ViaScape-h7.png,data\synthetic2\hidden fees\ViaScape-h7.png,Synthetic,Figma,,"Hokdays —DesertResorte Packages My Bookings Dubai Desert Luxury, 5 Nights AED 8,490 ‘Qasr Pace 15-20 Ape 2025-2 acta Hat 00rd Dining — - = = penieneenene om Aipr wastes axpa00 aS = —— oe me > >= Viascape Booking Protection 220 ©) O cones rip cancelation nceription and emargncy repatriation 299",hidden fees,
VillaAurea-h26.png,data\synthetic2\hidden fees\VillaAurea-h26.png,Synthetic,Figma,,"@ https /villa-surea.com/reserve @® VILLA AUREA TheEstate Villas Concierge Select your villa Lake Como, Italy - 4 nights 2 guests wekkk wekkk Garden Pavilion Aurea Pool Villa Private terrace - 55 m? Private pool - go m? €780 / night €1240 / night Aurea Pool Villa - 4 nights €4,960 Utility charge €96 Refundable security deposit © €500 ‘Due at booking €5,556",hidden fees,
Voyaclub-h21.png,data\synthetic2\hidden fees\Voyaclub-h21.png,Synthetic,Figma,,"© @@__bitpsv/voyaciub.com/membership voyaclub Limited launch offer Members save up to 25% on every stay Unlock member-only rates, free room upgrades and priority check-in at 4,000+ boutique properties worldwide. © Exclusive member pricing © Free cancellation on most rooms © Earn 5% back in travel credit Benefits Hotels Sign in LY vova GoLD $ / first year then $79 / year Annual membership (One-time reservation fee Due today Activate membership > Cancel anytime before renewal Free $12.00 $12.00",hidden fees,
WanderMint-h4.png,data\synthetic2\hidden fees\WanderMint-h4.png,Synthetic,Figma,,"Coral Bay Resort & Spa ‘45,1206 reviews) ~ 7 Alle Beach, QLD - S-nightstay-Fri 4 Apr > Wed 8 Apr — ecm Checkein et 4 Ape 2025 Check-out ‘wed, 9 apr 2025, S nights « A$240 asia, est ox) asns",hidden fees,
WildthornRetreats-h17.png,data\synthetic2\hidden fees\WildthornRetreats-h17.png,Synthetic,Figma,,"& Wildthorn Retreats Your stay is confirmed ‘A confirmation has been sent to hannah.pine@mail.com Cedar Hollow Eco Lodge @ Lake Ashford, Cumbria Check-in Check-out Sat, 18 Oct ‘Mon, 20 Oct Lodge (2 nights) 2 Environmental fee vat Total p: Guests 2 adults 63 Add to calendar £340 £18 £72 £430 Booking #WT-48213",hidden fees,
lisbon-h10.png,data\synthetic2\hidden fees\lisbon-h10.png,Synthetic,Figma,,"Price / night a=. €40 Star rating @ Sstars &up @ 4stars &up @ 3stars &up Amenities @ Free Wi-Fi @ Breakfast @ Pool @ Parking €400 312 properties in Lisbon Meridian Grand Hotel © Downtown Lisbon 2,841 reviews Harbourline Suites © Belém Waterfront 1,560 reviews The Alfama Court © Old Town 987 reviews Sort: Recommended ¥ €128 per night - + €9 booking fee €96 per night - + €9 booking fee €174 per night - + €9 booking fee",hidden fees,
nordhus-h12.png,data\synthetic2\hidden fees\nordhus-h12.png,Synthetic,Figma,,https://nordhus.stay/booking/rooms nordhus. Choose your room Nordhus Lodge - Tromse - 2 nights - 2 guests Birch Single 18 m? - 1 single bed zo 8 Fjord Double — Most booked 26 m?- 1 queen bed os Aurora Suite 41 m*- 1 king - sofa aoe Fjord Double - 2 nights Total due Room subtotal - €268 €303 (One-time cleaning fee - €35 1- Rooms 2- Guests 3 Payment,hidden fees,
azure.jpg,data\synthetic2\misdirection\azure.jpg,Synthetic,Figma,,"& Azure Voyage Travel DESTINATIONS Travel Dates Calendar Date 6 Guests All Guests v Budget eee Filter by Star Rating Lioctury Suiters Standard Luxury Suite Stanriities (Room & Breakfast Only) Searnons Update Resul From $599 / night Continue with basic booking * Breakfast Buffet © WiFi Santorin) Hote Wemnos: Gocgie HOTELS ACTIVITIES EXPLORE HELP. Azure Premium Package ((ncludes Luxury Suite, Private Yacht Tour & Winery Dinner) From $799 / night Map ts €2022 Googe, Tes fe out LE Mediterranean Adventure (Includes Suite & Multi-sland Boat Trip) From $8.49 / night Select Package = Private Transfers + Private Transfers + All Meals Included * All Meals Included * Spa Credit + Spa Credit * Concierge Service + Concierge Service “@santorini Popular Amenities antori Hote! ws ° Santor Hotel & & a sonnel Private AllMeals — SpaCredit Concierge Transfers Included Service",misdirection,
azure_2.jpg,data\synthetic2\misdirection\azure_2.jpg,Synthetic,Figma,,"2 Azurea Travel Flights Hotels Packages Deals My Trips Q €n- © ey Progress bar Complete Your Booking : : © Som wealistic © Trust badges © Trust badges Review Your Booking Payment & Summary Hotel Details View photo Subtotal $283.00 —~ —a Stylish hotel Taxes $8.00 The Reef Resort & Spa ro $0.00 Gold Coast, Australia Total Savings -$100.00 Read more Current savings save $160 20d prod and more aria not pre inclument. Learn more Stay Details Manage details APPLY SAVINGS NOW - $153.00 © Limited time togot now Dates Duration Guests 6 Jun2-f) Nov © 4hnight 2, 2 guests @ OW security Enhance Your Sta Selected Room View more v ‘Added services addition to your our stay. Ocean View Suite $110 per night GTi Btpor transfor (scp) Iam s50) Price per night (© Breakfast $25 ‘Ocean View Suite is a brief room description ior the sale. Thief () Choosing on breakfast $20 room in arroom and belt book rooms and exeecly with the = natiure. () Alirance service $45 ‘Show more v Guest Information APPLY SAVINGSNOW © $143.80 Name Company First name Last name | SAVE & CONTINUE Email enter your@email.com Proceed to Payment ‘By requiring il you account for Trust badges, Phone Number ‘and eurt Terms of Service Phone number",misdirection,
casatara.jpg,data\synthetic2\misdirection\casatara.jpg,Synthetic,Figma,,"CasaTerra Fights Hotels Trips Support aga Stay in Style Enjoy a luxurious stay with us! Tokyo, Japan Select Room Type WB Deluxe Double Room 800+ hotels worldwide Breokfost included $395/night Ai Conditioning Your Trip View Details ‘iy, Japan Standord Single Room May 18 -Moy 22 é >» rar id 2adults, 1 child _ 2 _ 5 & ~ oe Broolstncuded $250/night Air Conditioning Payment Details $1,260.00 WH) Suite with Balcony Credit Card B PoyPal — ah : Breokfost included q Cordholder Nome John Doe $495/night Air Conditioning 7 John Doe a Room Details 47 Expiration Date ow Recent Bookings View A Muir a v Location rr Reviews By proceeding, you agree to our Tern",misdirection,
elysian.jpg,data\synthetic2\misdirection\elysian.jpg,Synthetic,Figma,,"Gb sian ae Destinations Experiences Curated Stays Flights Blo. Q I Find Bookings <7 Journeys aie a th He 3 ae Find Your Perfect Haven | Discover stays curated for discernment. oat Plan My Escape ls ' Location ‘Amalfi Coast, Italy ‘Check-in & Check-out Dates — 09/5/2023 Guests 4 Aura Villa Resort Oceana Boutique Hotel ‘Amalfi Coast, It Boutiquee Hotel sek ie ‘Apply Fi A sonique hot boutique hotel with mac with more beauticial Map View Wn cal Geto UPGRADE TO a g2MIMME EXPLORER BUNDLE ‘Amalfi Coast, Italy ard mammonier, bookips, a Add breakfast & uae Classic Suite $380irion HF atportvarserfor ¥e0 ay Sancicdfoertos Hee WG Guest Reviews Standard amenities v Framing room Pea Axportbooking Private room fins cee yi $455 /night v Exitramd amenit ne tin [_setsctansicroom | SECURE BUNDLE & CONTINUE ac Guest reviews",misdirection,
explore_1.png,data\synthetic2\misdirection\explore_1.png,Synthetic,Figma,,"Explore Hotels “Flights«—Trips_-—_Travelers Lisbon, Portugal > Hoteis > Casa Senta Moria > Booking Detolls My Bookings Booking Details Hotel Nome Casa Santa Maria Deeakie Servo ‘entices Total Price rerehti28 What's Included iy Free Wii a - Breokfost Included Deluxe Double Room City View $199.00 Air Conditioning 123 Reviews 24/7 Front Desk Free Porking Payment Summary Total Amount $599.00 Subtotal $549.00 Taxes & Fees $50.00 Promo Code Enter Promo Code Total Due $599.00 Check-in Date Book your next getaway today! Checkout Dote May 20, 2025 May 23, 2025 Room Type Deluxe Double Room Premium Suite $249.00 King Size Bed MiniBor Jacuzzi Kimerity Balcony City View Payment Method Card Number Expiry Date Credit Card Biling Dote Nome on Card 123 Reviews Pay $599.00 Poy Later See All $699.00",misdirection,
jetbreeze_1.jpg,data\synthetic2\misdirection\jetbreeze_1.jpg,Synthetic,Figma,,De at a ® setBreeze Flights Hotels Traveler Insigh's About Us ec» Home > Hotel Search > Hotel Marigold > Payment Complete Your Booking Booking Amount $580.00 g Taxes & Fees $25.95 3 os Hotel Morigold Promo Code Totol Amount Due $605.95 4 i \* Poy with Credit Card |B ryt te wh 4750 © Free WiFi © 24-hour Front Desk = Deluxe Room 47150 f Executive Suite «4750 Breokfosinchaded Breokfast Included King Bed King Bod = Min Bor F Mini Bor Balcony Boeony $185 pee right $185 per night Ready to Book? Book now and get early-bird discount! Explore Europe’s Hidden Gems,misdirection,
journey_1.jpg,data\synthetic2\misdirection\journey_1.jpg,Synthetic,Figma,,G& Journeyseek Explore Destinations Hotels. “Fights--—“Vecation Packoges —_Trovel Blog login Q Available Rooms Deluxe Room 9250 Classis Cuite 5300 Executh tone Kg Red Erect been Be Bedcony Baeony Cry Vw hy Vw Cryo Briarwood Manor 47 © 7 $250/night ei Nearby Attractions Free Wii ! 15 min walk to cy centr 5 Mise oC Room Details cA] kngsisebed A) tary Popular Amenitiess EE Balcony EX Airconditioning x © e Ss & weiter Dy Weevison Free WiFi Breokfast included Pool Gyn Q desk & choie 0D Cofevision Payment Summary Booking Details ‘Subtolo! $600.00 Guests Children Taxes & Fees ‘$50.00 2 2 v o Total $650.00 Terms Conditions Check-in ‘Check-out leech jee ~ Select Payment Method ee Fae,misdirection,
journey_2.jpg,data\synthetic2\misdirection\journey_2.jpg,Synthetic,Figma,,"SJ sournex Home Trips Hotels Flights. Vacafion Rentals Trawellnauronce Blog Enjoy 20% off first stay! Book Your Stay OY na be MS stay! Where? Check-in Date Check-out Date City, Hotel Nome, Landmark Today Tomorrow Find Hotels ‘Advonced Search Your Booking Summary ae Hotel Name Location Check out Date ‘Sunny Breeze Resort Villoge Ocean View Room April 27, 2024 Vaakere Beach, sland Porodise Che aDce TRIPS April 25, 2024 April 25, 2024 $280 Select Payment Method Credit Cord lv} PoyPol $296.40 Choose Your Room i Filter Results Price Deluxe Ocean View Room Deluxe Garden View Room Deluxe Pool View Room Froe Wie Free Wh Free WHR Amenities 4.B Solow Rleony Ocean View AT Soleory Gordery View 49° Beleony Buleony Pool View Free Wi-Fi Breokfos! Included aie Leama Ait Conditioning Boleony Don't miss our weekend getowoy deals! Apply Filters ‘Terms-& Conditions Privacy Polley",misdirection,
journey_3.jpg,data\synthetic2\misdirection\journey_3.jpg,Synthetic,Figma,,"JourneyScape Home About Destinations Blog Contact tog in New York City Book Your Stay New York City Mon, Aug 22 Tho, Aug 23 2aduhs View All Continue Skip Hotel Marigold , bay Deluxe Suite ‘Your pate snccery wth nota ews and ios ment a ¥ King sizo bed Y Balrony wth ety view Y Free W.Fi Y Mon ber $399/right Book Now Location 123 Grand Street, New York, NY 10012 Overview Room Amenitie Welcome to Hotel Marigold, nestied in the heart of offering luxurious acommodations and unparalleled Standard Room ‘A comforabe stay wth eset amenities ~~ ove or wio beds Premium Services Available Y Basi amenities v Frovon es : $149/night peg ul es > Your Next Adventure Starts Here! Book now and enjoy exclusive discounts on select packages.",misdirection,
lumina.jpg,data\synthetic2\misdirection\lumina.jpg,Synthetic,Figma,,"Luminary Escapes Travelin Style Hotels Flights Packages Vacations Travel Tips Discover Your Next Getaway Book your next stay now and enjoy up to 25% off View Deals Find Your Perfect Stay Book a Package ‘Add fights, trans Book a Room Check-out Select Package Type aar Popular Ameni Free WIFI =} SpaServices a Poot Pool Access os: ) Pos ) @ Riverside City Riverside City Room Detalis Riverside Inn 4.7 ‘Recommended as Harmony Hotel Deluxe King Suite $250 per night tandard Queen Room $190 per night Executive Suite $230 per night Delove Suite View Detalis ‘Queen Bed Book Now",misdirection,
misdirection1.png,data\synthetic2\misdirection\misdirection1.png,Synthetic,Figma,,"Destinations Hotels Experiences Magazine ©) VeranoEscapes %* MOST POPULAR SIGNATURE SUITE Panoramic Caldera Suite 62m? Ocean View King Bed [)Balcony ¥ Jacuzzi Free WiFi Infinity Pool | BreakfastIncl. Airport Transfer Daily Spa Credit Butler Service V Free cancellation until Aug 10 - No prepayment needed €489 Save 21% -7 nights: €3,423 1 / 2 photos 9.4 Vv Suite Selected 4 Panoramic Caldera Suite Aug 14, 2026 Aug 21, 2026 7 nights 2 adults Room rate €489 x 7 Discount applied -€917 Total €3,423 Continue to Details — Sign In",misdirection,
misdirection10.png,data\synthetic2\misdirection\misdirection10.png,Synthetic,Figma,,"Experiences Wellness Ski & Snow £4 | Cairnhaus Stays €249 / night balcony and a crackling fireplace. 46 m? 2guests Panoramic balcony Welcome aperitivo Premium Wi-Fi €499 €429 night aT hy OPES summit chalet Suite Light-filled room with oak furnishings and a valley outlook. (3 28m? & 2guests @ FreeWi-Fi & Rainshower Pine Signature Suite Our most-loved suite — floor-to-ceiling Dolomiti views, private © Nespresso bar Select Private fireplace Daily spa access Soaking tub Selected @EN-EUR © Your booking Pine Signature Suite 46 m?- 2 guests 1 . €429 x 2 nights City tax Service fee Total Account & €858 €16 €29 €903 Continue to guest details ic) needed Free cancellation until 10 Sep - No prepayment © Prices include VAT. Taxes and fees are shown above.",misdirection,
misdirection11.png,data\synthetic2\misdirection\misdirection11.png,Synthetic,Figma,,"Cardholder name Marta Ribeiro Card number Price summary 4921 9932 0041 5580 €128 x 4 nights €512 Taxes & city fee €61 Expiry ove Service fee €24 09/28 eee Total €597 ~ Includes all taxes and fees Complete your stay with a River-View Junio! @ Free cancellation until 9 Jun. You won't be charged Upgrade to a spacious suite with a private balcony over the Tagus, premium until check-in. bedding, and daily breakfast for two. Only a few left for your dates. v Balcony &river view / Breakfast included ./ Late checkout +€145 for your whole stay + Add to my booking Ne S connnminectancy Rua do Salvador 22 - 6 min walk to Miradouro de Santa Luzia © By confirming you agree to the rate rules and cancellation policy. ©sSLsecured ¥¥ Best price guarantee © 2026 Marefare Coastal Stays, Lda. - Lisbon, Portugal Terms Privacy Cancellation policy Help centre",misdirection,
misdirection12.png,data\synthetic2\misdirection\misdirection12.png,Synthetic,Figma,,"Sunveil Trips Destinations Offers | My Bookings ESCAPES My Bookings > Amaya Reef Villas > Cancel & Refund Booking reference SV-70418823. Review your options below, then confirm your cancellation. Most requests are processed within a few business days. we & W & & 49-Reef Deluxe Confirmed Amaya Reef Villas © Nusa Dua, Bali, Indonesia Check-in Check-out G Nights 2 Guests 12 Aug 2026 17 Aug 2026 5 2 adults 3 BETTER THAN A REFUND Keep your escape — reschedule & get 15% travel credit Instead of cancelling, move your dates for free and we'll add a $186 travel credit to your wallet, redeemable on spa, dining, and future stays. No cancellation fees apply when you reschedule. € Instant credit @ Zero change fee © Flexible dates Reschedule & claim my credit > @ Help @ Priya N. Refund summary Amount paid $1,240.00 Cancellation fee -$248.00 Service charge -$39.00 Estimated refund $953.00 REFUND TO @ Sunveil travel credit Instant - +$47 bonus O ~— Original card Visa ~-4471 - 7-10 days C Confirm cancellation ) By confirming you agree to the applicable refund conditions.",misdirection,
misdirection13.png,data\synthetic2\misdirection\misdirection13.png,Synthetic,Figma,,"Sunveil Trips Destinations Offers My Bookings ® Help @ Priya N. ESCAPES My Bookings > Amaya Reef Villas > Cancel & Refund Keep your escape — reschedule & get 15% travel credit Refund summary | Instead of cancelling, move your dates for free and we'll add a $186 travel Amount paid $1,240.00 credit to your wallet, redeemable on spa, dining, and future stays. No cancellation fees apply when you reschedule. Cancellation fee $248.00 Service charge -$39.00 f§ Instant credit @ Zero change fee © Flexible dates 9 $ / | Estimated refund $953.00 Reschedule & claim my credit > REFUND TO © Sunveil travel credit | Instant - +$47 bonus Reason for cancellation le) Original card Visa --4471 - 7-10 days C Confirm cancellation ) By confirming you agree to the applicable refund conditions. Optional — this helps us improve. Change of plans Found a better price Travel restrictions Booked by mistake © Secure request - Sunveil Escapes @ Refund conditions & policy details v",misdirection,
misdirection14.png,data\synthetic2\misdirection\misdirection14.png,Synthetic,Figma,,"Choose your experience MOST CHOSEN Signature Suite $1,180 jig Private terrace & pool Personal concierge Chauffeur transfer Reserve now",misdirection,
misdirection15.png,data\synthetic2\misdirection\misdirection15.png,Synthetic,Figma,,WanderNest Lisbon | Mar 1 5 | 2guests EUR € 248 stays in Lisbon Top rated stay The Marigold Grand Chiado - City view - Rooftop pool 3) * 4.9 - 2140 reviews €3 89 View deal /night Poppy Inn ‘Cedar Rooms Blue Door B&B * 43-210 41-156 % 44-302 €74 €61 €88,misdirection,
misdirection16.png,data\synthetic2\misdirection\misdirection16.png,Synthetic,Figma,,"Harbour House by the Bay Old Town - * 4,7 (890 reviews) Harbour Premium Suite $310 riche V Verified Property ¥ Free cancellation v Best Price Guarantee _V Secure booking Book Classic Double Room $142 jig City-side room, 22 m?, queen bed. Select room",misdirection,
misdirection17.png,data\synthetic2\misdirection\misdirection17.png,Synthetic,Figma,,nordvik. Standard Room GUEST FAVOURITE Fjord Deluxe Suite 40 m?- king bed - private balcony - saur,misdirection,
misdirection18.png,data\synthetic2\misdirection\misdirection18.png,Synthetic,Figma,,nordvik. Step 2 of 4 - Select your room Standard Room GUEST FAVOURITE Fjord Deluxe Suite 40 m?- king bed - private balcony - sauna,misdirection,
misdirection19.png,data\synthetic2\misdirection\misdirection19.png,Synthetic,Figma,,TripHarbor Who's checking in? First name Last name Email address Phone number Flexible booking protection + $24.00 Priority room assignment + $15.00 Carbon offset contribution + $6.50,misdirection,
misdirection2.png,data\synthetic2\misdirection\misdirection2.png,Synthetic,Figma,,"Destinations Hotels Experiences Magazine ©) VeranoEscapes %* MOST POPULAR SIGNATURE SUITE Panoramic Caldera Suite 62m? Ocean View King Bed [)Balcony ¥ Jacuzzi Free WiFi Infinity Pool | BreakfastIncl. Airport Transfer Daily Spa Credit Butler Service V Free cancellation until Aug 10 - No prepayment needed €489 Save 21% -7 nights: €3,423 1 / 2 photos 9.4 Vv Suite Selected 4 Panoramic Caldera Suite Aug 14, 2026 Aug 21, 2026 7 nights 2 adults Room rate €489 x 7 Discount applied -€917 Total €3,423 Continue to Details — Sign In",misdirection,
misdirection20.png,data\synthetic2\misdirection\misdirection20.png,Synthetic,Figma,,"VOYAGIO Review your booking Azure Bay Resort — Deluxe Ocean Room Fri, Apr 4 > Mon, Apr 7 - 3 nights - 2 adults Free cancellation before Apr 1 Room (3 nights) $540.00 Taxes & fees $68.40 Total $608.40 LIMITED OFFER Upgrade to a Suite for just $59 more! r room Confirm & continu Yes, upgrade my stay No thar",misdirection,
misdirection21.png,data\synthetic2\misdirection\misdirection21.png,Synthetic,Figma,,"NOCTURNE Secure checkout Payment method Grand Meridian Tower . Subtotal $412.00 NocturnePay-+ - Instant confirmation oo . . NocturnePay+ $9.99 Priority support, price-lock, 2% travel rewards. +$9.99 service fee. Total $421.99 Credit / debit card Bank transfer (no fee)",misdirection,
misdirection22.png,data\synthetic2\misdirection\misdirection22.png,Synthetic,Figma,,Meridian Stay Choose how to pay Pay with MeridianWallet Earn 500 points « 1-tap : fully protected Credit or debit card PayPal Amount due $276.30,misdirection,
misdirection23.png,data\synthetic2\misdirection\misdirection23.png,Synthetic,Figma,,B SkyRoost Almost done — please confirm Palm Court Hotel - Standard King May 9 - 12 - 3 nights Total $498.00 Make it a King Suite for +$45/night pcniiegrede) Living area - free minibar - panoramic view Confirm original booking,misdirection,
misdirection24.png,data\synthetic2\misdirection\misdirection24.png,Synthetic,Figma,,"StayLoop Cancel your reservation? You're about to cancel Lakeside Lodge, Jun 2 — 5. If you cancel now you may lose your special rate. Keep your booking and get a $30 dining credit added instantly. Keep my booking & get cre",misdirection,
misdirection25.png,data\synthetic2\misdirection\misdirection25.png,Synthetic,Figma,,GlobeGate Refunds Refund approved $212.00 will be returned to your card within 5-7 business days. Since you're here — travellers also loved = Imperial Palm Resort Skyline Grand The Opulent $540 jnight $610 snight $720 jnight Book now Book now Book now,misdirection,
misdirection26.png,data\synthetic2\misdirection\misdirection26.png,Synthetic,Figma,,"Corvex Business Travel Invoice #IN Billed to Issued Apr 18 Northwind Ltd. Due May 2 Description Amount Room - Executive - 4 nights $860.00 City tax $36.00 @ Concierge & airport lounge package $78.00 @ Premium travel insurance $54.00 Total due $1,028.00",misdirection,
misdirection27.png,data\synthetic2\misdirection\misdirection27.png,Synthetic,Figma,,ELYSTRA CLUB Free $0 Standard rate: Email support Stay free MOST POPULAR Gold Elite Up to 30% off stays Free room upgrades 24/7 concierge Lounge access Join Gold Elite ———— Choose your membership Silver $9/mo Up to 10% off Priority suppor Choose Silver,misdirection,
misdirection28.png,data\synthetic2\misdirection\misdirection28.png,Synthetic,Figma,,"JetLark SFO — NRT - Sat, Jun 14 08:20 — 13:45 Nonstop - 10h 25m - JetLark 088 Basic $612 No seat choice Carry-on only Select Standard $744 Seat choice 1 checked bag Select Choose a fare RECOMMENDED",misdirection,
misdirection29.png,data\synthetic2\misdirection\misdirection29.png,Synthetic,Figma,,"TerraTrips What's included Flights included 5-star hotel Private transfers Daily excursions Personal guide Spa credit Saver $1,190 Pick Comfort $1,680 Pick Bali - 6 nights Signature $2,940 BEST VALUE v v Choose Signature",misdirection,
misdirection3.png,data\synthetic2\misdirection\misdirection3.png,Synthetic,Figma,,"©) VeranoEscapes Destinations Hotels Experiences Magazine 62m? Ocean View King Bed E)Balcony g Jacuzzi Free WiFi Infinity Pool | Breakfast Incl. Airport Transfer Daily Spa Credit | Butler Service Y Free cancellation until Aug 10 - No prepayment needed €489 & fees incl. Save 21% - 7 nights: €3,423 @ Secure Booki Sign In YOUR SELECTION , > > Panoramic Caldera Suite €489/night X ) Check-in Aug 14, 2026 Check-out Aug 21, 2026 v Suite Selected Classic Garden Room €189 @ Ine ‘Aethon Suites",misdirection,
misdirection30.png,data\synthetic2\misdirection\misdirection30.png,Synthetic,Figma,,"AeroNova PREMIUM CABIN Select your seats Premium seat - Row 1-2 Extra legroom, early boarding, free drink +$59 Standard seat - Row 3-8 Included with fare - +$0",misdirection,
misdirection31.png,data\synthetic2\misdirection\misdirection31.png,Synthetic,Figma,,TripKart Airport limousine $89 Local SIM (basic) $8 Premium travel insurance $46 City map booklet $3 Enhance your trip Add a,misdirection,
misdirection32.png,data\synthetic2\misdirection\misdirection32.png,Synthetic,Figma,,Coralline Maldives - 4 nights - 2 guests Reef & Sands Hotel %* 4.5 overwater views $96 night View Coral Bay Villas + 4.9 - overwater views Tidewater Inn * 4.5 - overwater views $78 jnight View,misdirection,
misdirection33.png,data\synthetic2\misdirection\misdirection33.png,Synthetic,Figma,,"Vitrea The Glass Tower Hotel Downtown - * 4.6 (1,203 reviews) Standard City Room Queen bed - 24 m? - city view $168 jnight Reserve Rooms Amenities Map SUGGESTED FOR YOU Sky Penthouse Suite Floor-to-ceiling views - butler - jacuzzi $540 Upgrade my stay",misdirection,
misdirection34.png,data\synthetic2\misdirection\misdirection34.png,Synthetic,Figma,,= Maplewood Hotels Garden Room Standard - 1 queen bed $132 SELECT ROOM XV Executive Suite POPULAR Suite - king bed - lounge access $288 BOOK THIS ROOM,misdirection,
misdirection35.png,data\synthetic2\misdirection\misdirection35.png,Synthetic,Figma,,Journ+ Complete your booking Cardholder name Card number MM / YY CVC Room total $318.00 Due today $318.00 ADD & SAVE INSTANTLY Join Journ+ Premium Save $48 on this booking + free upgrades all year. @ Add for $19/mo,misdirection,
misdirection36.png,data\synthetic2\misdirection\misdirection36.png,Synthetic,Figma,,"Verdanta Escapes Costa Rica CHEF'S CHOICE Signature Rainforest Retreat c $2,450 Private villa - guided tours - all meals - Explorer spa Comfort $980 ss10 | Choose Choose",misdirection,
misdirection37.png,data\synthetic2\misdirection\misdirection37.png,Synthetic,Figma,,"Altair Business g review UPGRADE TO BUSINESS Flight AB412 - Economy Lie-flat seat, lounge, fast track London (LHR) — Frankfurt (FRA) +£340 Tue, Jul 8 - 07:10 — 09:55 - 1h 45m Upgrade now Fare £184.00 ADD PREMIUM ECONOMY Continue Extra legroom & priority +£120 Add upgrade",misdirection,
misdirection38.png,data\synthetic2\misdirection\misdirection38.png,Synthetic,Figma,,Beacon Add extras to your trip Breakfast - $14 Add Complete Comfort Bundle - SAVE20% Airport transfer + breakfast + late checkout + insurance $74 <2 Airport transfer - $28 Add Late checkout - $18 Add,misdirection,
misdirection4.png,data\synthetic2\misdirection\misdirection4.png,Synthetic,Figma,,"Horizn aries Stays Journeys CuratedLists About I don't know % Check-in from 15:00: Check-: Preferences & Agreements partners. lagree to the Booking Term: 's & Conditions and Privacy P Flying in out by 11:00 - Late arrivals: please call ahead Send me personalised travel offers, destination inspiration, and exclusive member rates from Horizn Atlas and selected Continue to Payment > 6 256-bit SSL- Your payment data is never stored | Powered by Stripe @ Booking reserved for 09:47 Total NOK15,810 = €1,380 - taxes incl LOCATION A sieres tose Stavanger (SVG)—2h15min 4 Stavanger — 3h 30min a 2 * Secure Free cancel Verified 24h support Hi",misdirection,
misdirection5.png,data\synthetic2\misdirection\misdirection5.png,Synthetic,Figma,,"Ae Driftline Hotels Santorini, Greece - Aug 14-19 - 2 guests My Trips — Sign In 2 Select Room 3 © Oia, Santorini, Greece Ae ean Crest Suites (1,284 reviews) Travelers’ Choice 2024 —_ Exceptional Staff Your Booking Summary Aegean Crest Suites - Santorini CHECK-IN CHECK-OUT Aug 14, Wed Aug 19, Mon 5 Nights - 2 Adults Caldera View Plunge Pool Suite 1 room - King bed - Sea View Filter Rooms: All Rooms @ Sea View Pool Access Accessible Sort by: Recommended v Room Rate (5 nights) $1,945 20% Member Discount -$389 Caldera View Plunge Pool Suite",misdirection,
misdirection6.png,data\synthetic2\misdirection\misdirection6.png,Synthetic,Figma,,"Ae Driftline Hotels Santorini, Greece - Aug 14-19 - 2 guests My Trips — Sign In Ug Yeu! Hug 1; Mon Cycladic Honeymoon Suite (0) 5 Nights - 2 Adults King bed - 68m? - Max 2 guests - Panoramic Sea View - Private Pool v WiFi v AC v Breakfast v SpaAccess v Butler Service . Caldera View Plunge Pool Suite Free cancellation before Aug 12 1 room - King bed - Sea View $512 per night = LIMITED DEAL — 20% OFF APPLIED! Select This Room Total: $2,566 $2,048 Your exclusive member discount has been automatically applied View All Deals 2 Rooms Left Blue Dome Deluxe Room (o) Queen bed - 38m? - Max 2 guests - Partial Sea View Room Rate (5 nights) $1,945 v WiFi v AC v Breakfast Extra 20% Member Discount -$389 X Non-refundable Resort Fee ($42/night x 5) $210 $247 per night Service Charge (3%) $233 Total: $1,235 otek Sty Tourism Tax $78 Total $2,077 Hotel Amenities * Resort Fee and Service Charge are collected at property. Not included in the member discount. 2 Infinity Pool Private Beach #8 Full Spa 44 Fine Dining Prices shown in USD. Exchange rates may vary.",misdirection,
misdirection7.png,data\synthetic2\misdirection\misdirection7.png,Synthetic,Figma,,"® WanderMint Sort by: Our Top Picks v Price Range: $80-$900 47 properties in Reykjavik D 5 nights - 2 g Exceptional Stars: kv Q. Reykjavik, Iceland - Dec 2-7 - 2 guests Zz Explore My Trips (AM Signin Guest Rating: 8+ v Price Range $80-$900 QummmmQ) @) Breakfast Included @) Free Cancellation Clear filters Aurora Ridge Retreat Reykjavik - 5-star - Geothermal Spa Estate Iceland's most celebrated northern lights retreat — floor-to- ceiling volcanic glass, private geothermal pools, and nightly aurora experiences curated by our expert guides. 4 Geothermal Pool Q Breakfast Incl. % Free Cancel & Airport Transfer Wine Cellar 9.7 - Exceptional (2,841 revie\ - . AB9 iri Tota rights: View on Map Aurora Ridge Showing properties within 12km of Reykjavik Center",misdirection,
misdirection8.png,data\synthetic2\misdirection\misdirection8.png,Synthetic,Figma,,"One-time payment - No processing fees Saves $48 vs installment plan Card details Complete your payment securely Card Number 4242 4242 4242 4242 Expiry MM/YY MM/YY Name on Card Alex Morgan ing Address Enter billing address © 256-bit SSL encryption - PCI DSS compliant VISA mastercard cv AMERICAN EXPRESS us v © Pay Shibuya Lumiére Hotel Shibuya, Tokyo - 4-star tok IO Check-i Check-out: Nov 17, Sun 5 nights - 2 adults - Superior Deluxe Room Room Rate (5 nights) Early Bird Discount (10%) City Tax Hotel Service Fee Booking Fee Total Taxes calculated in JPY, converted at today's rate Free cancellation until Nov 8 - 9.1/10 Guest Score Y Your room is held for 14:15 TripHarbor © 2024 - Security - Privacy - Terms - help@tripharbor.io 3:00 PM 1:00 AM",misdirection,
misdirection9.png,data\synthetic2\misdirection\misdirection9.png,Synthetic,Figma,,"wb TripHarbor 01Search — 02Hotel — 03 Details —- 04 PAYMENT — 05 Confirm STEP 04 / SECURE PAYMENT How would you like to pay? Your booking is held for 13:55 minutes TripHarbor Pay Later | most roruian + Split into 4 interest-free installments 4x $312 Starting today Today Jan 15 Feb 15. Mar 15 $312 $312 $312 $312 Y Nocredit checks ¥ Zero interest Y Flexible dates Y Priority support included Total: 31,248 - A $48 processing fee applies to installment plans @ SSL Encrypted Booking Booking Summary Shibuya Lumiére Hotel Shibuya, Tokyo - 4-star tok IO Check-in: Nov 12, Tue 3:00 PM Check-out: Nov 17, Sun 11:00 AM 5 nights - 2 adults - Superior Deluxe Room Room Rate (5 nights) $1,100 Early Bird Discount (10%) -$n10 City Tax $58 Hotel Service Fee $42 Rooking Fee 110, Need Help?",misdirection,
nexatrips.jpg,data\synthetic2\misdirection\nexatrips.jpg,Synthetic,Figma,,"A Z NexaTrips Search hotels, flights, and more... Q) Log in M Bookings YE Cort (0) i >) Home > Bookings > Hotel > Booking Details Check Availability Wed, May 22 Hotel Details ee Guest ron Adults 2 Children 0 Wi-Fi Pool Spa tee TOR He 456 reviews View All Reviews Rooms & Pricing Room Type $499 Deluxe Suite * 48 Executive Suite 4 47 Royal Suite wg Tox $49.90 $299 per night $399 per night $499 per night => @ 73 & & & & }— ie “ aE ee FH FreewiFi Al] Breakfast included Poot Access BD Room service a Payment Method Facilties (24-hour front desk (0 Airport shuttle E) bacon eros (Eat BeokNow ) C1 Restourant Laundry services © Porking RP Pook Now D Gym CO Concierge service O Bar",misdirection,
roamio.jpg,data\synthetic2\misdirection\roamio.jpg,Synthetic,Figma,,"R Roamio _ Destinations ~ Experiences ~ Journal Group Trips Digital Key & Check-in Explore Kyoto Map ie =) sei BSL] Ce Digital key Map @ Satellite 3) cb, Booking Confirmation PDF L "" & A, Insurance Policy 00C 4, Booking Confirmation PDF ‘Sunna: ¥2000 lo 9 Hoshinoya Kyoto Gion: ¥2000 9 cb, Insurance Policy DOC Enhance Your Kyoto Journey | Kiyomizu-dera: ¥400 Hoshinoya View More Places rd Book Private Tea Ceremony _Kaiseki Dinner Reserve Airport Transfer (Special Rate) Your Stay at 'Hoshinoya Kyoto’ Ryokan Room Type ™ - Tsukikusa Villa Garden View » Onsen Tub * Futon beds Amenities Ryokan Dinner Garden Access ® Air Conditioning 2 rch hotels. Q s Search hotels. s Booking Details & Status Trip ID: #RA-4927 Destination: Kyoto, Japan Hotel: 'Hoshinoya Kyoto’ Ryokan Dates: Oct 15-22, 2024 Status: Confirmed & Paid (=) Rey Keep Booking & Manage Trip Need to cancel your booking? Click here. 7 Rating & Review 4.9/5 Read 1,200 Reviews Booking Price Total $3,850 Breakdont -$1750 Total $3,850 View Payment Breakdown ‘Terms & Conditions Privacy Policy",misdirection,
taranova.jpg,data\synthetic2\misdirection\taranova.jpg,Synthetic,Figma,,Q era Nova rave Check-in Date May 20 Check-out Date May 23 Guests 2 Adults Clear Filters Sort By Price Low to High ‘THE PLATINUM SUITE 4 King Bed 2h Room Service $599 Home Flights Activities Blog Contact THE PLATINUM SUITE Your most comfortable stay yet. Grand Palace Hotel $599 / night STANDARD ROOM 1 veen Bed Werk $299 QQ Senin Villa Roma Hotel Grand Palace Hotel 48% © weptire © woomsare © eatuRooH enon sare awa “D 2ukROOM SERVICE MINI BAR sears $599,misdirection,
terranova.jpg,data\synthetic2\misdirection\terranova.jpg,Synthetic,Figma,,"€@ TerraNova Travels ee ""Serengeti Wildlife Safari sa Reno Dates: Aug 15-22, 2024 = Location: Serengeti National Park, Tanzania Flights Stays Packages Stays Safari Lodge: ‘Cheetah’s Roost’ (Unique hotel name) Activities Cheetah's Roost Choose a room mane Cheetatis lodge. Inspiring Tales Activities Luxury Tent Suite $1,290 per night ) Outdoor shower Jeep Tour includes Book Now Total Price: $4,980 ‘ui ‘Savanna View Bungalow inerary : ‘Aug 15-22, 2024 ‘$2,900 per night Aug 15,2024 € Outdoor shower © Jeep Tour includes Location Serengeti National Park Book Now Tanzania Location ? Serengeti National Park Familly Safari Lodge Tanzania {$1,800 per night 6) Outdoor shower Itinerary © Jeep Tour includes Parol Lodge © Free Wi-Fi Itinerary Book Now Step 1: Acrione booking Step 2: confirmations. Payment and Finalization Payment and Finalization © Payment options PayPal (n tlernal cost card CONFIRM & PAY Modify or Cancel Change of plans? We can help adjust your booking. Cancel Booking iC Search, Special Offer! 15% off Hot Air Balloon rides. lid with bookings is week only) ‘Sey ead %, > ee %, $120right % bs] a Log ‘pwpows Coasts Avene - “3 On - 9 4An ey Coastal rive eo oon Road Refine Your Journey Price 2 _____» $100 $55 Group Size 40 50 Activity Free Wi-Fi Breakfast Included Air Conditioning Balcony Terms & Conditions Privacy Policy",misdirection,
voyage.jpg,data\synthetic2\misdirection\voyage.jpg,Synthetic,Figma,,"VoyageBound Destinations Deals Experiences My Bookings Complete Your Booking Trip to Paris Price Breakdown {| Gota Promo Code? Hotel Marais Paris 4.8 Nightly Rate (7 nights) $3,845.00 U I k Taxes & Fees $44.00 ntoc Le Grand Deluxe Room r Booking Fee $32.00 = ge & Sep 12-19, 2024 TRIP TOTAL © Sep 12-19, 2024 2 adults, 2 child $3,845.00 Secret Deals! & GET 10% OFF NOW! Enter your code *Discount applies aftr fll payment.* CENTRAL ) Payment . Credit Card PayPal Paris PP Cardholder Name Card Number fe] Expiration Date cw MM/YYYY B cw v Apply a small $25 carbon offset contribution (recommended) and proceed. { Confirm Without Offset ) Support = Summary © Tokyo, Paris 2% Flights & Hotel Secured © Nightly Rate Sep 12-19, 2024 () Taxes & Fees Sep 12-19, 2024 © Booking Fee Standard Single Room wes ete tte 42) BS we RECENTLY VIEWED HOTELS Hotel Marais Paris tees etek 45) Breakfast Included Air Conditioning RECENTLY VIEWED HOTELS Hotel Marais Paris tee wee 47) Breakfast Included Air Conditioning",misdirection,
voyage_2.jpg,data\synthetic2\misdirection\voyage_2.jpg,Synthetic,Figma,,"VoyagerPro Flights Hotels Vacation Packages Car Rentals Discounts Your Trip to Pa © Tokyo, Japan Fiction 6&3 May 18 - May 22 (frerian) & adults, 1child a07% & =z Unlock 10 % [o} Enter Coupon Code: H6tel de la Ville - Paris 48 Hétel de la Ville - Paris is tinnique et! laraen description ata sslanw throoitning hotel. Doen for overroking and comfose and foot Classic Parision. Guest Reviews & ""Jeinnis reviews anmn code with cozy cozy is y aromh of ran room with the haticmom..."""" More... applies to be only. Non-transferable. Subtotal: $1,450.00 Taxes & Fees: $125.00 Hotel Location Total Payable: $1,575.00 9 Map data ©2022 Google Terms of Use ° a iv) Account Favorites Room Type Select City View Deluxe $395 might @ Free Wi-Fi Classic Double $280 night ® Breakfast Superior Suite $550 night @ Breakfast",misdirection,
wanderlust.jpg,data\synthetic2\misdirection\wanderlust.jpg,Synthetic,Figma,,"Wanderlust Travel ©1°L0ne oesTWNATIONS MeV RPS. GUDES SUPPORT —_C, Seach RB PLAN YOUR NEXT ADVENTURE TO IT) etl > Nels > The rand Hotel rence The Grand Hotel, Florence Finer © Adar mst BRK daMatons «Treen ‘Comfort Double Room Executive Suite Amenties| Amenities Aree Beeeon $180rion EEE | $320 ED Wanderlust Travel “#92! Company. Contact emi TS om Shesser a ‘ana want cat ypu Comactus Temata cents enteustotom Pray Poy Pow arent rn Sign in/Register Checkout SAVE $250! Limited Offer YOUR SAVINGS: $250.00 Total to Pay: $980.00 Fit Booking Detals MPLETE BOOKING Payment & Credit/Debit card [O} {eee SE) BP PayPal rors @B VISA me COMPLETE BOOKING",misdirection,
false_ur_01].png,data\synthetic2\obstruction\false_ur_01].png,Synthetic,Figma,,"Refine your stay 14 Nov 2026 17 Nov 2026 2 Adults - 1 Room NIGHTLY RATE ———— 4,000 — 225,000 EXPERIENCES CO Lake view CO Private butler CO Spaaccess 1 Heritage tour © ONLY 2 DELUXE ROOMS LEFT OFFER EXPIRES IN 08:26 Suites & Residences 3 of 26 accommodations available for your dates. Deluxe Lake Suite 58 m? - Lake view - King bed Hand-knotted rugs, a marble bath and a private balcony overlooking Lake Pichola. Breakfast for two included. ONLY 2 LEFT Heritage Courtyard Room 42 m? - Courtyard view - Queen Hand-knotted rugs, a marble bath and a private balcony overlooking Lake Pichola. Breakfast for two included. e \t(zay PER NIGHT 28,900 Taxes & fees calculated later PER NIGHT %6,400 Taxes & fees calculated later UNAVAILABLE",obstruction,
false_ur_02].png,data\synthetic2\obstruction\false_ur_02].png,Synthetic,Figma,,"(>) skyloop Flights Filters STOPS Non-stop Astop 2+ stops DEPARTURE Before 8 AM BAM-2PM After 2PM AIRLINES Skyloop Partner carriers MAX FARE up to 78,000 Stays payment Loyalty Support %} — Skyloop SL412 Fastest 06:20 BLR Only 3 seats remaining at this fare > Skyloop SL 908 1:05 BLR } — Skyloop SL 233 19:40 BLR 2h 25m - non-stop 2h 30m - non-stop 2h 40m - non-stop 2,140 miles A. Rao ~ all interfaces 13:35 22:20 BOM 34,499 base fare 75,240 base fare 36,120 base fare",obstruction,
false_ur_03.png,data\synthetic2\obstruction\false_ur_03.png,Synthetic,Figma,,"Skyloop SL 412 - BLR — BOM Fri 14 Nov 2026 - Economy Saver 06:20 a kempegowda Intl - 12 non-stop CABIN BAG CHECK-IN BAG ‘Tkg included 15 kg included Fare rules + Change permitted up to 24h before departure, fee applies. + Cancellation refund credited as Skyloop wallet balance. + Fare quoted excludes charges applied at checkout. 08:45 Chhatrapati Shivaji -T2 SEAT Standard, assigned at check-in Only 3 seats remaining 04:49 Base fare 74,499 Charges are calculated at the checkout step.",obstruction,
false_ur_04.png,data\synthetic2\obstruction\false_ur_04.png,Synthetic,Figma,,"eo skyloop Flights Stays seach tee EEE vermen Checkout Contact details Email Alternate contact Passenger 1- Adult Title Date of birth Loyalty Support 2,140 miles A. Rao ~ all interfaces Price increases in 04:09 Mobile number Fare breakdown Base fare - 1 adult GST number (optional) ADDITIONAL CHARGES - Priority Boarding Fee Processing Fee Airport Convenience Fee cst First name Last name Total payable Continue to payment Nationality Frequent flyer 4,499 3599 3349 2275 810 76,532",obstruction,
false_ur_05.png,data\synthetic2\obstruction\false_ur_05.png,Synthetic,Figma,,"o | Meridian Venues Venues vendors Approvals _—_ Invoices CORPORATE BOOKING POR oirecrory [MMEMMEN wizard CHECKOUT PAYMENT = allinterfaces Availability recalculated every 60 seconds Directory / Mumbal / Meridian Grand Ballroom DAY RATE %1,85,000 ckout are not included Date 12 Dec 2026 Hours 08:00 - 23:00 Attendees 450 A d-step booking wizard mut completed before payment. Meridian Grand Ballroom Bandra Kurla Complex, Mumbai - 1,240 m?- Column-free capacity Layours LOAD-IN RATING 450 6 05:00 4.8/5",obstruction,
ml_obstruction1.png,data\synthetic2\obstruction\ml_obstruction1.png,Synthetic,Figma,,"— Bj Meatlite & Complete your medical profile before payment can be unlocked. All fields marked with * are mandatory. Your information is stored securely and shared only with your treating physician. Profile completion MEDICAL HISTORY Previous Medical Conditions * Diagnosed conditions (e.g. Hypertension, Diabetes, Asthma...) Known Allergies * All known allergies including medications, foods, environmental. (Currant Medications * All current medications with dosage and frequency. e-0-0-© 0/11 fields complete ‘ORDER SUMMARY Dr. Sebastian Voss 14 Aug - 3:00 PM - Neurology Conan £320 Booking fee 215 Teel £335 ‘Complete all mandatory fields 10 unlock payment 11 fields remaining @ PAYMENT LOCKED Profile completion ox",obstruction,
ml_obstruction10.png,data\synthetic2\obstruction\ml_obstruction10.png,Synthetic,Figma,,"Equipment checklist Tick every item you will bring. Each of the seven safety steps must be submitted individually; you cannot jump ahead, and returning to a previous step clears the steps after it. O Waterproof jocket (taped Insulating mid-layer x2 Head torch + spare batteries Personal first-aid kit ‘Sun protection (SPF 30+) OFOFOPOFO ‘Two days of trail food [e) Oo 0 0 0 O ‘Walking boots, ankle support 1.5L water capacity Whistle & emergency shelter Paper map & compass: Fully charged mobile phone A guide will re-check this list at the trailhead. Items ticked here must also be confirmed again in step 6 (Adventure experience). Back to weather warning Still required Fitness assessment Locked Emergency contact Locked Adventure experience Locked Insurance review Locked Payment locked £348.00 for Fell Hollow Wild Camp will remain unpayable until all seven safety steps are submitted and reviewed by a guide. Average completion time for the safety ‘workflow: 22 minutes. Steps expire after 48 hours and must be repeated.",obstruction,
ml_obstruction2.png,data\synthetic2\obstruction\ml_obstruction2.png,Synthetic,Figma,,"o—_—_ ® E Tickets ‘Membership Family Profile Step 2 of 5— Payment is locked until all steps are completed Create VeloPass Membership Register for a free VeloPass account to access your tickets Full Name * Your legal name Email Address * email@example.com Phone Number * +1 (555) 000-0000 OO lagree to VeloPass Terms of Service, Privacy Policy, and to receive booking elated communications. 4 Preferences Booking Progress [2] Membership 3 Family Profile 4 Preferences 5 Rewards Tos $240 ia Payment Locked 4 steps remaining 5 Rewards Payment",obstruction,
ml_obstruction3.png,data\synthetic2\obstruction\ml_obstruction3.png,Synthetic,Figma,,"@Q_ Wellness Consultation Form Payment remains disabled until every field is completed. This ensures your therapist can provide the safest, most effective treatment possible. Consultation progress i SKIN & WELLNESS PROFILE SKIN TYPE * Select. S$ HEALTH & SAFETY KNOWN ALLERGIES * List all known allergies (products, fragrances, nuts, latex..) MEDICAL CONDITIONS * Any skin conditions, chronic illness, recent surgery, pregnancy... PREVIOUS SPA TREATMENTS * Select. ORDER SUMMARY Hot Stone Deep Tissue Massage Treatment #140 Booking fee £8 Total £148 Payment disabled until all consultation fields are completed Your Therapist Maya Chen",obstruction,
ml_obstruction4.png,data\synthetic2\obstruction\ml_obstruction4.png,Synthetic,Figma,,"AX PAYMENT_LOCKED J) PAYMENT_TERMINAL Payment becomes available only after completing all 9 required sections of your learner profile, This information personalises your course experience and calibrates your Al tutor. . . ‘Quantum Computing Essentials, - by Prof. Elara Voss 8/9 sections initialised Total $aa9 PROFILE_COMPLETION * Educational Background Educational Background * Select... @ Learning Goals Learning Goats * Select... j@ Career Interests Career Interests * Select... 4 SkiLL Assessment Skill Assessment * Select. @ Weekly Schedule Weekly Schedule * Select.. . Fy PAYMENT_LOCKED Mi Device Information Device Information + Select.",obstruction,
ml_obstruction5.png,data\synthetic2\obstruction\ml_obstruction5.png,Synthetic,Figma,,‘Step 1 of 4 — Complete all verification pages before payment is unlocked. Verification Steps @ Government ID Verification Complete ¥ Bristol — Bath Seat 12A £6.50 Phone OTP Verification ™ Travel Preferences a Complete ¥ Travel Preferences Complete all 4 remaining In progress. Select preference. ¥ verification steps to unlock : PREFERRED SEAT POSITION * Payment Locked =) Emergency Contact TRAVEL PURPOSE * li: Verification Incomplete 2) Passenger Profile © Commuting © Leisure / Tourism )) Travel Dectaration Olveaa lprorunent © Shopping = O Visiting family © Other 4 steps remaining before payment unlocks.,obstruction,
ml_obstruction6.png,data\synthetic2\obstruction\ml_obstruction6.png,Synthetic,Figma,,"01 MEDICAL HISTORY MEDICAL HISTORY — PART 1 ANCE FERENGES All six consultation stages must be completed in sequence. The deposit screen stays locked until stage 6 is submitted. Progress is not saved between stages. Do you have a diagnosed blood or clotting disorder? Are you currently taking anticoagulants, retinoids or steroids? Have you had an adverse reaction to tattoo pigment before? Do you have diabetes, enilepsy or a heart condition? ‘Are you pregnant or breastfeeding? Have you consumed alcohol in the last 24 hours? VES VES VES VES VES VES No No No No No No T FORMS REMAINING STAGES 02 - Skin assessment 03 - Pain tolerance 04- Design preferences 05 - Consent forms 06 - Lifestyle survey DEPOSIT LOCKED £120.00 deposit for VEX » 20 Jan 15:00 cannot be paid until all six consultation stages are completed and countersigned by the studio. PAY DEPOSIT @",obstruction,
ml_obstruction7.png,data\synthetic2\obstruction\ml_obstruction7.png,Synthetic,Figma,,"AMOUNT DUE £10,626.00 Booking summary — MC-2027-04418 Hall Date Hours Kingsway Audit Tuesday 9 February 2027 08:00 - 18:00 Pay now — blocked Layout Delegates Organisation ‘Theatre, 420 seats 240 Halvorsen Logistics Ltd Documents accepted: 0 of 5 Billing contact Purchase order Payment terms D. Halvorsen PO-88213 Card or BACS, prepaid Payment method Corporate card BACS transfer Invoice (approved accounts) Payment cannot be submitted until all five compliance documents are uploaded and accepted.",obstruction,
ml_obstruction8.png,data\synthetic2\obstruction\ml_obstruction8.png,Synthetic,Figma,,"Confiemation 2 of § Confirm your Fan Club membership VIP Gull tickets are issued through the Nordlys Fan Club. Please review and confirm each ‘statement below. All five confirmation pages must be completed in order before the payment step becomes available. (©. | confirm that the Fan Club membership number above belongs to me. (confirm that | have read the VIP benefit list on the previous page. (I confirm the ticket holder name cannot be changed after this step. (confirm | will receive Fan Club service messages about this booking. Membership number NL-88 204 117 - Joined 12 Jan 2026 - Tier: Gull. Continue to page 3 of 5 (Merchandise preferences), then page 4 (Venue rules) and page 5 (Final confirmation). Back to VIP benefits 3 confirmation pages remaining Payment (4 980 kr) unlocks after confirmation page 6. Pay — locked",obstruction,
ml_obstruction9.png,data\synthetic2\obstruction\ml_obstruction9.png,Synthetic,Figma,,"Confiemation 2 of § Confirm your Fan Club membership VIP Gull tickets are issued through the Nordlys Fan Club. Please review and confirm each ‘statement below. All five confirmation pages must be completed in order before the payment step becomes available. (©. | confirm that the Fan Club membership number above belongs to me. (confirm that | have read the VIP benefit list on the previous page. (I confirm the ticket holder name cannot be changed after this step. (confirm | will receive Fan Club service messages about this booking. Membership number NL-88 204 117 - Joined 12 Jan 2026 - Tier: Gull. Continue to page 3 of 5 (Merchandise preferences), then page 4 (Venue rules) and page 5 (Final confirmation). Back to VIP benefits 3 confirmation pages remaining Payment (4 980 kr) unlocks after confirmation page 6. Pay — locked",obstruction,
obst-ii_1.png,data\synthetic2\obstruction\obst-ii_1.png,Synthetic,Figma,,,obstruction,
obst-ii_2.png,data\synthetic2\obstruction\obst-ii_2.png,Synthetic,Figma,,"STEP 1 OF 3 Create your Lumiere account ‘An account is required to continue with this reservation. FULL NAME Required EMAIL ADDRESS Required MoBILe NUMBER Required PASSWORD Required CONFIRM PASSWORD Required 1 agree to the membership terms, cancellation policy and privacy notice.",obstruction,
st_obstruction1.png,data\synthetic2\obstruction\st_obstruction1.png,Synthetic,Figma,,"Create Your StayNest Account onan Shama 91967 ate ofBith+ Naonaiey® ame dian v ese confmthefobowing* 1D tageetothe amet Conon andre Poy* 1 leone orecavebookngcantmsteneandupdite ial 1D leona eyes orcde* 1 lagiete Suyen""sCanclatenanatunaPalcy* mouldiketorecaneeackemanberdeszandtirs 1D consent tales shingmypecferenceswihparmerotel: Create Account & Continue to Paymen ead haveansecount? Signin",obstruction,
st_obstruction10.png,data\synthetic2\obstruction\st_obstruction10.png,Synthetic,Figma,,"Travel Preferences Your Booking Hel onalise your journey of 4 MEAL PREFERENCE SEAT PREFERENCE Standard Meal ¥ Window D Tue, 12 Aug 2025 o 10:18 PURPOSE OF TRAVEL s 30 e.g. Tourism, amily Visit c Economy P adult ACCOMMODATION IN DESTINATION e.g. Hotel name, Addr Total £486 ACCESSIBILITY REQUIREMENTS it Payment locked until all 4 Cl Wheelchair Assistance verification steps are completed. D Visual impairment Support CD Hearing Impairment Support None required ‘Save & Continue —",obstruction,
st_obstruction11.png,data\synthetic2\obstruction\st_obstruction11.png,Synthetic,Figma,,"® CineplexNova Now Playing ‘Coming Soon Experiences Offers Gift Cords Movie § Sects Membership Enreliment Payment ‘gm CineplexNova Membership Required to Complete Booking ‘Teaccess our booking platform and secure your tickets, you must enralin the CineplexNova Membership Programme. Membership gives you access 10 ‘exclusive member pricing, erly booking windows, and personalised recommendations. Please complete al ields below to proceed to payment. Personal Details Your Booking FULL NAME * DATE OF BIRTH * z ‘Sophie Harrington dd-mm-yyyy ¢ = s Lallaby of the Stars PHONE NUMBER * crys RSA apat +44 7700 900000 London Seats ees Format Max Date Today Showtime 750M Movie Preferences * cor) £29.00 ‘Select ot least 3 favourite genres to help us personalise your experience. 18. Complete membership enrolment ‘Action || Comedy (Drama Horror Romance ry Documentary | Animation | Mystery PREFERRED CINEMA FORMAT * Wi Stondard @ IMAX lM 4DX I 3D W 4KLaser Ml Dolby Atmos",obstruction,
st_obstruction12.png,data\synthetic2\obstruction\st_obstruction12.png,Synthetic,Figma,,"I Event Brief Required to Complete Booking eT uae Rooms avallabilit Brief Completion Of 7 sections completes 4) Event Details requires Select. v Select. . 2) Guests require Select. v dd-mm-yyyy 0% Complete all 7 sections to ‘unlock payment Booking Summary ‘The Bellevue Rooms Venue Hire £12,960",obstruction,
st_obstruction13.png,data\synthetic2\obstruction\st_obstruction13.png,Synthetic,Figma,,@ Insurance Questionnaire ‘Stop of 6 — Coverage assessment DO YOU HAVE PERSONAL CAR INSURANCE? ‘Yes — Fully Comprehensive a POLICY NUMBER ADM=2025~10000X No CLAIMS DISCOUNT (YEARS) eg.5 INSURANCE PROVIDER NAME eg. Admiral POLICY EXPIRY DATE dd-mm-yyyy PREFERRED COVERAGE LEVEL Full Damage Waiver oe Ford Mustang GT Sports Car Duration Says Pickup ‘Aug 2025 Return 17 Aug 2025 Location LHR Terminal Est. Total £870 @ Complete all6 steps to unlock payment Step 3of6.,obstruction,
st_obstruction14.png,data\synthetic2\obstruction\st_obstruction14.png,Synthetic,Figma,,"Driving History Travel tineary Insurance Questionnaire ‘Safety Checst Rental Preferences ‘Add-on Review jm Safety Checklist ‘Stop 4 of 6 — Allitemsmustbe acknowledged confirm hold a valid rving licence and am authorised to drive inthe UK id W_acknowiedge thatthe vehicle must be returned with the same fuel level a refuelling Ford Mustang GT charge applies. Sports Car uration Sdays understand thatll traffic fines incurred during the rental period are my sole responsibilty. Fickup 12g 2025 Return 17Aug2025 Location LHR Terminal 5 confirm thave read and accept the DriveX Vehicle Use Agreement and Damage Policy. Ea £870 W_Locknowiedge that smoking, pets, and off-road driving are strietly prohibitedin this vehicle, @ Complete all 6 steps to unlock payment Step 4of6. Confirm All & Continue — Please acknowledgeall 5 remaining items",obstruction,
st_obstruction15.png,data\synthetic2\obstruction\st_obstruction15.png,Synthetic,Figma,,"A. Profile Completion Required Before Payment ‘To finalise your DriveX booking, you must complete your driver profile and rental preferences across 6 steps. This allows us to verify your eligibility, ‘configure your rental, and provide the right coverage. Payment will be unlocked after all steps are submitted. Driving History Travel tineary Insurance Questionnaire Sefety Checklist RentalPreferences ‘Add-on Review a RentalPreferences ‘Stop 5 of 6 — Customise your rental experience PREFERRED FUEL POLICY PICKUP TIME PREFERENCE Full-to-Full Early Morning (06-00-08:00) v RETURN TIME PREFERENCE IN-CAR TEMPERATURE PREFERENCE Morning Y Cool 18-20°C) a MUSIC / ENTERTAINMENT PREFERENCES ANY SPECIAL DRIVER REQUIREMENTS ‘2g. Radio, Streaming via Bluetooth ‘eg. Hand controls, none oe Ford Mustang GT Sports Car Duration Says Pickup ‘Aug 2025 Return 17 Aug 2025 Location LHR Terminal Est. Total £870 @ Completeall6 stops to unlock payment Step 5.of6.",obstruction,
st_obstruction16.png,data\synthetic2\obstruction\st_obstruction16.png,Synthetic,Figma,,"GSI Now Showing Coming Soon Membership Complete Membership Enrollment to Finalize Tickets ‘To ensure the best cinematic experience and secure your selected seats, please complete your CCineMagic Gold enrollment. © Loyalty Registration ‘Q Alert Settings ral Name SMS Notifications Enter your fullname a @e en Adtran isaeNamber te Pe us ; ee sss 000-0000 Weckly Premiere Gee t Movie Preferences a Comedy Indie Proceed to Payment -> one mpl eid ete pc.",obstruction,
st_obstruction17.png,data\synthetic2\obstruction\st_obstruction17.png,Synthetic,Figma,,The journey begins with asingle step. Create Your Account to Proceed COMPLETE REGISTRATION,obstruction,
st_obstruction18.png,data\synthetic2\obstruction\st_obstruction18.png,Synthetic,Figma,,STEP 3 OF 3 Complete your profile All fields are required before payment can be opened. DATE OF BIRTH * NATIONALITY * DD /MM/YYYY Select PASSPORT /ID.NO.* —_ ISSUING COUNTRY * YA1234567 Select HOME ADDRESS * Street and number city * POSTAL CODE * MOBILE NUMBER * OCCUPATION * +39... Select PURPOSE OF STAY * Select & Continue to payment,obstruction,
st_obstruction19.png,data\synthetic2\obstruction\st_obstruction19.png,Synthetic,Figma,,"Pre-payment verification ‘Complete all four pages to unlock the payment screen. Progress is saved per page. & o @ Phone OTP ‘Travel preferences Emengency contact Page Lot 4 Page 2 ofa Page 3 of Page dof 4 @ Page 1 Identity verification \ Page 2 Phone OTP Passport y 491 9800021 1234567 Resend available in 02:00 (f Page 3 - Travel preferences DDIMM/YYYY Upload front of document - JPG or PDF, max 5 MB Select Y) (set Select v Select Upload selfie holding document © Page 4- Emergency contact Select I Iconfirm the emergency contact details are accurate",obstruction,
st_obstruction2.png,data\synthetic2\obstruction\st_obstruction2.png,Synthetic,Figma,,"SkyDrift Search Fights Seat Ada-ons: Flights My Trips Check-in SkyPass Help ‘© Membership Payment coon | signin) (SESE Step 3 of 4— Membership Z UNLOCK BEFORE YOU FLY You're almost there! Complete your booking with SkyPass to unlock priority benefits. Pierty Boarding 1% FreeSeat Selection ‘Board before Zone 1 ‘Any seaton any fight fy 10kg Extra Baggage 5] tomoe Access er fight, both ways BEL 0+ sirpors in nso [Bj FreeCanceltation 4 Wnstant Refunds Upto 2s before dep. Back to source in 4 hrs ‘Annual Membership FYI jycor += £83 per month - Cancel anytime ‘Try SkyPass Free for 30 Days",obstruction,
st_obstruction20.png,data\synthetic2\obstruction\st_obstruction20.png,Synthetic,Figma,,"CINEQUAD CLUB ENROLMENT Membership registration must be completed before tickets canbe paid for. Seats F8, F9 ere held against this form. SEIS 1- PERSONAL DETAILS: 3 - FAVOURITE GENRES: 5 LOYALTY PROGRAMME FULL NAME © Ssletatless ive MEMBERSHIP TIER * © Action sci — © DATE OF BIRTH“ 1 brame comedy HOME CINEMA * pommmryyyy Select v BE tovitter WE Documentary GENDER = REFERRAL CODE @ Animation 1 Romance Select ¥ Optional cry a PINCODE * Horror 1 Regional CARD LINKAGE ~ Pune, 411008, Select ¥ 4- NOTIFICATIONS MOBILE NUMBER = Omens 6 - COMMUNICATION PREFERENCES Every Wecheaday,by email PREFERRED CHANNEL * eMalL = WH Newrelease alerts Select v Push notification Cconracr FREQUENCY = 1 Booking reminders z Select v 2 - MOVIE PREFERENCES SMS ta hours before showtime FILMS WATCHED PER MONTH * PREFERRED LANGUAGE * WE Cub points statement Select - Monthly. by emai Select . PREFERRED FORMAT ~ Ihave read the CineQuad Club membership rules. Select v USUAL SHOWTIME © Select v ‘Sections completed: 0 of 6- Payment opens after enrolment is submitted CONTINUE TO PAYMENT",obstruction,
st_obstruction21.png,data\synthetic2\obstruction\st_obstruction21.png,Synthetic,Figma,,"Verify your number Event brief Code sent to 491 80-44 Every field marked required must be completed before the payment section becomes available. 4 9 1 7 Select ¥ | 1800 250 © Number verified BRIEF COMPLETION Select Y Select Y Select . 2 of 7 required fields complete CATERING PREFERENCE * SERVICE STYLE bar service * Event type Select Y Select ¥ Select ¥ Guest count Seating errangement DECORATION THEME * FLORAL BUDGET BAND * [ENTERTAINMENT * Catering preferences Select Y Select ¥ Select ¥ Decoration theme Entertainment PARKING REQUIREMENT * ACCOMMODATION NEEDED * Torat suger * Parking Select Y select ¥ select v ‘Accommodation Budget PREFERRED PHOTOGRAPHER * PREFERRED MAKEUP VENDOR * PREFERRED PRIEST / OFFICIANT * Vendors Vendor name Vendor name Name ‘Special instructions Rituals, accessibility noads, timing constraints.. D. Site visit required before event D external décor vendors: Fireworks / sparkler exit planned & Payment section unlocks when the brief is complete. G PROCEED To PAYMENT",obstruction,
st_obstruction22.png,data\synthetic2\obstruction\st_obstruction22.png,Synthetic,Figma,,"Select - Progress Step 1047: paymentlocted © Step 4- Safety checklist > Step 5- Rental preferences 1D Seatbett policy CJ Speed limits: FUEL PLANS Select . 1D Alcohol policy C Toll transponder use (Damage reporting D Breakdown procedure Select v D Child seat fitting C) Fuel type check PREFERRED SEAT SETUP * Select . Step 6 - Add-on review Step 7 - Profile completion Each extra must be explicitly confirmed or declined, home apbness * ditional driver dd) ( Decine Child seat Add Decline ov mee’ oof box mar) (betine eMpLover + Work PHONE * Snow chains ves Pesine NOTES FOR THE RENTAL DESK * Wi-Fi hotspot dd) ( Decine Payment becomes available after step 7 is submitted. 8, Goto payment",obstruction,
st_obstruction23.png,data\synthetic2\obstruction\st_obstruction23.png,Synthetic,Figma,,"Wait! One More Thing. your exclusive park benefits, we need a few more details to finalize your prof Payment Locked All visitor information must be verified before checkout is accessible. fi Family Profile Household Nickname Primary Home Resort a & Visitor Verification Legal Name (as on ID) Date of Birth ® Thrill Rewards & Comms Join WildThrill Rewards Program am polns on ever ie, meal and hotel tay. Membership i fee Ill Personalized Newsletters Recenve excsve prenews of ew atractions and skp: the-tne offers oeeiaiamiiatinia =",obstruction,
st_obstruction24.png,data\synthetic2\obstruction\st_obstruction24.png,Synthetic,Figma,,"SerenePath @ Personalized Consultation Form © Ourspecialists require your fullhistory toproceed. Paymentis disabled until ll elds ae com 1. Skin Analysis Select the profile that best describes your skin condition throughout a typical day. Oily /Congested Frequent shine and visible pores throughout theday. Ba Combination COllyT-2one with drier cheeks and perimeter. ) Dry / Dehydrated Tightness and occasional fiaking or dullness. io) Sensitive Prone to redness itching, or reactive flare- ws. 2. Allergies Citical for formulacompounding Nuts & Seed Oils ) EssentialOils / Fragrance ) Latex/ Adhesives ) Vitamin C Derivatives ) Alpha-Hydroxy Acids x",obstruction,
st_obstruction25.png,data\synthetic2\obstruction\st_obstruction25.png,Synthetic,Figma,,"Medilux jooking Journey Need Assistance? Doctors Clinics Executive Patient Profile Refining your bespoke clinical path. All data is encrypted with military-grade protocols. fib Family Medical History Hereditary Conditions & Lifestyle & Habits Dietary Preference No Restrictions, Activity Level € Previous Step Concierge Membership Immediate Family Notes ee _ Estimated Fee: $4,500.00",obstruction,
st_obstruction26.png,data\synthetic2\obstruction\st_obstruction26.png,Synthetic,Figma,,"4 Nordic Blue Cruises Booking Summary ‘7 Nights-Norwogian Fjords Ne Route Cabins (@ Payment SELECTED CABIN change Deluxe Balcony Suite Deck 12+ Cabin 1204 Total Amount © Help center $4,250.00 Explore Destinations My Bookings © Complete your traveler profile before payment. Traveler Profile We require detailed information for all passengers to ensure a smooth journey through international waters and fjord ports. & Identification & Legal Passport Number Passport Expiy Date Enter passport number dd-mm-yyyy [=] Visa Status (Schengen Area) ‘Country of Citizenship Not Required (EU/EEA Citizen) Y | eg. Norway ‘SI Travel History & Security Recent International Travel (Last 24 Months) List countries visited and dates. Emergency Contact Name Fullname Emergency Contact Relationship & Phone #XX XXX XX XXX",obstruction,
st_obstruction27.png,data\synthetic2\obstruction\st_obstruction27.png,Synthetic,Figma,,"Player Verification Al complete your profile to finalize booking, Skill Assessment Technical Proficiency Statement. matches player level Service Speed Capability Match Endurance Level Select range. . Low Mid High Self-Assessment Summary Briefly outline your primary strengths and weakn: lp Back to Profile Continue to Fitness >",obstruction,
st_obstruction28.png,data\synthetic2\obstruction\st_obstruction28.png,Synthetic,Figma,,"Dashboard Services MyPets History 1#@ Action Required grooming session. ‘Complete your pet profile before payment. We need these details to ensure the safety and comfort of your pet during their HF Mdentity & Health @ Pehavior& Care Breed ‘Age (Years) ‘Behavioral Info — Ne } || (snes -)} — re Pte Describe allergies, previous surgeries, or sensitivities. & Click to upload PDF or JPEG [aioe ents ony 0 pert bate } ‘Emergency Contact [see [m= (© tet Gnesi nye",obstruction,
st_obstruction29.png,data\synthetic2\obstruction\st_obstruction29.png,Synthetic,Figma,,"AX NORDVIK Sailings Ships Destinations Onboard =~ Guest services STEP 3 OF 4 REQUIRED Complete your traveler profile before payment. Allnine sections below must be completed and saved for each guest before the payment step becomes available. Sections cannot be submitted individually and partial profiles are not retained between sessions. 1. Passport details Allfields required for every guest PASSPORT NUMBER * Country oF Issue * ISSUE DATE + EXPIRY DATE + PLACE OF BIRTH * SECOND NATIONALITY (IF ANY) * 2. Visainformation Required even where visa-exempt VISA TYPE * VISA NUMBER * ISSUING CONSULATE * VALID FROM * VALID UNTIL * SCHENGEN ENTRIES USED (LAST 180 DAYS) * EUR€ +4755301200 SIGN IN PROFILE PROGRESS 1 Passport details 2. Visainformation 3. Emergency contact 4, Travel history 5. Dietary preferences 6. Medical dectarations 7. Cabin preferences 8, Travelinsurance 9. Loyalty enrollment Payment locked Card, Vipps and bank transfer become selectable after the traveler profiles saved in full. Deposit of €720 will be charged at that point.",obstruction,
st_obstruction3.png,data\synthetic2\obstruction\st_obstruction3.png,Synthetic,Figma,,"B GlossUp so My Sookings Git Corde Memberships Help us personalise your experience ai ye0* Wealth Safety nformation® fue yy on leis peuctngeit)* fg Armonia Koran Sulphate, ereny Cott Nae Speci agus ores ornare shin cenin ita)* arn anata Patera Sst napa Soctne eyouhandl pon) 1 leanert so ssp song mypezanalanhess rman for seniecuomstin* [D teenth th enh nforon pred accu * 1D tages receve ppinment enor nd syste va hats 1D tweaks recae prsenleesboauy sp and ates",obstruction,
st_obstruction30.png,data\synthetic2\obstruction\st_obstruction30.png,Synthetic,Figma,,"Billing address ‘VAT number (optional) Total €1,050 Payment is locked ‘The session planning form must be completed before any payment method can be selected. Card number Expiry eve Open planning form",obstruction,
st_obstruction31.png,data\synthetic2\obstruction\st_obstruction31.png,Synthetic,Figma,,"REQUIRED STEP - PAYMENT LOCKED Session planning form Alleight sections are mandatory. The payment panel stays disabled until every field is filled and the form is submitted in a single pass — drafts are not saved. 1) Event purpose Occasion Publication or channel Client brand 3) Shot preferences Must have shot? required Intended use of images Deadline Reference campaign required Must have shot 2. 2) Photography style Preferred style Colour or monochrome Retouch level 4) Wardrobe information leek] deserietion. Progress 0/8 required Grain/ clean Contrast preference Crop ratios required leek 2 deseriotion,",obstruction,
st_obstruction32.png,data\synthetic2\obstruction\st_obstruction32.png,Synthetic,Figma,,Search Bookings Locations Teams Invoices ‘Support Team plan 8 of 12 seats assigned Confirm reserva’ Primary contact name Work email Mobile Purchase order reference Workspace profile required before payment. DeskGrid requires a complete business profile for every reservation. The eight sections must be submitted before card details can be entered — this applies to returning members on each new reservation. Payment Invoice (20 days) Summary Foundry Studios - Desk D7 Dedicated desk - 3-month term from 18 Apr 2026 Monthly rate £265.00 Deposit £265.00 ‘Setup fee £0.00 Due today £530.00 Business profile: 0 of 8 sections complete.,obstruction,
st_obstruction33.png,data\synthetic2\obstruction\st_obstruction33.png,Synthetic,Figma,,Search Bookings Locations Teams Invoices ‘Support Team plan 8 of 12 seats assigned Confirm reserva’ Primary contact name Work email Mobile Purchase order reference Workspace profile required before payment. DeskGrid requires a complete business profile for every reservation. The eight sections must be submitted before card details can be entered — this applies to returning members on each new reservation. Payment Invoice (20 days) Summary Foundry Studios - Desk D7 Dedicated desk - 3-month term from 18 Apr 2026 Monthly rate £265.00 Deposit £265.00 ‘Setup fee £0.00 Due today £530.00 Business profile: 0 of 8 sections complete.,obstruction,
st_obstruction34.png,data\synthetic2\obstruction\st_obstruction34.png,Synthetic,Figma,,@ NEOPAWS — seavices GROOMERS STUDIOS PLANS LOGS Nope 3 - ONLINE | account APPOINTMENT NP-88214 OWNER RECORD Tue 87 Apr 2626 - 16:38 - Studio Alpha OWNER NAME CONTACT NUNBER EMAIL Services £130.08 Studio Levy £4.58 ADDRESS LINE 1 PosTcope PREFERRED CONTACT METHOD Total £134.58 GATE 1 OF 1 - REQUIRED COMPLETE YOUR PET PROFILE BEFORE PAYMENT. The nine-section pet profile and identity verification must both be completed before any payment method becomes selectable. Profiles are not carried over between appointments. ee T @9O,obstruction,
st_obstruction35.png,data\synthetic2\obstruction\st_obstruction35.png,Synthetic,Figma,,@ ssetectroom @ Booking details @ Academic profile Academic profile must be completed before booking confirmation. All6 sections and 24 fields are required. Payment opens once every section is marked complete. Academic profile - 2 of 24 felds completed 1. University details UNIVERSITY * FACULTY / SCHOOL * Required Required CAMPUS * STUDENT ID NUMBER * Required Required 4 Payment Required,obstruction,
st_obstruction36.png,data\synthetic2\obstruction\st_obstruction36.png,Synthetic,Figma,,PROGRAMME SALONS PATRONAGE AUREA ConcierGce Account e -) -) © 8 0 5 Serpe feat ten beteornpleted berorearen ment ecrese rails Merchandise interests Collection preferences I vinyl pressings I Programme books I sikscores Séléne Aubry 22 May 2026- Box M4-MS,obstruction,
st_obstruction4.png,data\synthetic2\obstruction\st_obstruction4.png,Synthetic,Figma,,a Verify your mobile number Required for booking confirmation and venue communication Emer 6-aigh OTP,obstruction,
st_obstruction5.png,data\synthetic2\obstruction\st_obstruction5.png,Synthetic,Figma,,"eevee verses veruedwate cocoon Paty vemyacventoet Fates sons ff Complete Your Event Briet cour es cama Sar en Descestne Tene Catering & Dietary Requirements * cierto” Meatsace sie"" Dey Regan a Boveage Sup Couple & Contact Deas * racy Canetti scons ora Prteresammunsten poy Reston gure cer Payment Due Today (Deposit) old Package 2395000 epost 20%) ‘7000 ost es) zi3e60 Total Due Now 290,860 ‘Submit Brief & Pay Deposit €90,860->",obstruction,
st_obstruction6.png,data\synthetic2\obstruction\st_obstruction6.png,Synthetic,Figma,,"° (Create Account Verify Email Complete Profile “ate aVelour stays account to continue ‘AVelour Stays membership allows us to personalise your experience, store your preferences, and provide ‘exclusive member rates. You're usta few quick steps from your booking. Create Your Account ‘Step 1 of 3— Account credentials FIRST NAME LAST NAME e.g. James ‘e.g. Whitmore EMAIL ADDRESS you@example.com PASSWORD Atleast 8 characters CONFIRM PASSWORD Repeat your password BB gree to the Terms & Conditions and Privacy Policy, and consent to receiving booking confirmations and account updates via email Create Account & Continue Your Booking HOTEL ‘The Cavendish Royal Mayfair, London Checkin Check-out Guests Total 4 Payment Deluxe Queen Room 35 Aug2025 20 Aug2025 2Adults £2716 Price held for 30 minutes",obstruction,
st_obstruction7.png,data\synthetic2\obstruction\st_obstruction7.png,Synthetic,Figma,,"Create Account Verify Email “ate aVelour stays account to continue ‘AVelour Stays membership allows us to personalise your experience, store your preferences, and provide ‘exclusive member rates. You're usta few quick steps from your booking. Verify Your Email Address ‘Step 2 of 3— We've sent a 6-digit code to your@emall.com Please check your inbox and enter the verification code below. The code expires in 10 minutes. VERIFICATION CODE e.g. 847 291 Didn't receive the code? Resend code Verify & Continue 3 Complete Profile Your Booking HOTEL ‘The Cavendish Royal Mayfair, London Room Checkin Check-out Guests Total 4 Payment Deluxe Queen Room 15 Aug 2025 20 Aug 2025 2Adults £2716 Price held for 30 minutes",obstruction,
st_obstruction8.png,data\synthetic2\obstruction\st_obstruction8.png,Synthetic,Figma,,"f Emergency Contact Information Last step b CONTACT FULL NAME e.g. Sarah Whitmore CONTACT PHONE NUMBER #44 7800 123456 CONTACT ADDRESS LINE 1 Example Road country United Kir jore payment RELATIONSHIP CONTACT EMAIL ample.com erry Postcope SWIA TAA Complete Verification & Proceed to Payment — Your Booking ° Tue, 12 Aug 2025 o 10:18 s 30 c Economy Passeng 1 Adute Total £486 it Payment locked until all 4 verification steps are completed.",obstruction,
st_obstruction9.png,data\synthetic2\obstruction\st_obstruction9.png,Synthetic,Figma,,"o——_—__-® Identity Verification Phone Verification B Phone Verification (OTP) Requ MOBILE NUMBER +44 o We've sent a 6-digit OTP to your phone number. It expires in 5 minutes. ENTER OTP CODE 4 Emergency Contac! Your Booking o Tue, 12 Aug 2025 o 10:18 s 30 c Economy P 1 Adute Total £486 it Payment locked until all 4 verification steps are completed.",obstruction,
